[
  {
    "project": "activeloopai/Hub",
    "commit": "25751187f23963c3bba63e0b8419e61af4757203",
    "filename": "hub/api/dataset.py",
    "min_patch_found": false,
    "full_warning_msg": "hub/api/dataset.py:169:12 Incompatible parameter type [6]: Expected `str` for 3rd parameter `htype` to call `create_tensor` but got `Optional[str]`.",
    "exception": "PatchSet should only have 1 Patch, but it has 0",
    "dd_fail": true
  },
  {
    "project": "activeloopai/Hub",
    "commit": "25751187f23963c3bba63e0b8419e61af4757203",
    "filename": "hub/api/dataset.py",
    "min_patch_found": false,
    "full_warning_msg": "hub/api/dataset.py:172:12 Incompatible parameter type [6]: Expected `str` for 6th parameter `compression` to call `create_tensor` but got `Optional[str]`.",
    "exception": "PatchSet should only have 1 Patch, but it has 0",
    "dd_fail": true
  },
  {
    "project": "activeloopai/Hub",
    "commit": "25751187f23963c3bba63e0b8419e61af4757203",
    "filename": "hub/core/meta/tensor_meta.py",
    "filename_after_commit": "/home/chowyi/TypeAnnotation_Study/GitHub/activeloopai-Hub/hub/core/meta/tensor_meta.py",
    "file_hunks_size": 1,
    "min_patch_found": true,
    "single_hunk": true,
    "fit_TFix": true,
    "delete_only_patch": false,
    "has_suppression_all_hunks": false,
    "full_warning_msg": "hub/core/meta/tensor_meta.py:145:4 Incompatible return type [7]: Expected `typing.Dict[typing.Any, typing.Any]` but got `typing.Callable(_set_compression)[[Named(htype_overwrite, typing.Dict[typing.Any, typing.Any]), Named(compression, str)], typing.Dict[typing.Any, typing.Any]]`.",
    "message": " Expected `typing.Dict[typing.Any, typing.Any]` but got `typing.Callable(_set_compression)[[Named(htype_overwrite, typing.Dict[typing.Any, typing.Any]), Named(compression, str)], typing.Dict[typing.Any, typing.Any]]`.",
    "rule_id": "Incompatible return type [7]",
    "warning_line_no": 145,
    "warning_line": "    return _set_compression",
    "min_patch": [
      {
        "hunk_fit_TFix": true,
        "inside_window": true,
        "delete_only": false,
        "has_suppression": false,
        "source_code": "    htype_overwrite.update({\"compression\": compression})\n    return _set_compression\n\n",
        "source_code_len": 86,
        "target_code": "    htype_overwrite.update({\"compression\": compression})\n    return htype_overwrite\n\n",
        "target_code_len": 85,
        "diff_format": "@@ -144,3 +144,3 @@\n     htype_overwrite.update({\"compression\": compression})\n-    return _set_compression\n+    return htype_overwrite\n \n",
        "source_code_with_indent": "    <IND>htype_overwrite.update({\"compression\": compression})\n    return _set_compression\n\n",
        "source_code_with_indent_exact_match": true,
        "target_code_with_indent": "    <IND>htype_overwrite.update({\"compression\": compression})\n    return htype_overwrite\n\n",
        "target_code_with_indent_exact_match": true
      }
    ]
  }
]