[
  {
    "project": "amundsen-io/amundsen",
    "commit": "d6951444e4d5b9e9f52db5520986425c310d7db0",
    "filename": "metadata/metadata_service/proxy/aws4authwebsocket/transport.py",
    "min_patch_found": false,
    "full_warning_msg": "metadata/metadata_service/proxy/aws4authwebsocket/transport.py:70:8 Incompatible return type [7]: Expected `Tuple[str, int]` but got `Tuple[Optional[str], int]`.",
    "exception": "[Errno 2] No such file or directory: '/home/chowyi/TypeAnnotation_Study/GitHub/amundsen-io-amundsen/metadata/metadata_service/proxy/aws4authwebsocket/transport.py'",
    "dd_fail": true
  },
  {
    "project": "amundsen-io/amundsen",
    "commit": "d6951444e4d5b9e9f52db5520986425c310d7db0",
    "filename": "metadata/metadata_service/proxy/aws4authwebsocket/transport.py",
    "min_patch_found": false,
    "full_warning_msg": "metadata/metadata_service/proxy/aws4authwebsocket/transport.py:87:8 Incompatible attribute type [8]: Attribute `_url` declared in class `WebsocketClientTransport` has type `str` but is used as type `None`.",
    "exception": "[Errno 2] No such file or directory: '/home/chowyi/TypeAnnotation_Study/GitHub/amundsen-io-amundsen/metadata/metadata_service/proxy/aws4authwebsocket/transport.py'",
    "dd_fail": true
  },
  {
    "project": "amundsen-io/amundsen",
    "commit": "d6951444e4d5b9e9f52db5520986425c310d7db0",
    "filename": "metadata/metadata_service/proxy/aws4authwebsocket/transport.py",
    "min_patch_found": false,
    "full_warning_msg": "metadata/metadata_service/proxy/aws4authwebsocket/transport.py:298:32 Incompatible variable type [9]: headers is declared to have type `Mapping[str, typing.Any]` but is used as type `None`.",
    "exception": "[Errno 2] No such file or directory: '/home/chowyi/TypeAnnotation_Study/GitHub/amundsen-io-amundsen/metadata/metadata_service/proxy/aws4authwebsocket/transport.py'",
    "dd_fail": true
  },
  {
    "project": "amundsen-io/amundsen",
    "commit": "d6951444e4d5b9e9f52db5520986425c310d7db0",
    "filename": "metadata/tests/unit/proxy/abstract_gremlin_proxy_tests.py",
    "min_patch_found": false,
    "full_warning_msg": "metadata/tests/unit/proxy/abstract_gremlin_proxy_tests.py:61:4 Incompatible variable type [9]: the_class is declared to have type `Type[AbstractGremlinProxyTest[]]` but is used as type `Type[AbstractGremlinProxyTest]`.",
    "exception": "[Errno 2] No such file or directory: '/home/chowyi/TypeAnnotation_Study/GitHub/amundsen-io-amundsen/metadata/tests/unit/proxy/abstract_gremlin_proxy_tests.py'",
    "dd_fail": true
  },
  {
    "project": "amundsen-io/amundsen",
    "commit": "d6951444e4d5b9e9f52db5520986425c310d7db0",
    "filename": "metadata/tests/unit/proxy/abstract_proxy_tests.py",
    "min_patch_found": false,
    "full_warning_msg": "metadata/tests/unit/proxy/abstract_proxy_tests.py:48:4 Incompatible variable type [9]: the_class is declared to have type `Type[AbstractProxyTest[]]` but is used as type `Type[AbstractProxyTest]`.",
    "exception": "[Errno 2] No such file or directory: '/home/chowyi/TypeAnnotation_Study/GitHub/amundsen-io-amundsen/metadata/tests/unit/proxy/abstract_proxy_tests.py'",
    "dd_fail": true
  }
]