[
  {
    "project": "automl/Auto-PyTorch",
    "commit": "dce6a5c19f339741c1000fc57927babc1cae3cba",
    "filename": "autoPyTorch/api/base_task.py",
    "filename_after_commit": "/home/chowyi/TypeAnnotation_Study/GitHub/automl-Auto-PyTorch/autoPyTorch/api/base_task.py",
    "file_hunks_size": 5,
    "min_patch_found": true,
    "single_hunk": true,
    "fit_TFix": false,
    "delete_only_patch": false,
    "has_suppression_all_hunks": false,
    "full_warning_msg": "autoPyTorch/api/base_task.py:784:47 Incompatible parameter type [6]: Expected `str` for 1st positional only parameter to call `dict.__getitem__` but got `Optional[str]`.",
    "message": " Expected `str` for 1st positional only parameter to call `dict.__getitem__` but got `Optional[str]`.",
    "rule_id": "Incompatible parameter type [6]",
    "warning_line_no": 784,
    "warning_line": "                task_type=STRING_TO_TASK_TYPES[self.task_type],",
    "min_patch": [
      {
        "hunk_fit_TFix": false,
        "inside_window": false,
        "delete_only": false,
        "has_suppression": false,
        "source_code": "            )\n        self.task_type = task_type\n        self._stopwatch = StopWatch()\n",
        "source_code_len": 87,
        "target_code": "            )\n        self.task_type = task_type or \"\"\n        self._stopwatch = StopWatch()\n",
        "target_code_len": 93,
        "diff_format": "@@ -163,3 +164,3 @@\n             )\n-        self.task_type = task_type\n+        self.task_type = task_type or \"\"\n         self._stopwatch = StopWatch()\n",
        "source_code_with_indent": "            )\n        <DED>self.task_type = task_type\n        self._stopwatch = StopWatch()\n",
        "source_code_with_indent_exact_match": true,
        "target_code_with_indent": "            )\n        <DED>self.task_type = task_type or \"\"\n        self._stopwatch = StopWatch()\n",
        "target_code_with_indent_exact_match": true
      }
    ]
  }
]