[
  {
    "project": "Blazemeter/taurus",
    "commit": "2e69457f2ac9d9c59c3c41a39b72a6ac26a8c331",
    "filename": "bzt/engine.py",
    "filename_after_commit": "/home/chowyi/TypeAnnotation_Study/GitHub/Blazemeter-taurus/bzt/engine.py",
    "file_hunks_size": 1,
    "min_patch_found": false,
    "single_hunk": false,
    "fit_TFix": false,
    "delete_only_patch": false,
    "has_suppression_all_hunks": false,
    "full_warning_msg": "bzt/engine.py:617:25 Incompatible parameter type [6]: Expected `typing.Type[Variable[yaml._T]]` for 1st positional only parameter to call `yaml.add_representer` but got `typing.Tuple[typing.Type[str]]`.",
    "message": " Expected `typing.Type[Variable[yaml._T]]` for 1st positional only parameter to call `yaml.add_representer` but got `typing.Tuple[typing.Type[str]]`.",
    "rule_id": "Incompatible parameter type [6]",
    "warning_line_no": 617,
    "warning_line": "    yaml.add_representer(six.string_types, SafeRepresenter.represent_unicode)"
  }
]