[
  {
    "project": "arundo/tsaug",
    "commit": "38df8237f48c75ee129d6553bfdd60ed773d3578",
    "filename": "src/tsaug/augmentor.py",
    "min_patch_found": false,
    "full_warning_msg": "src/tsaug/augmentor.py:225:8 Incompatible variable type [9]: output_N is declared to have type `Union[Tuple[Optional[int], int], Tuple[int, Optional[int]]]` but is used as type `Tuple[Optional[int], Optional[int]]`.",
    "exception": "[Errno 2] No such file or directory: '/home/chowyi/TypeAnnotation_Study/GitHub/arundo-tsaug/src/tsaug/augmentor.py'",
    "dd_fail": true
  },
  {
    "project": "arundo/tsaug",
    "commit": "38df8237f48c75ee129d6553bfdd60ed773d3578",
    "filename": "src/tsaug/augmentor.py",
    "min_patch_found": false,
    "full_warning_msg": "src/tsaug/augmentor.py:226:13 Unsupported operand [58]: `*` is not supported for operand types `Optional[int]` and `int`.",
    "exception": "[Errno 2] No such file or directory: '/home/chowyi/TypeAnnotation_Study/GitHub/arundo-tsaug/src/tsaug/augmentor.py'",
    "dd_fail": true
  },
  {
    "project": "arundo/tsaug",
    "commit": "38df8237f48c75ee129d6553bfdd60ed773d3578",
    "filename": "src/tsaug/augmentor.py",
    "min_patch_found": false,
    "full_warning_msg": "src/tsaug/augmentor.py:228:24 Unsupported operand [58]: `*` is not supported for operand types `Optional[int]` and `int`.",
    "exception": "[Errno 2] No such file or directory: '/home/chowyi/TypeAnnotation_Study/GitHub/arundo-tsaug/src/tsaug/augmentor.py'",
    "dd_fail": true
  },
  {
    "project": "arundo/tsaug",
    "commit": "38df8237f48c75ee129d6553bfdd60ed773d3578",
    "filename": "src/tsaug/crop.py",
    "min_patch_found": false,
    "full_warning_msg": "src/tsaug/crop.py:257:13 Unsupported operand [58]: `*` is not supported for operand types `Optional[int]` and `int`.",
    "exception": "[Errno 2] No such file or directory: '/home/chowyi/TypeAnnotation_Study/GitHub/arundo-tsaug/src/tsaug/crop.py'",
    "dd_fail": true
  },
  {
    "project": "arundo/tsaug",
    "commit": "38df8237f48c75ee129d6553bfdd60ed773d3578",
    "filename": "src/tsaug/crop.py",
    "min_patch_found": false,
    "full_warning_msg": "src/tsaug/crop.py:259:24 Unsupported operand [58]: `*` is not supported for operand types `Optional[int]` and `int`.",
    "exception": "[Errno 2] No such file or directory: '/home/chowyi/TypeAnnotation_Study/GitHub/arundo-tsaug/src/tsaug/crop.py'",
    "dd_fail": true
  },
  {
    "project": "arundo/tsaug",
    "commit": "38df8237f48c75ee129d6553bfdd60ed773d3578",
    "filename": "src/tsaug/crop.py",
    "min_patch_found": false,
    "full_warning_msg": "src/tsaug/crop.py:354:8 Incompatible variable type [9]: output_N is declared to have type `Union[Tuple[Optional[int], int], Tuple[int, Optional[int]]]` but is used as type `Tuple[Optional[int], Optional[int]]`.",
    "exception": "[Errno 2] No such file or directory: '/home/chowyi/TypeAnnotation_Study/GitHub/arundo-tsaug/src/tsaug/crop.py'",
    "dd_fail": true
  },
  {
    "project": "arundo/tsaug",
    "commit": "38df8237f48c75ee129d6553bfdd60ed773d3578",
    "filename": "src/tsaug/crop.py",
    "min_patch_found": false,
    "full_warning_msg": "src/tsaug/crop.py:355:13 Unsupported operand [58]: `*` is not supported for operand types `Optional[int]` and `int`.",
    "exception": "[Errno 2] No such file or directory: '/home/chowyi/TypeAnnotation_Study/GitHub/arundo-tsaug/src/tsaug/crop.py'",
    "dd_fail": true
  },
  {
    "project": "arundo/tsaug",
    "commit": "38df8237f48c75ee129d6553bfdd60ed773d3578",
    "filename": "src/tsaug/crop.py",
    "min_patch_found": false,
    "full_warning_msg": "src/tsaug/crop.py:357:24 Unsupported operand [58]: `*` is not supported for operand types `Optional[int]` and `int`.",
    "exception": "[Errno 2] No such file or directory: '/home/chowyi/TypeAnnotation_Study/GitHub/arundo-tsaug/src/tsaug/crop.py'",
    "dd_fail": true
  },
  {
    "project": "arundo/tsaug",
    "commit": "38df8237f48c75ee129d6553bfdd60ed773d3578",
    "filename": "src/tsaug/jitter.py",
    "min_patch_found": false,
    "full_warning_msg": "src/tsaug/jitter.py:60:12 Unsupported operand [58]: `*` is not supported for operand types `Optional[float]` and `typing.Any`.",
    "exception": "[Errno 2] No such file or directory: '/home/chowyi/TypeAnnotation_Study/GitHub/arundo-tsaug/src/tsaug/jitter.py'",
    "dd_fail": true
  },
  {
    "project": "arundo/tsaug",
    "commit": "38df8237f48c75ee129d6553bfdd60ed773d3578",
    "filename": "src/tsaug/resample.py",
    "min_patch_found": false,
    "full_warning_msg": "src/tsaug/resample.py:144:8 Incompatible variable type [9]: output_N is declared to have type `Union[Tuple[Optional[int], int], Tuple[int, Optional[int]]]` but is used as type `Tuple[Optional[int], Optional[int]]`.",
    "exception": "[Errno 2] No such file or directory: '/home/chowyi/TypeAnnotation_Study/GitHub/arundo-tsaug/src/tsaug/resample.py'",
    "dd_fail": true
  },
  {
    "project": "arundo/tsaug",
    "commit": "38df8237f48c75ee129d6553bfdd60ed773d3578",
    "filename": "src/tsaug/resample.py",
    "min_patch_found": false,
    "full_warning_msg": "src/tsaug/resample.py:145:13 Unsupported operand [58]: `*` is not supported for operand types `Optional[int]` and `int`.",
    "exception": "[Errno 2] No such file or directory: '/home/chowyi/TypeAnnotation_Study/GitHub/arundo-tsaug/src/tsaug/resample.py'",
    "dd_fail": true
  },
  {
    "project": "arundo/tsaug",
    "commit": "38df8237f48c75ee129d6553bfdd60ed773d3578",
    "filename": "src/tsaug/resample.py",
    "min_patch_found": false,
    "full_warning_msg": "src/tsaug/resample.py:147:24 Unsupported operand [58]: `*` is not supported for operand types `Optional[int]` and `int`.",
    "exception": "[Errno 2] No such file or directory: '/home/chowyi/TypeAnnotation_Study/GitHub/arundo-tsaug/src/tsaug/resample.py'",
    "dd_fail": true
  }
]