[
  {
    "project": "alan-turing-institute/sktime",
    "commit": "dbddb8c176db6daa4b926e270d5533426286a295",
    "filename": "sktime/contrib/dictionary_based/bop.py",
    "min_patch_found": false,
    "full_warning_msg": "sktime/contrib/dictionary_based/bop.py:73:12 Unbound name [10]: Name `bop_pipeline` is used but not defined in the current scope.",
    "exception": "[Errno 2] No such file or directory: '/home/chowyi/TypeAnnotation_Study/GitHub/alan-turing-institute-sktime/sktime/contrib/dictionary_based/bop.py'",
    "dd_fail": true
  }
]