[
  {
    "project": "alberanid/imdbpy",
    "commit": "0613c1688a55235ac6d5f7de40a9f1fce5ac96b2",
    "filename": "imdb/parser/http/utils.py",
    "min_patch_found": false,
    "full_warning_msg": "imdb/parser/http/utils.py:125:48 Incompatible parameter type [6]: Expected `typing.Callable[[Variable[_T1]], Variable[_S]]` for 1st positional only parameter to call `map.__init__` but got `typing.Callable(re.escape)[[Named(pattern, Variable[typing.AnyStr <: [str, bytes]])], Variable[typing.AnyStr <: [str, bytes]]]`.",
    "exception": "too many values to unpack (expected 2)",
    "dd_fail": true
  }
]