[
  {
    "project": "bentoml/BentoML",
    "commit": "61805554540aadfe3ba3ff7f9f8edb586699c4a9",
    "filename": "bentoml/proto/deployment_pb2.pyi",
    "min_patch_found": false,
    "full_warning_msg": "bentoml/proto/deployment_pb2.pyi:82:12 Inconsistent override [14]: `bentoml.proto.deployment_pb2.DeploymentSpec.CustomOperatorConfig.ConfigEntry.FromString` overrides method defined in `google___protobuf___message___Message` inconsistently. Parameter of type `bytes` is not a supertype of the overridden parameter `typing.ByteString`.",
    "exception": "[Errno 2] No such file or directory: '/home/chowyi/TypeAnnotation_Study/GitHub/bentoml-BentoML/bentoml/proto/deployment_pb2.pyi'",
    "dd_fail": true
  },
  {
    "project": "bentoml/BentoML",
    "commit": "61805554540aadfe3ba3ff7f9f8edb586699c4a9",
    "filename": "bentoml/proto/deployment_pb2.pyi",
    "min_patch_found": false,
    "full_warning_msg": "bentoml/proto/deployment_pb2.pyi:103:8 Inconsistent override [14]: `bentoml.proto.deployment_pb2.DeploymentSpec.CustomOperatorConfig.FromString` overrides method defined in `google___protobuf___message___Message` inconsistently. Parameter of type `bytes` is not a supertype of the overridden parameter `typing.ByteString`.",
    "exception": "[Errno 2] No such file or directory: '/home/chowyi/TypeAnnotation_Study/GitHub/bentoml-BentoML/bentoml/proto/deployment_pb2.pyi'",
    "dd_fail": true
  },
  {
    "project": "bentoml/BentoML",
    "commit": "61805554540aadfe3ba3ff7f9f8edb586699c4a9",
    "filename": "bentoml/proto/deployment_pb2.pyi",
    "min_patch_found": false,
    "full_warning_msg": "bentoml/proto/deployment_pb2.pyi:126:8 Inconsistent override [14]: `bentoml.proto.deployment_pb2.DeploymentSpec.SageMakerOperatorConfig.FromString` overrides method defined in `google___protobuf___message___Message` inconsistently. Parameter of type `bytes` is not a supertype of the overridden parameter `typing.ByteString`.",
    "exception": "[Errno 2] No such file or directory: '/home/chowyi/TypeAnnotation_Study/GitHub/bentoml-BentoML/bentoml/proto/deployment_pb2.pyi'",
    "dd_fail": true
  },
  {
    "project": "bentoml/BentoML",
    "commit": "61805554540aadfe3ba3ff7f9f8edb586699c4a9",
    "filename": "bentoml/proto/deployment_pb2.pyi",
    "min_patch_found": false,
    "full_warning_msg": "bentoml/proto/deployment_pb2.pyi:145:8 Inconsistent override [14]: `bentoml.proto.deployment_pb2.DeploymentSpec.AwsLambdaOperatorConfig.FromString` overrides method defined in `google___protobuf___message___Message` inconsistently. Parameter of type `bytes` is not a supertype of the overridden parameter `typing.ByteString`.",
    "exception": "[Errno 2] No such file or directory: '/home/chowyi/TypeAnnotation_Study/GitHub/bentoml-BentoML/bentoml/proto/deployment_pb2.pyi'",
    "dd_fail": true
  },
  {
    "project": "bentoml/BentoML",
    "commit": "61805554540aadfe3ba3ff7f9f8edb586699c4a9",
    "filename": "bentoml/proto/deployment_pb2.pyi",
    "min_patch_found": false,
    "full_warning_msg": "bentoml/proto/deployment_pb2.pyi:164:8 Inconsistent override [14]: `bentoml.proto.deployment_pb2.DeploymentSpec.GcpFunctionOperatorConfig.FromString` overrides method defined in `google___protobuf___message___Message` inconsistently. Parameter of type `bytes` is not a supertype of the overridden parameter `typing.ByteString`.",
    "exception": "[Errno 2] No such file or directory: '/home/chowyi/TypeAnnotation_Study/GitHub/bentoml-BentoML/bentoml/proto/deployment_pb2.pyi'",
    "dd_fail": true
  },
  {
    "project": "bentoml/BentoML",
    "commit": "61805554540aadfe3ba3ff7f9f8edb586699c4a9",
    "filename": "bentoml/proto/deployment_pb2.pyi",
    "min_patch_found": false,
    "full_warning_msg": "bentoml/proto/deployment_pb2.pyi:187:8 Inconsistent override [14]: `bentoml.proto.deployment_pb2.DeploymentSpec.KubernetesOperatorConfig.FromString` overrides method defined in `google___protobuf___message___Message` inconsistently. Parameter of type `bytes` is not a supertype of the overridden parameter `typing.ByteString`.",
    "exception": "[Errno 2] No such file or directory: '/home/chowyi/TypeAnnotation_Study/GitHub/bentoml-BentoML/bentoml/proto/deployment_pb2.pyi'",
    "dd_fail": true
  },
  {
    "project": "bentoml/BentoML",
    "commit": "61805554540aadfe3ba3ff7f9f8edb586699c4a9",
    "filename": "bentoml/proto/deployment_pb2.pyi",
    "min_patch_found": false,
    "full_warning_msg": "bentoml/proto/deployment_pb2.pyi:226:4 Inconsistent override [14]: `bentoml.proto.deployment_pb2.DeploymentSpec.FromString` overrides method defined in `google___protobuf___message___Message` inconsistently. Parameter of type `bytes` is not a supertype of the overridden parameter `typing.ByteString`.",
    "exception": "[Errno 2] No such file or directory: '/home/chowyi/TypeAnnotation_Study/GitHub/bentoml-BentoML/bentoml/proto/deployment_pb2.pyi'",
    "dd_fail": true
  },
  {
    "project": "bentoml/BentoML",
    "commit": "61805554540aadfe3ba3ff7f9f8edb586699c4a9",
    "filename": "bentoml/proto/deployment_pb2.pyi",
    "min_patch_found": false,
    "full_warning_msg": "bentoml/proto/deployment_pb2.pyi:281:4 Inconsistent override [14]: `bentoml.proto.deployment_pb2.DeploymentState.FromString` overrides method defined in `google___protobuf___message___Message` inconsistently. Parameter of type `bytes` is not a supertype of the overridden parameter `typing.ByteString`.",
    "exception": "[Errno 2] No such file or directory: '/home/chowyi/TypeAnnotation_Study/GitHub/bentoml-BentoML/bentoml/proto/deployment_pb2.pyi'",
    "dd_fail": true
  },
  {
    "project": "bentoml/BentoML",
    "commit": "61805554540aadfe3ba3ff7f9f8edb586699c4a9",
    "filename": "bentoml/proto/deployment_pb2.pyi",
    "min_patch_found": false,
    "full_warning_msg": "bentoml/proto/deployment_pb2.pyi:302:8 Inconsistent override [14]: `bentoml.proto.deployment_pb2.Deployment.AnnotationsEntry.FromString` overrides method defined in `google___protobuf___message___Message` inconsistently. Parameter of type `bytes` is not a supertype of the overridden parameter `typing.ByteString`.",
    "exception": "[Errno 2] No such file or directory: '/home/chowyi/TypeAnnotation_Study/GitHub/bentoml-BentoML/bentoml/proto/deployment_pb2.pyi'",
    "dd_fail": true
  },
  {
    "project": "bentoml/BentoML",
    "commit": "61805554540aadfe3ba3ff7f9f8edb586699c4a9",
    "filename": "bentoml/proto/deployment_pb2.pyi",
    "min_patch_found": false,
    "full_warning_msg": "bentoml/proto/deployment_pb2.pyi:321:8 Inconsistent override [14]: `bentoml.proto.deployment_pb2.Deployment.LabelsEntry.FromString` overrides method defined in `google___protobuf___message___Message` inconsistently. Parameter of type `bytes` is not a supertype of the overridden parameter `typing.ByteString`.",
    "exception": "[Errno 2] No such file or directory: '/home/chowyi/TypeAnnotation_Study/GitHub/bentoml-BentoML/bentoml/proto/deployment_pb2.pyi'",
    "dd_fail": true
  },
  {
    "project": "bentoml/BentoML",
    "commit": "61805554540aadfe3ba3ff7f9f8edb586699c4a9",
    "filename": "bentoml/proto/deployment_pb2.pyi",
    "min_patch_found": false,
    "full_warning_msg": "bentoml/proto/deployment_pb2.pyi:354:4 Inconsistent override [14]: `bentoml.proto.deployment_pb2.Deployment.FromString` overrides method defined in `google___protobuf___message___Message` inconsistently. Parameter of type `bytes` is not a supertype of the overridden parameter `typing.ByteString`.",
    "exception": "[Errno 2] No such file or directory: '/home/chowyi/TypeAnnotation_Study/GitHub/bentoml-BentoML/bentoml/proto/deployment_pb2.pyi'",
    "dd_fail": true
  },
  {
    "project": "bentoml/BentoML",
    "commit": "61805554540aadfe3ba3ff7f9f8edb586699c4a9",
    "filename": "bentoml/proto/deployment_pb2.pyi",
    "min_patch_found": false,
    "full_warning_msg": "bentoml/proto/deployment_pb2.pyi:375:4 Inconsistent override [14]: `bentoml.proto.deployment_pb2.DeploymentStatus.FromString` overrides method defined in `google___protobuf___message___Message` inconsistently. Parameter of type `bytes` is not a supertype of the overridden parameter `typing.ByteString`.",
    "exception": "[Errno 2] No such file or directory: '/home/chowyi/TypeAnnotation_Study/GitHub/bentoml-BentoML/bentoml/proto/deployment_pb2.pyi'",
    "dd_fail": true
  },
  {
    "project": "bentoml/BentoML",
    "commit": "61805554540aadfe3ba3ff7f9f8edb586699c4a9",
    "filename": "bentoml/proto/deployment_pb2.pyi",
    "min_patch_found": false,
    "full_warning_msg": "bentoml/proto/deployment_pb2.pyi:396:4 Inconsistent override [14]: `bentoml.proto.deployment_pb2.ApplyDeploymentRequest.FromString` overrides method defined in `google___protobuf___message___Message` inconsistently. Parameter of type `bytes` is not a supertype of the overridden parameter `typing.ByteString`.",
    "exception": "[Errno 2] No such file or directory: '/home/chowyi/TypeAnnotation_Study/GitHub/bentoml-BentoML/bentoml/proto/deployment_pb2.pyi'",
    "dd_fail": true
  },
  {
    "project": "bentoml/BentoML",
    "commit": "61805554540aadfe3ba3ff7f9f8edb586699c4a9",
    "filename": "bentoml/proto/deployment_pb2.pyi",
    "min_patch_found": false,
    "full_warning_msg": "bentoml/proto/deployment_pb2.pyi:415:4 Inconsistent override [14]: `bentoml.proto.deployment_pb2.DeleteDeploymentRequest.FromString` overrides method defined in `google___protobuf___message___Message` inconsistently. Parameter of type `bytes` is not a supertype of the overridden parameter `typing.ByteString`.",
    "exception": "[Errno 2] No such file or directory: '/home/chowyi/TypeAnnotation_Study/GitHub/bentoml-BentoML/bentoml/proto/deployment_pb2.pyi'",
    "dd_fail": true
  },
  {
    "project": "bentoml/BentoML",
    "commit": "61805554540aadfe3ba3ff7f9f8edb586699c4a9",
    "filename": "bentoml/proto/deployment_pb2.pyi",
    "min_patch_found": false,
    "full_warning_msg": "bentoml/proto/deployment_pb2.pyi:432:4 Inconsistent override [14]: `bentoml.proto.deployment_pb2.GetDeploymentRequest.FromString` overrides method defined in `google___protobuf___message___Message` inconsistently. Parameter of type `bytes` is not a supertype of the overridden parameter `typing.ByteString`.",
    "exception": "[Errno 2] No such file or directory: '/home/chowyi/TypeAnnotation_Study/GitHub/bentoml-BentoML/bentoml/proto/deployment_pb2.pyi'",
    "dd_fail": true
  },
  {
    "project": "bentoml/BentoML",
    "commit": "61805554540aadfe3ba3ff7f9f8edb586699c4a9",
    "filename": "bentoml/proto/deployment_pb2.pyi",
    "min_patch_found": false,
    "full_warning_msg": "bentoml/proto/deployment_pb2.pyi:449:4 Inconsistent override [14]: `bentoml.proto.deployment_pb2.DescribeDeploymentRequest.FromString` overrides method defined in `google___protobuf___message___Message` inconsistently. Parameter of type `bytes` is not a supertype of the overridden parameter `typing.ByteString`.",
    "exception": "[Errno 2] No such file or directory: '/home/chowyi/TypeAnnotation_Study/GitHub/bentoml-BentoML/bentoml/proto/deployment_pb2.pyi'",
    "dd_fail": true
  },
  {
    "project": "bentoml/BentoML",
    "commit": "61805554540aadfe3ba3ff7f9f8edb586699c4a9",
    "filename": "bentoml/proto/deployment_pb2.pyi",
    "min_patch_found": false,
    "full_warning_msg": "bentoml/proto/deployment_pb2.pyi:470:8 Inconsistent override [14]: `bentoml.proto.deployment_pb2.ListDeploymentsRequest.LabelsEntry.FromString` overrides method defined in `google___protobuf___message___Message` inconsistently. Parameter of type `bytes` is not a supertype of the overridden parameter `typing.ByteString`.",
    "exception": "[Errno 2] No such file or directory: '/home/chowyi/TypeAnnotation_Study/GitHub/bentoml-BentoML/bentoml/proto/deployment_pb2.pyi'",
    "dd_fail": true
  },
  {
    "project": "bentoml/BentoML",
    "commit": "61805554540aadfe3ba3ff7f9f8edb586699c4a9",
    "filename": "bentoml/proto/deployment_pb2.pyi",
    "min_patch_found": false,
    "full_warning_msg": "bentoml/proto/deployment_pb2.pyi:493:4 Inconsistent override [14]: `bentoml.proto.deployment_pb2.ListDeploymentsRequest.FromString` overrides method defined in `google___protobuf___message___Message` inconsistently. Parameter of type `bytes` is not a supertype of the overridden parameter `typing.ByteString`.",
    "exception": "[Errno 2] No such file or directory: '/home/chowyi/TypeAnnotation_Study/GitHub/bentoml-BentoML/bentoml/proto/deployment_pb2.pyi'",
    "dd_fail": true
  },
  {
    "project": "bentoml/BentoML",
    "commit": "61805554540aadfe3ba3ff7f9f8edb586699c4a9",
    "filename": "bentoml/proto/deployment_pb2.pyi",
    "min_patch_found": false,
    "full_warning_msg": "bentoml/proto/deployment_pb2.pyi:516:4 Inconsistent override [14]: `bentoml.proto.deployment_pb2.ApplyDeploymentResponse.FromString` overrides method defined in `google___protobuf___message___Message` inconsistently. Parameter of type `bytes` is not a supertype of the overridden parameter `typing.ByteString`.",
    "exception": "[Errno 2] No such file or directory: '/home/chowyi/TypeAnnotation_Study/GitHub/bentoml-BentoML/bentoml/proto/deployment_pb2.pyi'",
    "dd_fail": true
  },
  {
    "project": "bentoml/BentoML",
    "commit": "61805554540aadfe3ba3ff7f9f8edb586699c4a9",
    "filename": "bentoml/proto/deployment_pb2.pyi",
    "min_patch_found": false,
    "full_warning_msg": "bentoml/proto/deployment_pb2.pyi:537:4 Inconsistent override [14]: `bentoml.proto.deployment_pb2.DeleteDeploymentResponse.FromString` overrides method defined in `google___protobuf___message___Message` inconsistently. Parameter of type `bytes` is not a supertype of the overridden parameter `typing.ByteString`.",
    "exception": "[Errno 2] No such file or directory: '/home/chowyi/TypeAnnotation_Study/GitHub/bentoml-BentoML/bentoml/proto/deployment_pb2.pyi'",
    "dd_fail": true
  },
  {
    "project": "bentoml/BentoML",
    "commit": "61805554540aadfe3ba3ff7f9f8edb586699c4a9",
    "filename": "bentoml/proto/deployment_pb2.pyi",
    "min_patch_found": false,
    "full_warning_msg": "bentoml/proto/deployment_pb2.pyi:562:4 Inconsistent override [14]: `bentoml.proto.deployment_pb2.GetDeploymentResponse.FromString` overrides method defined in `google___protobuf___message___Message` inconsistently. Parameter of type `bytes` is not a supertype of the overridden parameter `typing.ByteString`.",
    "exception": "[Errno 2] No such file or directory: '/home/chowyi/TypeAnnotation_Study/GitHub/bentoml-BentoML/bentoml/proto/deployment_pb2.pyi'",
    "dd_fail": true
  },
  {
    "project": "bentoml/BentoML",
    "commit": "61805554540aadfe3ba3ff7f9f8edb586699c4a9",
    "filename": "bentoml/proto/deployment_pb2.pyi",
    "min_patch_found": false,
    "full_warning_msg": "bentoml/proto/deployment_pb2.pyi:587:4 Inconsistent override [14]: `bentoml.proto.deployment_pb2.DescribeDeploymentResponse.FromString` overrides method defined in `google___protobuf___message___Message` inconsistently. Parameter of type `bytes` is not a supertype of the overridden parameter `typing.ByteString`.",
    "exception": "[Errno 2] No such file or directory: '/home/chowyi/TypeAnnotation_Study/GitHub/bentoml-BentoML/bentoml/proto/deployment_pb2.pyi'",
    "dd_fail": true
  },
  {
    "project": "bentoml/BentoML",
    "commit": "61805554540aadfe3ba3ff7f9f8edb586699c4a9",
    "filename": "bentoml/proto/deployment_pb2.pyi",
    "min_patch_found": false,
    "full_warning_msg": "bentoml/proto/deployment_pb2.pyi:612:4 Inconsistent override [14]: `bentoml.proto.deployment_pb2.ListDeploymentsResponse.FromString` overrides method defined in `google___protobuf___message___Message` inconsistently. Parameter of type `bytes` is not a supertype of the overridden parameter `typing.ByteString`.",
    "exception": "[Errno 2] No such file or directory: '/home/chowyi/TypeAnnotation_Study/GitHub/bentoml-BentoML/bentoml/proto/deployment_pb2.pyi'",
    "dd_fail": true
  },
  {
    "project": "bentoml/BentoML",
    "commit": "61805554540aadfe3ba3ff7f9f8edb586699c4a9",
    "filename": "bentoml/proto/repository_pb2.pyi",
    "min_patch_found": false,
    "full_warning_msg": "bentoml/proto/repository_pb2.pyi:70:4 Inconsistent override [14]: `bentoml.proto.repository_pb2.BentoUri.FromString` overrides method defined in `google___protobuf___message___Message` inconsistently. Parameter of type `bytes` is not a supertype of the overridden parameter `typing.ByteString`.",
    "exception": "[Errno 2] No such file or directory: '/home/chowyi/TypeAnnotation_Study/GitHub/bentoml-BentoML/bentoml/proto/repository_pb2.pyi'",
    "dd_fail": true
  },
  {
    "project": "bentoml/BentoML",
    "commit": "61805554540aadfe3ba3ff7f9f8edb586699c4a9",
    "filename": "bentoml/proto/repository_pb2.pyi",
    "min_patch_found": false,
    "full_warning_msg": "bentoml/proto/repository_pb2.pyi:93:8 Inconsistent override [14]: `bentoml.proto.repository_pb2.BentoMetadata.BentoServiceEnv.FromString` overrides method defined in `google___protobuf___message___Message` inconsistently. Parameter of type `bytes` is not a supertype of the overridden parameter `typing.ByteString`.",
    "exception": "[Errno 2] No such file or directory: '/home/chowyi/TypeAnnotation_Study/GitHub/bentoml-BentoML/bentoml/proto/repository_pb2.pyi'",
    "dd_fail": true
  },
  {
    "project": "bentoml/BentoML",
    "commit": "61805554540aadfe3ba3ff7f9f8edb586699c4a9",
    "filename": "bentoml/proto/repository_pb2.pyi",
    "min_patch_found": false,
    "full_warning_msg": "bentoml/proto/repository_pb2.pyi:112:8 Inconsistent override [14]: `bentoml.proto.repository_pb2.BentoMetadata.BentoArtifact.FromString` overrides method defined in `google___protobuf___message___Message` inconsistently. Parameter of type `bytes` is not a supertype of the overridden parameter `typing.ByteString`.",
    "exception": "[Errno 2] No such file or directory: '/home/chowyi/TypeAnnotation_Study/GitHub/bentoml-BentoML/bentoml/proto/repository_pb2.pyi'",
    "dd_fail": true
  },
  {
    "project": "bentoml/BentoML",
    "commit": "61805554540aadfe3ba3ff7f9f8edb586699c4a9",
    "filename": "bentoml/proto/repository_pb2.pyi",
    "min_patch_found": false,
    "full_warning_msg": "bentoml/proto/repository_pb2.pyi:133:8 Inconsistent override [14]: `bentoml.proto.repository_pb2.BentoMetadata.BentoServiceApi.FromString` overrides method defined in `google___protobuf___message___Message` inconsistently. Parameter of type `bytes` is not a supertype of the overridden parameter `typing.ByteString`.",
    "exception": "[Errno 2] No such file or directory: '/home/chowyi/TypeAnnotation_Study/GitHub/bentoml-BentoML/bentoml/proto/repository_pb2.pyi'",
    "dd_fail": true
  },
  {
    "project": "bentoml/BentoML",
    "commit": "61805554540aadfe3ba3ff7f9f8edb586699c4a9",
    "filename": "bentoml/proto/repository_pb2.pyi",
    "min_patch_found": false,
    "full_warning_msg": "bentoml/proto/repository_pb2.pyi:168:4 Inconsistent override [14]: `bentoml.proto.repository_pb2.BentoMetadata.FromString` overrides method defined in `google___protobuf___message___Message` inconsistently. Parameter of type `bytes` is not a supertype of the overridden parameter `typing.ByteString`.",
    "exception": "[Errno 2] No such file or directory: '/home/chowyi/TypeAnnotation_Study/GitHub/bentoml-BentoML/bentoml/proto/repository_pb2.pyi'",
    "dd_fail": true
  },
  {
    "project": "bentoml/BentoML",
    "commit": "61805554540aadfe3ba3ff7f9f8edb586699c4a9",
    "filename": "bentoml/proto/repository_pb2.pyi",
    "min_patch_found": false,
    "full_warning_msg": "bentoml/proto/repository_pb2.pyi:189:4 Inconsistent override [14]: `bentoml.proto.repository_pb2.RemoveBentoRequest.FromString` overrides method defined in `google___protobuf___message___Message` inconsistently. Parameter of type `bytes` is not a supertype of the overridden parameter `typing.ByteString`.",
    "exception": "[Errno 2] No such file or directory: '/home/chowyi/TypeAnnotation_Study/GitHub/bentoml-BentoML/bentoml/proto/repository_pb2.pyi'",
    "dd_fail": true
  },
  {
    "project": "bentoml/BentoML",
    "commit": "61805554540aadfe3ba3ff7f9f8edb586699c4a9",
    "filename": "bentoml/proto/repository_pb2.pyi",
    "min_patch_found": false,
    "full_warning_msg": "bentoml/proto/repository_pb2.pyi:208:4 Inconsistent override [14]: `bentoml.proto.repository_pb2.GetBentoRequest.FromString` overrides method defined in `google___protobuf___message___Message` inconsistently. Parameter of type `bytes` is not a supertype of the overridden parameter `typing.ByteString`.",
    "exception": "[Errno 2] No such file or directory: '/home/chowyi/TypeAnnotation_Study/GitHub/bentoml-BentoML/bentoml/proto/repository_pb2.pyi'",
    "dd_fail": true
  },
  {
    "project": "bentoml/BentoML",
    "commit": "61805554540aadfe3ba3ff7f9f8edb586699c4a9",
    "filename": "bentoml/proto/repository_pb2.pyi",
    "min_patch_found": false,
    "full_warning_msg": "bentoml/proto/repository_pb2.pyi:229:4 Inconsistent override [14]: `bentoml.proto.repository_pb2.ListBentoRequest.FromString` overrides method defined in `google___protobuf___message___Message` inconsistently. Parameter of type `bytes` is not a supertype of the overridden parameter `typing.ByteString`.",
    "exception": "[Errno 2] No such file or directory: '/home/chowyi/TypeAnnotation_Study/GitHub/bentoml-BentoML/bentoml/proto/repository_pb2.pyi'",
    "dd_fail": true
  },
  {
    "project": "bentoml/BentoML",
    "commit": "61805554540aadfe3ba3ff7f9f8edb586699c4a9",
    "filename": "bentoml/proto/repository_pb2.pyi",
    "min_patch_found": false,
    "full_warning_msg": "bentoml/proto/repository_pb2.pyi:252:4 Inconsistent override [14]: `bentoml.proto.repository_pb2.AddBentoResponse.FromString` overrides method defined in `google___protobuf___message___Message` inconsistently. Parameter of type `bytes` is not a supertype of the overridden parameter `typing.ByteString`.",
    "exception": "[Errno 2] No such file or directory: '/home/chowyi/TypeAnnotation_Study/GitHub/bentoml-BentoML/bentoml/proto/repository_pb2.pyi'",
    "dd_fail": true
  },
  {
    "project": "bentoml/BentoML",
    "commit": "61805554540aadfe3ba3ff7f9f8edb586699c4a9",
    "filename": "bentoml/proto/repository_pb2.pyi",
    "min_patch_found": false,
    "full_warning_msg": "bentoml/proto/repository_pb2.pyi:277:4 Inconsistent override [14]: `bentoml.proto.repository_pb2.RemoveBentoResponse.FromString` overrides method defined in `google___protobuf___message___Message` inconsistently. Parameter of type `bytes` is not a supertype of the overridden parameter `typing.ByteString`.",
    "exception": "[Errno 2] No such file or directory: '/home/chowyi/TypeAnnotation_Study/GitHub/bentoml-BentoML/bentoml/proto/repository_pb2.pyi'",
    "dd_fail": true
  },
  {
    "project": "bentoml/BentoML",
    "commit": "61805554540aadfe3ba3ff7f9f8edb586699c4a9",
    "filename": "bentoml/proto/repository_pb2.pyi",
    "min_patch_found": false,
    "full_warning_msg": "bentoml/proto/repository_pb2.pyi:302:4 Inconsistent override [14]: `bentoml.proto.repository_pb2.GetBentoResponse.FromString` overrides method defined in `google___protobuf___message___Message` inconsistently. Parameter of type `bytes` is not a supertype of the overridden parameter `typing.ByteString`.",
    "exception": "[Errno 2] No such file or directory: '/home/chowyi/TypeAnnotation_Study/GitHub/bentoml-BentoML/bentoml/proto/repository_pb2.pyi'",
    "dd_fail": true
  },
  {
    "project": "bentoml/BentoML",
    "commit": "61805554540aadfe3ba3ff7f9f8edb586699c4a9",
    "filename": "bentoml/proto/repository_pb2.pyi",
    "min_patch_found": false,
    "full_warning_msg": "bentoml/proto/repository_pb2.pyi:327:4 Inconsistent override [14]: `bentoml.proto.repository_pb2.ListBentoResponse.FromString` overrides method defined in `google___protobuf___message___Message` inconsistently. Parameter of type `bytes` is not a supertype of the overridden parameter `typing.ByteString`.",
    "exception": "[Errno 2] No such file or directory: '/home/chowyi/TypeAnnotation_Study/GitHub/bentoml-BentoML/bentoml/proto/repository_pb2.pyi'",
    "dd_fail": true
  },
  {
    "project": "bentoml/BentoML",
    "commit": "61805554540aadfe3ba3ff7f9f8edb586699c4a9",
    "filename": "bentoml/proto/status_pb2.pyi",
    "min_patch_found": false,
    "full_warning_msg": "bentoml/proto/status_pb2.pyi:85:4 Inconsistent override [14]: `bentoml.proto.status_pb2.Status.FromString` overrides method defined in `google___protobuf___message___Message` inconsistently. Parameter of type `bytes` is not a supertype of the overridden parameter `typing.ByteString`.",
    "exception": "[Errno 2] No such file or directory: '/home/chowyi/TypeAnnotation_Study/GitHub/bentoml-BentoML/bentoml/proto/status_pb2.pyi'",
    "dd_fail": true
  },
  {
    "project": "bentoml/BentoML",
    "commit": "61805554540aadfe3ba3ff7f9f8edb586699c4a9",
    "filename": "bentoml/proto/yatai_service_pb2.pyi",
    "min_patch_found": false,
    "full_warning_msg": "bentoml/proto/yatai_service_pb2.pyi:36:4 Inconsistent override [14]: `bentoml.proto.yatai_service_pb2.HealthCheckResponse.FromString` overrides method defined in `google___protobuf___message___Message` inconsistently. Parameter of type `bytes` is not a supertype of the overridden parameter `typing.ByteString`.",
    "exception": "[Errno 2] No such file or directory: '/home/chowyi/TypeAnnotation_Study/GitHub/bentoml-BentoML/bentoml/proto/yatai_service_pb2.pyi'",
    "dd_fail": true
  },
  {
    "project": "bentoml/BentoML",
    "commit": "61805554540aadfe3ba3ff7f9f8edb586699c4a9",
    "filename": "bentoml/proto/yatai_service_pb2.pyi",
    "min_patch_found": false,
    "full_warning_msg": "bentoml/proto/yatai_service_pb2.pyi:55:4 Inconsistent override [14]: `bentoml.proto.yatai_service_pb2.GetYataiServiceVersionResponse.FromString` overrides method defined in `google___protobuf___message___Message` inconsistently. Parameter of type `bytes` is not a supertype of the overridden parameter `typing.ByteString`.",
    "exception": "[Errno 2] No such file or directory: '/home/chowyi/TypeAnnotation_Study/GitHub/bentoml-BentoML/bentoml/proto/yatai_service_pb2.pyi'",
    "dd_fail": true
  },
  {
    "project": "bentoml/BentoML",
    "commit": "61805554540aadfe3ba3ff7f9f8edb586699c4a9",
    "filename": "bentoml/proto/yatai_service_pb2.pyi",
    "min_patch_found": false,
    "full_warning_msg": "bentoml/proto/yatai_service_pb2.pyi:72:4 Inconsistent override [14]: `bentoml.proto.yatai_service_pb2.Chunk.FromString` overrides method defined in `google___protobuf___message___Message` inconsistently. Parameter of type `bytes` is not a supertype of the overridden parameter `typing.ByteString`.",
    "exception": "[Errno 2] No such file or directory: '/home/chowyi/TypeAnnotation_Study/GitHub/bentoml-BentoML/bentoml/proto/yatai_service_pb2.pyi'",
    "dd_fail": true
  }
]