[
  {
    "project": "alexa/alexa-skills-kit-sdk-for-python",
    "commit": "badec9b994d310442c01777cdedaa63d543d101f",
    "filename": "ask-sdk-core/ask_sdk_core/skill.py",
    "filename_after_commit": "/home/chowyi/TypeAnnotation_Study/GitHub/alexa-alexa-skills-kit-sdk-for-python/ask-sdk-core/ask_sdk_core/skill.py",
    "file_hunks_size": 4,
    "min_patch_found": false,
    "single_hunk": false,
    "fit_TFix": false,
    "delete_only_patch": false,
    "has_suppression_all_hunks": false,
    "full_warning_msg": "ask-sdk-core/ask_sdk_core/skill.py:146:50 Invalid type [31]: Expression `$local_ask.__sub__(sdk).__sub__(core?ask_sdk_core?skill$T)` is not a valid type.",
    "message": " Expression `$local_ask.__sub__(sdk).__sub__(core?ask_sdk_core?skill$T)` is not a valid type.",
    "rule_id": "Invalid type [31]",
    "warning_line_no": 146,
    "warning_line": "    def supports(self, request_envelope, context):"
  },
  {
    "project": "alexa/alexa-skills-kit-sdk-for-python",
    "commit": "badec9b994d310442c01777cdedaa63d543d101f",
    "filename": "ask-sdk-core/ask_sdk_core/skill.py",
    "filename_after_commit": "/home/chowyi/TypeAnnotation_Study/GitHub/alexa-alexa-skills-kit-sdk-for-python/ask-sdk-core/ask_sdk_core/skill.py",
    "file_hunks_size": 4,
    "min_patch_found": false,
    "single_hunk": false,
    "fit_TFix": false,
    "delete_only_patch": false,
    "has_suppression_all_hunks": false,
    "full_warning_msg": "ask-sdk-core/ask_sdk_core/skill.py:160:48 Invalid type [31]: Expression `$local_ask.__sub__(sdk).__sub__(core?ask_sdk_core?skill$T)` is not a valid type.",
    "message": " Expression `$local_ask.__sub__(sdk).__sub__(core?ask_sdk_core?skill$T)` is not a valid type.",
    "rule_id": "Invalid type [31]",
    "warning_line_no": 160,
    "warning_line": "    def invoke(self, request_envelope, context):"
  }
]