[
  {
    "project": "amundsen-io/amundsen",
    "commit": "d46b7854d57156c49b123ff77bbca6192be51419",
    "filename": "frontend/tests/unit/utils/notification/test_utils.py",
    "min_patch_found": false,
    "full_warning_msg": "frontend/tests/unit/utils/notification/test_utils.py:24:19 Incompatible variable type [9]: sender is declared to have type `str` but is used as type `None`.",
    "exception": "PatchSet should only have 1 Patch, but it has 0",
    "dd_fail": true
  },
  {
    "project": "amundsen-io/amundsen",
    "commit": "d46b7854d57156c49b123ff77bbca6192be51419",
    "filename": "frontend/tests/unit/utils/notification/test_utils.py",
    "min_patch_found": false,
    "full_warning_msg": "frontend/tests/unit/utils/notification/test_utils.py:26:19 Incompatible variable type [9]: subject is declared to have type `str` but is used as type `None`.",
    "exception": "PatchSet should only have 1 Patch, but it has 0",
    "dd_fail": true
  },
  {
    "project": "amundsen-io/amundsen",
    "commit": "d46b7854d57156c49b123ff77bbca6192be51419",
    "filename": "frontend/tests/unit/utils/notification/test_utils.py",
    "min_patch_found": false,
    "full_warning_msg": "frontend/tests/unit/utils/notification/test_utils.py:27:19 Incompatible variable type [9]: text is declared to have type `str` but is used as type `None`.",
    "exception": "PatchSet should only have 1 Patch, but it has 0",
    "dd_fail": true
  },
  {
    "project": "amundsen-io/amundsen",
    "commit": "d46b7854d57156c49b123ff77bbca6192be51419",
    "filename": "frontend/tests/unit/utils/notification/test_utils.py",
    "min_patch_found": false,
    "full_warning_msg": "frontend/tests/unit/utils/notification/test_utils.py:28:19 Incompatible variable type [9]: html is declared to have type `str` but is used as type `None`.",
    "exception": "PatchSet should only have 1 Patch, but it has 0",
    "dd_fail": true
  }
]