[
  {
    "project": "allenai/scispacy",
    "commit": "4ef7bdb4206cb57f0323168f157ae62d5e71e2c0",
    "filename": "scripts/linking.py",
    "filename_after_commit": "/home/chowyi/TypeAnnotation_Study/GitHub/allenai-scispacy/scripts/linking.py",
    "file_hunks_size": 4,
    "min_patch_found": true,
    "single_hunk": true,
    "fit_TFix": false,
    "delete_only_patch": false,
    "has_suppression_all_hunks": false,
    "full_warning_msg": "scripts/linking.py:722:124 Incompatible parameter type [6]: Expected `int` for 4th positional only parameter to call `eval_candidate_generation_and_linking` but got `List[int]`.",
    "message": " Expected `int` for 4th positional only parameter to call `eval_candidate_generation_and_linking` but got `List[int]`.",
    "rule_id": "Incompatible parameter type [6]",
    "warning_line_no": 722,
    "warning_line": "            supervised_data = eval_candidate_generation_and_linking(examples, umls_concept_dict_by_id, candidate_generator, k_list, thresholds,",
    "min_patch": [
      {
        "hunk_fit_TFix": false,
        "inside_window": false,
        "delete_only": false,
        "has_suppression": false,
        "source_code": "                                          candidate_generator: CandidateGenerator,\n                                          k_list: int,\n                                          thresholds: float,\n                                          use_gold_mentions: bool,\n",
        "source_code_len": 266,
        "target_code": "                                          candidate_generator: CandidateGenerator,\n                                          k_list: List[int],\n                                          thresholds: List[float],\n                                          use_gold_mentions: bool,\n",
        "target_code_len": 278,
        "diff_format": "@@ -504,4 +512,4 @@\n                                           candidate_generator: CandidateGenerator,\n-                                          k_list: int,\n-                                          thresholds: float,\n+                                          k_list: List[int],\n+                                          thresholds: List[float],\n                                           use_gold_mentions: bool,\n",
        "source_code_with_indent": "                                          candidate_generator: CandidateGenerator,\n                                          k_list: int,\n                                          thresholds: float,\n                                          use_gold_mentions: bool,\n",
        "source_code_with_indent_exact_match": true,
        "target_code_with_indent": "                                          candidate_generator: CandidateGenerator,\n                                          k_list: List[int],\n                                          thresholds: List[float],\n                                          use_gold_mentions: bool,\n",
        "target_code_with_indent_exact_match": true
      }
    ]
  },
  {
    "project": "allenai/scispacy",
    "commit": "4ef7bdb4206cb57f0323168f157ae62d5e71e2c0",
    "filename": "scripts/linking.py",
    "filename_after_commit": "/home/chowyi/TypeAnnotation_Study/GitHub/allenai-scispacy/scripts/linking.py",
    "file_hunks_size": 4,
    "min_patch_found": true,
    "single_hunk": true,
    "fit_TFix": false,
    "delete_only_patch": false,
    "has_suppression_all_hunks": false,
    "full_warning_msg": "scripts/linking.py:722:132 Incompatible parameter type [6]: Expected `float` for 5th positional only parameter to call `eval_candidate_generation_and_linking` but got `List[float]`.",
    "message": " Expected `float` for 5th positional only parameter to call `eval_candidate_generation_and_linking` but got `List[float]`.",
    "rule_id": "Incompatible parameter type [6]",
    "warning_line_no": 722,
    "warning_line": "            supervised_data = eval_candidate_generation_and_linking(examples, umls_concept_dict_by_id, candidate_generator, k_list, thresholds,",
    "min_patch": [
      {
        "hunk_fit_TFix": false,
        "inside_window": false,
        "delete_only": false,
        "has_suppression": false,
        "source_code": "                                          candidate_generator: CandidateGenerator,\n                                          k_list: int,\n                                          thresholds: float,\n                                          use_gold_mentions: bool,\n",
        "source_code_len": 266,
        "target_code": "                                          candidate_generator: CandidateGenerator,\n                                          k_list: List[int],\n                                          thresholds: List[float],\n                                          use_gold_mentions: bool,\n",
        "target_code_len": 278,
        "diff_format": "@@ -504,4 +512,4 @@\n                                           candidate_generator: CandidateGenerator,\n-                                          k_list: int,\n-                                          thresholds: float,\n+                                          k_list: List[int],\n+                                          thresholds: List[float],\n                                           use_gold_mentions: bool,\n",
        "source_code_with_indent": "                                          candidate_generator: CandidateGenerator,\n                                          k_list: int,\n                                          thresholds: float,\n                                          use_gold_mentions: bool,\n",
        "source_code_with_indent_exact_match": true,
        "target_code_with_indent": "                                          candidate_generator: CandidateGenerator,\n                                          k_list: List[int],\n                                          thresholds: List[float],\n                                          use_gold_mentions: bool,\n",
        "target_code_with_indent_exact_match": true
      }
    ]
  },
  {
    "project": "allenai/scispacy",
    "commit": "4ef7bdb4206cb57f0323168f157ae62d5e71e2c0",
    "filename": "scripts/linking.py",
    "filename_after_commit": "/home/chowyi/TypeAnnotation_Study/GitHub/allenai-scispacy/scripts/linking.py",
    "file_hunks_size": 4,
    "min_patch_found": true,
    "single_hunk": true,
    "fit_TFix": false,
    "delete_only_patch": false,
    "has_suppression_all_hunks": false,
    "full_warning_msg": "scripts/linking.py:729:106 Incompatible parameter type [6]: Expected `int` for 4th positional only parameter to call `eval_candidate_generation_and_linking` but got `List[int]`.",
    "message": " Expected `int` for 4th positional only parameter to call `eval_candidate_generation_and_linking` but got `List[int]`.",
    "rule_id": "Incompatible parameter type [6]",
    "warning_line_no": 729,
    "warning_line": "        eval_candidate_generation_and_linking(dev_examples, umls_concept_dict_by_id, candidate_generator, k_list, thresholds,",
    "min_patch": [
      {
        "hunk_fit_TFix": false,
        "inside_window": false,
        "delete_only": false,
        "has_suppression": false,
        "source_code": "                                          candidate_generator: CandidateGenerator,\n                                          k_list: int,\n                                          thresholds: float,\n                                          use_gold_mentions: bool,\n",
        "source_code_len": 266,
        "target_code": "                                          candidate_generator: CandidateGenerator,\n                                          k_list: List[int],\n                                          thresholds: List[float],\n                                          use_gold_mentions: bool,\n",
        "target_code_len": 278,
        "diff_format": "@@ -504,4 +512,4 @@\n                                           candidate_generator: CandidateGenerator,\n-                                          k_list: int,\n-                                          thresholds: float,\n+                                          k_list: List[int],\n+                                          thresholds: List[float],\n                                           use_gold_mentions: bool,\n",
        "source_code_with_indent": "                                          candidate_generator: CandidateGenerator,\n                                          k_list: int,\n                                          thresholds: float,\n                                          use_gold_mentions: bool,\n",
        "source_code_with_indent_exact_match": true,
        "target_code_with_indent": "                                          candidate_generator: CandidateGenerator,\n                                          k_list: List[int],\n                                          thresholds: List[float],\n                                          use_gold_mentions: bool,\n",
        "target_code_with_indent_exact_match": true
      }
    ]
  },
  {
    "project": "allenai/scispacy",
    "commit": "4ef7bdb4206cb57f0323168f157ae62d5e71e2c0",
    "filename": "scripts/linking.py",
    "filename_after_commit": "/home/chowyi/TypeAnnotation_Study/GitHub/allenai-scispacy/scripts/linking.py",
    "file_hunks_size": 4,
    "min_patch_found": true,
    "single_hunk": true,
    "fit_TFix": false,
    "delete_only_patch": false,
    "has_suppression_all_hunks": false,
    "full_warning_msg": "scripts/linking.py:729:114 Incompatible parameter type [6]: Expected `float` for 5th positional only parameter to call `eval_candidate_generation_and_linking` but got `List[float]`.",
    "message": " Expected `float` for 5th positional only parameter to call `eval_candidate_generation_and_linking` but got `List[float]`.",
    "rule_id": "Incompatible parameter type [6]",
    "warning_line_no": 729,
    "warning_line": "        eval_candidate_generation_and_linking(dev_examples, umls_concept_dict_by_id, candidate_generator, k_list, thresholds,",
    "min_patch": [
      {
        "hunk_fit_TFix": false,
        "inside_window": false,
        "delete_only": false,
        "has_suppression": false,
        "source_code": "                                          candidate_generator: CandidateGenerator,\n                                          k_list: int,\n                                          thresholds: float,\n                                          use_gold_mentions: bool,\n",
        "source_code_len": 266,
        "target_code": "                                          candidate_generator: CandidateGenerator,\n                                          k_list: List[int],\n                                          thresholds: List[float],\n                                          use_gold_mentions: bool,\n",
        "target_code_len": 278,
        "diff_format": "@@ -504,4 +512,4 @@\n                                           candidate_generator: CandidateGenerator,\n-                                          k_list: int,\n-                                          thresholds: float,\n+                                          k_list: List[int],\n+                                          thresholds: List[float],\n                                           use_gold_mentions: bool,\n",
        "source_code_with_indent": "                                          candidate_generator: CandidateGenerator,\n                                          k_list: int,\n                                          thresholds: float,\n                                          use_gold_mentions: bool,\n",
        "source_code_with_indent_exact_match": true,
        "target_code_with_indent": "                                          candidate_generator: CandidateGenerator,\n                                          k_list: List[int],\n                                          thresholds: List[float],\n                                          use_gold_mentions: bool,\n",
        "target_code_with_indent_exact_match": true
      }
    ]
  }
]