[
  {
    "project": "allenai/deep_qa",
    "commit": "e098061dfb12fdff7fc8842926a518dba84d1470",
    "filename": "deep_qa/layers/tuple_matchers/embedded_tuple_matcher.py",
    "filename_after_commit": "/home/chowyi/TypeAnnotation_Study/GitHub/allenai-deep_qa/deep_qa/layers/tuple_matchers/embedded_tuple_matcher.py",
    "file_hunks_size": 3,
    "min_patch_found": false,
    "single_hunk": false,
    "fit_TFix": false,
    "delete_only_patch": false,
    "has_suppression_all_hunks": false,
    "full_warning_msg": "deep_qa/layers/tuple_matchers/embedded_tuple_matcher.py:26:37 Incompatible variable type [9]: tuple_matcher_params is declared to have type `Dict[str, typing.Any]` but is used as type `None`.",
    "message": " tuple_matcher_params is declared to have type `Dict[str, typing.Any]` but is used as type `None`.",
    "rule_id": "Incompatible variable type [9]",
    "warning_line_no": 26,
    "warning_line": "    def __init__(self, text_trainer, tuple_matcher_params: Dict[str, Any]=None):"
  }
]