[
  {
    "project": "asappresearch/flambe",
    "commit": "2cc0612eea63f75261911392ec48ab84eda9f0f9",
    "filename": "flambe/sampler/base.py",
    "filename_after_commit": "/home/chowyi/TypeAnnotation_Study/GitHub/asappresearch-flambe/flambe/sampler/base.py",
    "file_hunks_size": 2,
    "min_patch_found": true,
    "single_hunk": true,
    "fit_TFix": true,
    "delete_only_patch": false,
    "has_suppression_all_hunks": false,
    "full_warning_msg": "flambe/sampler/base.py:247:47 Unsupported operand [58]: `<` is not supported for operand types `int` and `Optional[float]`.",
    "message": " `<` is not supported for operand types `int` and `Optional[float]`.",
    "rule_id": "Unsupported operand [58]",
    "warning_line_no": 247,
    "warning_line": "        if downsample is not None and not (0 < self.downsample <= 1):",
    "min_patch": [
      {
        "hunk_fit_TFix": true,
        "inside_window": true,
        "delete_only": false,
        "has_suppression": false,
        "source_code": "        self.pin_memory = pin_memory\n        if downsample is not None and not (0 < self.downsample <= 1):\n            raise ValueError(\"Downsample value should be in the range (0, 1]\")\n",
        "source_code_len": 186,
        "target_code": "        self.pin_memory = pin_memory\n        if downsample is not None and not (0 < downsample <= 1):\n            raise ValueError(\"Downsample value should be in the range (0, 1]\")\n",
        "target_code_len": 181,
        "diff_format": "@@ -246,3 +246,3 @@\n         self.pin_memory = pin_memory\n-        if downsample is not None and not (0 < self.downsample <= 1):\n+        if downsample is not None and not (0 < downsample <= 1):\n             raise ValueError(\"Downsample value should be in the range (0, 1]\")\n",
        "source_code_with_indent": "        self.pin_memory = pin_memory\n        if downsample is not None and not (0 < self.downsample <= 1):\n            <IND>raise ValueError(\"Downsample value should be in the range (0, 1]\")\n",
        "source_code_with_indent_exact_match": true,
        "target_code_with_indent": "        self.pin_memory = pin_memory\n        if downsample is not None and not (0 < downsample <= 1):\n            <IND>raise ValueError(\"Downsample value should be in the range (0, 1]\")\n",
        "target_code_with_indent_exact_match": true
      }
    ]
  },
  {
    "project": "asappresearch/flambe",
    "commit": "2cc0612eea63f75261911392ec48ab84eda9f0f9",
    "filename": "flambe/sampler/base.py",
    "filename_after_commit": "/home/chowyi/TypeAnnotation_Study/GitHub/asappresearch-flambe/flambe/sampler/base.py",
    "file_hunks_size": 2,
    "min_patch_found": true,
    "single_hunk": true,
    "fit_TFix": true,
    "delete_only_patch": false,
    "has_suppression_all_hunks": false,
    "full_warning_msg": "flambe/sampler/base.py:247:47 Unsupported operand [58]: `>` is not supported for operand types `Optional[float]` and `int`.",
    "message": " `>` is not supported for operand types `Optional[float]` and `int`.",
    "rule_id": "Unsupported operand [58]",
    "warning_line_no": 247,
    "warning_line": "        if downsample is not None and not (0 < self.downsample <= 1):",
    "min_patch": [
      {
        "hunk_fit_TFix": true,
        "inside_window": true,
        "delete_only": false,
        "has_suppression": false,
        "source_code": "        self.pin_memory = pin_memory\n        if downsample is not None and not (0 < self.downsample <= 1):\n            raise ValueError(\"Downsample value should be in the range (0, 1]\")\n",
        "source_code_len": 186,
        "target_code": "        self.pin_memory = pin_memory\n        if downsample is not None and not (0 < downsample <= 1):\n            raise ValueError(\"Downsample value should be in the range (0, 1]\")\n",
        "target_code_len": 181,
        "diff_format": "@@ -246,3 +246,3 @@\n         self.pin_memory = pin_memory\n-        if downsample is not None and not (0 < self.downsample <= 1):\n+        if downsample is not None and not (0 < downsample <= 1):\n             raise ValueError(\"Downsample value should be in the range (0, 1]\")\n",
        "source_code_with_indent": "        self.pin_memory = pin_memory\n        if downsample is not None and not (0 < self.downsample <= 1):\n            <IND>raise ValueError(\"Downsample value should be in the range (0, 1]\")\n",
        "source_code_with_indent_exact_match": true,
        "target_code_with_indent": "        self.pin_memory = pin_memory\n        if downsample is not None and not (0 < downsample <= 1):\n            <IND>raise ValueError(\"Downsample value should be in the range (0, 1]\")\n",
        "target_code_with_indent_exact_match": true
      }
    ]
  }
]