[
  {
    "project": "BEEmod/BEE2.4",
    "commit": "2ff281825ba538d7e89569c36bfed1514859c6a3",
    "filename": "src/app/richTextBox.py",
    "filename_after_commit": "/home/chowyi/TypeAnnotation_Study/GitHub/BEEmod-BEE2.4/src/app/richTextBox.py",
    "file_hunks_size": 4,
    "min_patch_found": true,
    "single_hunk": true,
    "fit_TFix": false,
    "delete_only_patch": false,
    "has_suppression_all_hunks": false,
    "full_warning_msg": "src/app/richTextBox.py:137:51 Incompatible parameter type [6]: Expected `typing.Optional[str]` for 3rd parameter `funcid` to call `tkinter.Text.tag_unbind` but got `int`.",
    "message": " Expected `typing.Optional[str]` for 3rd parameter `funcid` to call `tkinter.Text.tag_unbind` but got `int`.",
    "rule_id": "Incompatible parameter type [6]",
    "warning_line_no": 137,
    "warning_line": "            self.tag_unbind(cmd_tag, '<Button-1>', funcid=cmd_id)",
    "min_patch": [
      {
        "hunk_fit_TFix": false,
        "inside_window": false,
        "delete_only": false,
        "has_suppression": false,
        "source_code": "        # URL -> tag name and callback ID.\n        self._link_commands: Dict[str, Tuple[str, int]] = {}\n\n",
        "source_code_len": 105,
        "target_code": "        # URL -> tag name and callback ID.\n        self._link_commands: Dict[str, Tuple[str, str]] = {}\n\n",
        "target_code_len": 105,
        "diff_format": "@@ -28,3 +28,3 @@\n         # URL -> tag name and callback ID.\n-        self._link_commands: Dict[str, Tuple[str, int]] = {}\n+        self._link_commands: Dict[str, Tuple[str, str]] = {}\n \n",
        "source_code_with_indent": "        # URL -> tag name and callback ID.\n        self._link_commands: Dict[str, Tuple[str, int]] = {}\n\n",
        "source_code_with_indent_exact_match": true,
        "target_code_with_indent": "        # URL -> tag name and callback ID.\n        self._link_commands: Dict[str, Tuple[str, str]] = {}\n\n",
        "target_code_with_indent_exact_match": true
      }
    ]
  },
  {
    "project": "BEEmod/BEE2.4",
    "commit": "2ff281825ba538d7e89569c36bfed1514859c6a3",
    "filename": "src/app/richTextBox.py",
    "filename_after_commit": "/home/chowyi/TypeAnnotation_Study/GitHub/BEEmod-BEE2.4/src/app/richTextBox.py",
    "file_hunks_size": 4,
    "min_patch_found": true,
    "single_hunk": true,
    "fit_TFix": false,
    "delete_only_patch": false,
    "has_suppression_all_hunks": false,
    "full_warning_msg": "src/app/richTextBox.py:161:57 Incompatible parameter type [6]: Expected `Tuple[str, int]` for 2nd positional only parameter to call `dict.__setitem__` but got `Tuple[str, str]`.",
    "message": " Expected `Tuple[str, int]` for 2nd positional only parameter to call `dict.__setitem__` but got `Tuple[str, str]`.",
    "rule_id": "Incompatible parameter type [6]",
    "warning_line_no": 161,
    "warning_line": "                        self._link_commands[block.url] = cmd_tag, cmd_id",
    "min_patch": [
      {
        "hunk_fit_TFix": false,
        "inside_window": false,
        "delete_only": false,
        "has_suppression": false,
        "source_code": "        # URL -> tag name and callback ID.\n        self._link_commands: Dict[str, Tuple[str, int]] = {}\n\n",
        "source_code_len": 105,
        "target_code": "        # URL -> tag name and callback ID.\n        self._link_commands: Dict[str, Tuple[str, str]] = {}\n\n",
        "target_code_len": 105,
        "diff_format": "@@ -28,3 +28,3 @@\n         # URL -> tag name and callback ID.\n-        self._link_commands: Dict[str, Tuple[str, int]] = {}\n+        self._link_commands: Dict[str, Tuple[str, str]] = {}\n \n",
        "source_code_with_indent": "        # URL -> tag name and callback ID.\n        self._link_commands: Dict[str, Tuple[str, int]] = {}\n\n",
        "source_code_with_indent_exact_match": true,
        "target_code_with_indent": "        # URL -> tag name and callback ID.\n        self._link_commands: Dict[str, Tuple[str, str]] = {}\n\n",
        "target_code_with_indent_exact_match": true
      }
    ]
  }
]