[
  {
    "project": "ariebovenberg/snug",
    "commit": "8b514c1b3d29e797fd6aee4cc13f66d867495675",
    "filename": "snug/http.py",
    "filename_after_commit": "/home/chowyi/TypeAnnotation_Study/GitHub/ariebovenberg-snug/snug/http.py",
    "file_hunks_size": 1,
    "min_patch_found": false,
    "single_hunk": false,
    "fit_TFix": false,
    "delete_only_patch": false,
    "has_suppression_all_hunks": false,
    "full_warning_msg": "snug/http.py:179:16 Incompatible return type [7]: Expected `t.Awaitable[Response]` but got `Response`.",
    "message": " Expected `t.Awaitable[Response]` but got `Response`.",
    "rule_id": "Incompatible return type [7]",
    "warning_line_no": 179,
    "warning_line": "                return Response("
  },
  {
    "project": "ariebovenberg/snug",
    "commit": "8b514c1b3d29e797fd6aee4cc13f66d867495675",
    "filename": "snug/http.py",
    "filename_after_commit": "/home/chowyi/TypeAnnotation_Study/GitHub/ariebovenberg-snug/snug/http.py",
    "file_hunks_size": 1,
    "min_patch_found": false,
    "single_hunk": false,
    "fit_TFix": false,
    "delete_only_patch": false,
    "has_suppression_all_hunks": false,
    "full_warning_msg": "snug/http.py:185:8 Incompatible return type [7]: Expected `asnc.Sender[Response, Request]` but got `typing.Callable[[Named(req, Request)], t.Coroutine[typing.Any, typing.Any, t.Awaitable[Response]]]`.",
    "message": " Expected `asnc.Sender[Response, Request]` but got `typing.Callable[[Named(req, Request)], t.Coroutine[typing.Any, typing.Any, t.Awaitable[Response]]]`.",
    "rule_id": "Incompatible return type [7]",
    "warning_line_no": 185,
    "warning_line": "        return _aiohttp_sender"
  }
]