[
  {
    "project": "ankitects/anki",
    "commit": "0c59c8b591947adacf55872213aba68f35496c0f",
    "filename": "qt/aqt/errors.py",
    "filename_after_commit": "/home/chowyi/TypeAnnotation_Study/GitHub/ankitects-anki/qt/aqt/errors.py",
    "file_hunks_size": 2,
    "min_patch_found": true,
    "single_hunk": false,
    "fit_TFix": false,
    "delete_only_patch": false,
    "has_suppression_all_hunks": false,
    "full_warning_msg": "qt/aqt/errors.py:40:8 Incompatible variable type [9]: sys.stderr is declared to have type `typing.TextIO` but is used as type `ErrorHandler`.",
    "message": " sys.stderr is declared to have type `typing.TextIO` but is used as type `ErrorHandler`.",
    "rule_id": "Incompatible variable type [9]",
    "warning_line_no": 40,
    "warning_line": "        sys.stderr = self",
    "min_patch": [
      {
        "hunk_fit_TFix": false,
        "inside_window": true,
        "delete_only": false,
        "has_suppression": false,
        "source_code": "import traceback\nfrom typing import Optional\n\n",
        "source_code_len": 46,
        "target_code": "import traceback\nfrom typing import Optional, TextIO, cast\n\n",
        "target_code_len": 60,
        "diff_format": "@@ -6,3 +6,3 @@\n import traceback\n-from typing import Optional\n+from typing import Optional, TextIO, cast\n \n",
        "source_code_with_indent": "import traceback\nfrom typing import Optional\n\n",
        "source_code_with_indent_exact_match": true,
        "target_code_with_indent": "import traceback\nfrom typing import Optional, TextIO, cast\n\n",
        "target_code_with_indent_exact_match": true
      },
      {
        "hunk_fit_TFix": true,
        "inside_window": true,
        "delete_only": false,
        "has_suppression": false,
        "source_code": "        self._oldstderr = sys.stderr\n        sys.stderr = self\n\n",
        "source_code_len": 64,
        "target_code": "        self._oldstderr = sys.stderr\n        sys.stderr = cast(TextIO, self)\n\n",
        "target_code_len": 78,
        "diff_format": "@@ -39,3 +39,3 @@\n         self._oldstderr = sys.stderr\n-        sys.stderr = self\n+        sys.stderr = cast(TextIO, self)\n \n",
        "source_code_with_indent": "        self._oldstderr = sys.stderr\n        sys.stderr = self\n\n",
        "source_code_with_indent_exact_match": true,
        "target_code_with_indent": "        self._oldstderr = sys.stderr\n        sys.stderr = cast(TextIO, self)\n\n",
        "target_code_with_indent_exact_match": true
      }
    ]
  },
  {
    "project": "ankitects/anki",
    "commit": "0c59c8b591947adacf55872213aba68f35496c0f",
    "filename": "qt/aqt/main.py",
    "filename_after_commit": "/home/chowyi/TypeAnnotation_Study/GitHub/ankitects-anki/qt/aqt/main.py",
    "file_hunks_size": 10,
    "min_patch_found": false,
    "single_hunk": false,
    "fit_TFix": false,
    "delete_only_patch": false,
    "has_suppression_all_hunks": false,
    "full_warning_msg": "qt/aqt/main.py:124:13 Unbound name [10]: Name `QApplication` is used but not defined in the current scope.",
    "message": " Name `QApplication` is used but not defined in the current scope.",
    "rule_id": "Unbound name [10]",
    "warning_line_no": 124,
    "warning_line": "        app: QApplication,"
  },
  {
    "project": "ankitects/anki",
    "commit": "0c59c8b591947adacf55872213aba68f35496c0f",
    "filename": "qt/aqt/progress.py",
    "filename_after_commit": "/home/chowyi/TypeAnnotation_Study/GitHub/ankitects-anki/qt/aqt/progress.py",
    "file_hunks_size": 2,
    "min_patch_found": true,
    "single_hunk": true,
    "fit_TFix": true,
    "delete_only_patch": false,
    "has_suppression_all_hunks": false,
    "full_warning_msg": "qt/aqt/progress.py:19:19 Unbound name [10]: Name `QApplication` is used but not defined in the current scope.",
    "message": " Name `QApplication` is used but not defined in the current scope.",
    "rule_id": "Unbound name [10]",
    "warning_line_no": 19,
    "warning_line": "        self.app = QApplication.instance()",
    "min_patch": [
      {
        "hunk_fit_TFix": true,
        "inside_window": true,
        "delete_only": false,
        "has_suppression": false,
        "source_code": "        self.mw = mw\n        self.app = QApplication.instance()\n        self.inDB = False\n",
        "source_code_len": 90,
        "target_code": "        self.mw = mw\n        self.app = mw.app\n        self.inDB = False\n",
        "target_code_len": 73,
        "diff_format": "@@ -18,3 +18,3 @@\n         self.mw = mw\n-        self.app = QApplication.instance()\n+        self.app = mw.app\n         self.inDB = False\n",
        "source_code_with_indent": "        <IND>self.mw = mw\n        self.app = QApplication.instance()\n        self.inDB = False\n",
        "source_code_with_indent_exact_match": true,
        "target_code_with_indent": "        <IND>self.mw = mw\n        self.app = mw.app\n        self.inDB = False\n",
        "target_code_with_indent_exact_match": true
      }
    ]
  },
  {
    "project": "ankitects/anki",
    "commit": "0c59c8b591947adacf55872213aba68f35496c0f",
    "filename": "qt/aqt/tagedit.py",
    "filename_after_commit": "/home/chowyi/TypeAnnotation_Study/GitHub/ankitects-anki/qt/aqt/tagedit.py",
    "file_hunks_size": 7,
    "min_patch_found": false,
    "single_hunk": false,
    "fit_TFix": false,
    "delete_only_patch": false,
    "has_suppression_all_hunks": false,
    "full_warning_msg": "qt/aqt/tagedit.py:20:31 Unbound name [10]: Name `QDialog` is used but not defined in the current scope.",
    "message": " Name `QDialog` is used but not defined in the current scope.",
    "rule_id": "Unbound name [10]",
    "warning_line_no": 20,
    "warning_line": "    def __init__(self, parent: QDialog, type: int = 0) -> None:"
  },
  {
    "project": "ankitects/anki",
    "commit": "0c59c8b591947adacf55872213aba68f35496c0f",
    "filename": "qt/aqt/taglimit.py",
    "filename_after_commit": "/home/chowyi/TypeAnnotation_Study/GitHub/ankitects-anki/qt/aqt/taglimit.py",
    "file_hunks_size": 1,
    "min_patch_found": true,
    "single_hunk": true,
    "fit_TFix": true,
    "delete_only_patch": false,
    "has_suppression_all_hunks": false,
    "full_warning_msg": "qt/aqt/taglimit.py:18:30 Unbound name [10]: Name `QWidget` is used but not defined in the current scope.",
    "message": " Name `QWidget` is used but not defined in the current scope.",
    "rule_id": "Unbound name [10]",
    "warning_line_no": 18,
    "warning_line": "        self.parent: Optional[QWidget] = parent",
    "min_patch": [
      {
        "hunk_fit_TFix": true,
        "inside_window": true,
        "delete_only": false,
        "has_suppression": false,
        "source_code": "        self.mw = mw\n        self.parent: Optional[QWidget] = parent\n        self.deck = self.parent.deck\n        self.dialog = aqt.forms.taglimit.Ui_Dialog()\n",
        "source_code_len": 159,
        "target_code": "        self.mw = mw\n        self.parent_: Optional[CustomStudy] = parent\n        self.deck = self.parent_.deck\n        self.dialog = aqt.forms.taglimit.Ui_Dialog()\n",
        "target_code_len": 165,
        "diff_format": "@@ -17,4 +17,4 @@\n         self.mw = mw\n-        self.parent: Optional[QWidget] = parent\n-        self.deck = self.parent.deck\n+        self.parent_: Optional[CustomStudy] = parent\n+        self.deck = self.parent_.deck\n         self.dialog = aqt.forms.taglimit.Ui_Dialog()\n",
        "source_code_with_indent": "        self.mw = mw\n        self.parent: Optional[QWidget] = parent\n        self.deck = self.parent.deck\n        self.dialog = aqt.forms.taglimit.Ui_Dialog()\n",
        "source_code_with_indent_exact_match": true,
        "target_code_with_indent": "        self.mw = mw\n        self.parent_: Optional[CustomStudy] = parent\n        self.deck = self.parent_.deck\n        self.dialog = aqt.forms.taglimit.Ui_Dialog()\n",
        "target_code_with_indent_exact_match": true
      }
    ]
  }
]