[
  {
    "project": "autogoal/autogoal",
    "commit": "84d0e77ebcb35e98b05dbaea5093db9080afcb31",
    "filename": "autogoal/contrib/spacy/_base.py",
    "filename_after_commit": "/home/chowyi/TypeAnnotation_Study/GitHub/autogoal-autogoal/autogoal/contrib/spacy/_base.py",
    "file_hunks_size": 2,
    "min_patch_found": false,
    "single_hunk": false,
    "fit_TFix": false,
    "delete_only_patch": false,
    "has_suppression_all_hunks": false,
    "full_warning_msg": "autogoal/contrib/spacy/_base.py:39:25 Invalid type [31]: Expression `autogoal.kb.Sentence()` is not a valid type.",
    "message": " Expression `autogoal.kb.Sentence()` is not a valid type.",
    "rule_id": "Invalid type [31]",
    "warning_line_no": 39,
    "warning_line": "    def run(self, input: Sentence()) -> List(Flags()):"
  },
  {
    "project": "autogoal/autogoal",
    "commit": "84d0e77ebcb35e98b05dbaea5093db9080afcb31",
    "filename": "autogoal/contrib/spacy/_base.py",
    "filename_after_commit": "/home/chowyi/TypeAnnotation_Study/GitHub/autogoal-autogoal/autogoal/contrib/spacy/_base.py",
    "file_hunks_size": 2,
    "min_patch_found": false,
    "single_hunk": false,
    "fit_TFix": false,
    "delete_only_patch": false,
    "has_suppression_all_hunks": false,
    "full_warning_msg": "autogoal/contrib/spacy/_base.py:39:40 Invalid type [31]: Expression `autogoal.kb.List(autogoal.kb.Flags())` is not a valid type.",
    "message": " Expression `autogoal.kb.List(autogoal.kb.Flags())` is not a valid type.",
    "rule_id": "Invalid type [31]",
    "warning_line_no": 39,
    "warning_line": "    def run(self, input: Sentence()) -> List(Flags()):"
  }
]