[
  {
    "project": "agronholm/typeguard",
    "commit": "ef236707ce109dbd4e1174c061843acc1c3f6378",
    "filename": "tests/test_typeguard.py",
    "filename_after_commit": "/home/chowyi/TypeAnnotation_Study/GitHub/agronholm-typeguard/tests/test_typeguard.py",
    "file_hunks_size": 1,
    "min_patch_found": false,
    "single_hunk": false,
    "fit_TFix": false,
    "delete_only_patch": false,
    "has_suppression_all_hunks": false,
    "full_warning_msg": "tests/test_typeguard.py:449:26 Incompatible variable type [9]: b is declared to have type `float` but is used as type `str`.",
    "message": " b is declared to have type `float` but is used as type `str`.",
    "rule_id": "Incompatible variable type [9]",
    "warning_line_no": 449,
    "warning_line": "        def foo(a: str=1, b: float='x', c: str=None):"
  },
  {
    "project": "agronholm/typeguard",
    "commit": "ef236707ce109dbd4e1174c061843acc1c3f6378",
    "filename": "tests/test_typeguard.py",
    "filename_after_commit": "/home/chowyi/TypeAnnotation_Study/GitHub/agronholm-typeguard/tests/test_typeguard.py",
    "file_hunks_size": 1,
    "min_patch_found": false,
    "single_hunk": false,
    "fit_TFix": false,
    "delete_only_patch": false,
    "has_suppression_all_hunks": false,
    "full_warning_msg": "tests/test_typeguard.py:449:40 Incompatible variable type [9]: c is declared to have type `str` but is used as type `None`.",
    "message": " c is declared to have type `str` but is used as type `None`.",
    "rule_id": "Incompatible variable type [9]",
    "warning_line_no": 449,
    "warning_line": "        def foo(a: str=1, b: float='x', c: str=None):"
  }
]