[
  {
    "project": "algorand/pyteal",
    "commit": "38cb0243a63dbd592cfc05f54f254db8ab77a5aa",
    "filename": "pyteal/ops.py",
    "min_patch_found": false,
    "full_warning_msg": "pyteal/ops.py:566:21 Incompatible parameter type [6]: Expected `pyteal.util.TealType` for 1st positional only parameter to call `pyteal.util.require_type` but got `typing.Type[int]`.",
    "exception": "PatchSet should only have 1 Patch, but it has 0",
    "dd_fail": true
  },
  {
    "project": "algorand/pyteal",
    "commit": "38cb0243a63dbd592cfc05f54f254db8ab77a5aa",
    "filename": "pyteal/ops.py",
    "min_patch_found": false,
    "full_warning_msg": "pyteal/ops.py:566:34 Incompatible parameter type [6]: Expected `pyteal.util.TealType` for 2nd positional only parameter to call `pyteal.util.require_type` but got `typing.Type[int]`.",
    "exception": "PatchSet should only have 1 Patch, but it has 0",
    "dd_fail": true
  }
]