[
  {
    "project": "ArchiveBox/ArchiveBox",
    "commit": "7f2c834ea361ba5999309381b8dcfbc95b087c2e",
    "filename": "archivebox/main.py",
    "min_patch_found": false,
    "full_warning_msg": "archivebox/main.py:410:22 Incompatible parameter type [6]: Expected `Optional[str]` for 1st parameter `out_dir` to call `check_data_folder` but got `Path`.",
    "exception": "PatchSet should only have 1 Patch, but it has 0",
    "dd_fail": true
  },
  {
    "project": "ArchiveBox/ArchiveBox",
    "commit": "7f2c834ea361ba5999309381b8dcfbc95b087c2e",
    "filename": "archivebox/main.py",
    "min_patch_found": false,
    "full_warning_msg": "archivebox/main.py:542:22 Incompatible parameter type [6]: Expected `Optional[str]` for 1st parameter `out_dir` to call `check_data_folder` but got `Path`.",
    "exception": "PatchSet should only have 1 Patch, but it has 0",
    "dd_fail": true
  },
  {
    "project": "ArchiveBox/ArchiveBox",
    "commit": "7f2c834ea361ba5999309381b8dcfbc95b087c2e",
    "filename": "archivebox/main.py",
    "min_patch_found": false,
    "full_warning_msg": "archivebox/main.py:601:22 Incompatible parameter type [6]: Expected `Optional[str]` for 1st parameter `out_dir` to call `check_data_folder` but got `Path`.",
    "exception": "PatchSet should only have 1 Patch, but it has 0",
    "dd_fail": true
  },
  {
    "project": "ArchiveBox/ArchiveBox",
    "commit": "7f2c834ea361ba5999309381b8dcfbc95b087c2e",
    "filename": "archivebox/main.py",
    "min_patch_found": false,
    "full_warning_msg": "archivebox/main.py:681:22 Incompatible parameter type [6]: Expected `Optional[str]` for 1st parameter `out_dir` to call `check_data_folder` but got `Path`.",
    "exception": "PatchSet should only have 1 Patch, but it has 0",
    "dd_fail": true
  },
  {
    "project": "ArchiveBox/ArchiveBox",
    "commit": "7f2c834ea361ba5999309381b8dcfbc95b087c2e",
    "filename": "archivebox/main.py",
    "min_patch_found": false,
    "full_warning_msg": "archivebox/main.py:736:22 Incompatible parameter type [6]: Expected `Optional[str]` for 1st parameter `out_dir` to call `check_data_folder` but got `Path`.",
    "exception": "PatchSet should only have 1 Patch, but it has 0",
    "dd_fail": true
  },
  {
    "project": "ArchiveBox/ArchiveBox",
    "commit": "7f2c834ea361ba5999309381b8dcfbc95b087c2e",
    "filename": "archivebox/main.py",
    "min_patch_found": false,
    "full_warning_msg": "archivebox/main.py:777:22 Incompatible parameter type [6]: Expected `Optional[str]` for 1st parameter `out_dir` to call `check_data_folder` but got `Path`.",
    "exception": "PatchSet should only have 1 Patch, but it has 0",
    "dd_fail": true
  },
  {
    "project": "ArchiveBox/ArchiveBox",
    "commit": "7f2c834ea361ba5999309381b8dcfbc95b087c2e",
    "filename": "archivebox/main.py",
    "min_patch_found": false,
    "full_warning_msg": "archivebox/main.py:797:22 Incompatible parameter type [6]: Expected `Optional[str]` for 1st parameter `out_dir` to call `check_data_folder` but got `Path`.",
    "exception": "PatchSet should only have 1 Patch, but it has 0",
    "dd_fail": true
  },
  {
    "project": "ArchiveBox/ArchiveBox",
    "commit": "7f2c834ea361ba5999309381b8dcfbc95b087c2e",
    "filename": "archivebox/main.py",
    "min_patch_found": false,
    "full_warning_msg": "archivebox/main.py:827:22 Incompatible parameter type [6]: Expected `Optional[str]` for 1st parameter `out_dir` to call `check_data_folder` but got `Path`.",
    "exception": "PatchSet should only have 1 Patch, but it has 0",
    "dd_fail": true
  },
  {
    "project": "ArchiveBox/ArchiveBox",
    "commit": "7f2c834ea361ba5999309381b8dcfbc95b087c2e",
    "filename": "archivebox/main.py",
    "min_patch_found": false,
    "full_warning_msg": "archivebox/main.py:927:22 Incompatible parameter type [6]: Expected `Optional[str]` for 1st parameter `out_dir` to call `check_data_folder` but got `Path`.",
    "exception": "PatchSet should only have 1 Patch, but it has 0",
    "dd_fail": true
  },
  {
    "project": "ArchiveBox/ArchiveBox",
    "commit": "7f2c834ea361ba5999309381b8dcfbc95b087c2e",
    "filename": "archivebox/main.py",
    "min_patch_found": false,
    "full_warning_msg": "archivebox/main.py:1048:22 Incompatible parameter type [6]: Expected `Optional[str]` for 1st parameter `out_dir` to call `check_data_folder` but got `Path`.",
    "exception": "PatchSet should only have 1 Patch, but it has 0",
    "dd_fail": true
  },
  {
    "project": "ArchiveBox/ArchiveBox",
    "commit": "7f2c834ea361ba5999309381b8dcfbc95b087c2e",
    "filename": "archivebox/main.py",
    "min_patch_found": false,
    "full_warning_msg": "archivebox/main.py:1084:22 Incompatible parameter type [6]: Expected `Optional[str]` for 1st parameter `out_dir` to call `check_data_folder` but got `Path`.",
    "exception": "PatchSet should only have 1 Patch, but it has 0",
    "dd_fail": true
  },
  {
    "project": "ArchiveBox/ArchiveBox",
    "commit": "7f2c834ea361ba5999309381b8dcfbc95b087c2e",
    "filename": "archivebox/main.py",
    "min_patch_found": false,
    "full_warning_msg": "archivebox/main.py:1099:22 Incompatible parameter type [6]: Expected `Optional[str]` for 1st parameter `out_dir` to call `check_data_folder` but got `Path`.",
    "exception": "PatchSet should only have 1 Patch, but it has 0",
    "dd_fail": true
  }
]