[
  {
    "project": "allenai/deep_qa",
    "commit": "eed3c5c5ac75361e250ebaed244fee6d7c942a98",
    "filename": "deep_qa/data/dataset.py",
    "filename_after_commit": "/home/chowyi/TypeAnnotation_Study/GitHub/allenai-deep_qa/deep_qa/data/datasets/dataset.py",
    "file_hunks_size": 4,
    "min_patch_found": false,
    "single_hunk": false,
    "fit_TFix": false,
    "delete_only_patch": false,
    "has_suppression_all_hunks": false,
    "full_warning_msg": "deep_qa/data/dataset.py:64:42 Incompatible parameter type [6]: Expected `List[Instance]` for 1st positional only parameter to call `Dataset.__init__` but got `List[TextInstance]`.",
    "message": " Expected `List[Instance]` for 1st positional only parameter to call `Dataset.__init__` but got `List[TextInstance]`.",
    "rule_id": "Incompatible parameter type [6]",
    "warning_line_no": 64,
    "warning_line": "        super(TextDataset, self).__init__(instances)"
  },
  {
    "project": "allenai/deep_qa",
    "commit": "eed3c5c5ac75361e250ebaed244fee6d7c942a98",
    "filename": "deep_qa/data/dataset.py",
    "filename_after_commit": "/home/chowyi/TypeAnnotation_Study/GitHub/allenai-deep_qa/deep_qa/data/datasets/dataset.py",
    "file_hunks_size": 4,
    "min_patch_found": false,
    "single_hunk": false,
    "fit_TFix": false,
    "delete_only_patch": false,
    "has_suppression_all_hunks": false,
    "full_warning_msg": "deep_qa/data/dataset.py:101:45 Incompatible parameter type [6]: Expected `List[Instance]` for 1st positional only parameter to call `Dataset.__init__` but got `List[IndexedInstance]`.",
    "message": " Expected `List[Instance]` for 1st positional only parameter to call `Dataset.__init__` but got `List[IndexedInstance]`.",
    "rule_id": "Incompatible parameter type [6]",
    "warning_line_no": 101,
    "warning_line": "        super(IndexedDataset, self).__init__(instances)"
  },
  {
    "project": "allenai/deep_qa",
    "commit": "eed3c5c5ac75361e250ebaed244fee6d7c942a98",
    "filename": "deep_qa/data/dataset.py",
    "filename_after_commit": "/home/chowyi/TypeAnnotation_Study/GitHub/allenai-deep_qa/deep_qa/data/datasets/dataset.py",
    "file_hunks_size": 4,
    "min_patch_found": false,
    "single_hunk": false,
    "fit_TFix": false,
    "delete_only_patch": false,
    "has_suppression_all_hunks": false,
    "full_warning_msg": "deep_qa/data/dataset.py:127:28 Incompatible variable type [9]: padding_lengths is declared to have type `Dict[str, int]` but is used as type `None`.",
    "message": " padding_lengths is declared to have type `Dict[str, int]` but is used as type `None`.",
    "rule_id": "Incompatible variable type [9]",
    "warning_line_no": 127,
    "warning_line": "    def pad_instances(self, padding_lengths: Dict[str, int]=None, verbose: bool=True):"
  }
]