[
  {
    "project": "Axelrod-Python/Axelrod",
    "commit": "f3fad7db4ed323d80db62fca149a3699f20b15c6",
    "filename": "axelrod/tournament.py",
    "filename_after_commit": "/home/chowyi/TypeAnnotation_Study/GitHub/Axelrod-Python-Axelrod/axelrod/tournament.py",
    "file_hunks_size": 1,
    "min_patch_found": true,
    "single_hunk": true,
    "fit_TFix": false,
    "delete_only_patch": false,
    "has_suppression_all_hunks": false,
    "full_warning_msg": "axelrod/tournament.py:93:8 Incompatible return type [7]: Expected `float` but got implicit return value of `None`.",
    "message": " Expected `float` but got implicit return value of `None`.",
    "rule_id": "Incompatible return type [7]",
    "warning_line_no": 93,
    "warning_line": "        self._temp_file_descriptor = None  # type: Optional[int]",
    "min_patch": [
      {
        "hunk_fit_TFix": false,
        "inside_window": false,
        "delete_only": false,
        "has_suppression": false,
        "source_code": "        match_attributes: dict = None,\n    ) -> float:\n        \"\"\"\n",
        "source_code_len": 67,
        "target_code": "        match_attributes: dict = None,\n    ) -> None:\n        \"\"\"\n",
        "target_code_len": 66,
        "diff_format": "@@ -35,3 +35,3 @@\n         match_attributes: dict = None,\n-    ) -> float:\n+    ) -> None:\n         \"\"\"\n",
        "source_code_with_indent_exact_match": false,
        "target_code_with_indent_exact_match": false,
        "source_code_with_indent": "        match_attributes: dict = None,\n    ) -> float:\n        <IND>",
        "target_code_with_indent": "        match_attributes: dict = None,\n    ) -> None:\n        <IND>"
      }
    ]
  }
]