[
  {
    "project": "asyml/forte",
    "commit": "e0af16eeb4366dd80a2030d8fab003e0d7146a06",
    "filename": "examples/passage_reranker/reader.py",
    "filename_after_commit": "/home/chowyi/TypeAnnotation_Study/GitHub/asyml-forte/examples/passage_ranker/reader.py",
    "file_hunks_size": 3,
    "min_patch_found": false,
    "single_hunk": false,
    "fit_TFix": false,
    "delete_only_patch": false,
    "has_suppression_all_hunks": false,
    "full_warning_msg": "examples/passage_reranker/reader.py:43:4 Inconsistent override [14]: `examples.passage_reranker.reader.EvalReader._parse_pack` overrides method defined in `forte.data.readers.base_reader.BaseReader` inconsistently. Could not find parameter `collection` in overriding signature.",
    "message": " `examples.passage_reranker.reader.EvalReader._parse_pack` overrides method defined in `forte.data.readers.base_reader.BaseReader` inconsistently. Could not find parameter `collection` in overriding signature.",
    "rule_id": "Inconsistent override [14]",
    "warning_line_no": 43,
    "warning_line": "    def _parse_pack(self, data_source: str) -> Iterator[MultiPack]:"
  },
  {
    "project": "asyml/forte",
    "commit": "e0af16eeb4366dd80a2030d8fab003e0d7146a06",
    "filename": "forte/data/readers/corpus_reader.py",
    "min_patch_found": false,
    "full_warning_msg": "forte/data/readers/corpus_reader.py:63:4 Inconsistent override [14]: `forte.data.readers.corpus_reader.CorpusReader._parse_pack` overrides method defined in `forte.data.readers.base_reader.BaseReader` inconsistently. Could not find parameter `collection` in overriding signature.",
    "exception": "[Errno 2] No such file or directory: '/home/chowyi/TypeAnnotation_Study/GitHub/asyml-forte/forte/data/readers/corpus_reader.py'",
    "dd_fail": true
  },
  {
    "project": "asyml/forte",
    "commit": "e0af16eeb4366dd80a2030d8fab003e0d7146a06",
    "filename": "forte/data/readers/corpus_reader.py",
    "min_patch_found": false,
    "full_warning_msg": "forte/data/readers/corpus_reader.py:84:4 Inconsistent override [14]: `forte.data.readers.corpus_reader.CorpusReader._cache_key_function` overrides method defined in `forte.data.readers.base_reader.BaseReader` inconsistently. Could not find parameter `collection` in overriding signature.",
    "exception": "[Errno 2] No such file or directory: '/home/chowyi/TypeAnnotation_Study/GitHub/asyml-forte/forte/data/readers/corpus_reader.py'",
    "dd_fail": true
  }
]