[
  {
    "project": "blueman-project/blueman",
    "commit": "ae2e1add3a22bad0600662d7a2f20e09c1b30061",
    "filename": "blueman/gui/GsmSettings.py",
    "filename_after_commit": "/home/chowyi/TypeAnnotation_Study/GitHub/blueman-project-blueman/blueman/gui/GsmSettings.py",
    "file_hunks_size": 3,
    "min_patch_found": false,
    "single_hunk": false,
    "fit_TFix": false,
    "delete_only_patch": false,
    "has_suppression_all_hunks": false,
    "full_warning_msg": "blueman/gui/GsmSettings.py:20:35 Unbound name [10]: Name `UI_PATH` is used but not defined in the current scope.",
    "message": " Name `UI_PATH` is used but not defined in the current scope.",
    "rule_id": "Unbound name [10]",
    "warning_line_no": 20,
    "warning_line": "        self.Builder.add_from_file(UI_PATH + \"/gsm-settings.ui\")"
  },
  {
    "project": "blueman-project/blueman",
    "commit": "ae2e1add3a22bad0600662d7a2f20e09c1b30061",
    "filename": "blueman/gui/applet/PluginDialog.py",
    "filename_after_commit": "/home/chowyi/TypeAnnotation_Study/GitHub/blueman-project-blueman/blueman/gui/applet/PluginDialog.py",
    "file_hunks_size": 12,
    "min_patch_found": false,
    "single_hunk": false,
    "fit_TFix": false,
    "delete_only_patch": false,
    "has_suppression_all_hunks": false,
    "full_warning_msg": "blueman/gui/applet/PluginDialog.py:107:35 Unbound name [10]: Name `UI_PATH` is used but not defined in the current scope.",
    "message": " Name `UI_PATH` is used but not defined in the current scope.",
    "rule_id": "Unbound name [10]",
    "warning_line_no": 107,
    "warning_line": "        self.Builder.add_from_file(UI_PATH + \"/applet-plugins-widget.ui\")"
  },
  {
    "project": "blueman-project/blueman",
    "commit": "ae2e1add3a22bad0600662d7a2f20e09c1b30061",
    "filename": "blueman/main/applet/BluezAgent.py",
    "filename_after_commit": "/home/chowyi/TypeAnnotation_Study/GitHub/blueman-project-blueman/blueman/main/applet/BluezAgent.py",
    "file_hunks_size": 5,
    "min_patch_found": false,
    "single_hunk": false,
    "fit_TFix": false,
    "delete_only_patch": false,
    "has_suppression_all_hunks": false,
    "full_warning_msg": "blueman/main/applet/BluezAgent.py:115:30 Unbound name [10]: Name `UI_PATH` is used but not defined in the current scope.",
    "message": " Name `UI_PATH` is used but not defined in the current scope.",
    "rule_id": "Unbound name [10]",
    "warning_line_no": 115,
    "warning_line": "        builder.add_from_file(UI_PATH + \"/applet-passkey.ui\")"
  },
  {
    "project": "blueman-project/blueman",
    "commit": "ae2e1add3a22bad0600662d7a2f20e09c1b30061",
    "filename": "blueman/main/applet/BluezAgent.py",
    "filename_after_commit": "/home/chowyi/TypeAnnotation_Study/GitHub/blueman-project-blueman/blueman/main/applet/BluezAgent.py",
    "file_hunks_size": 5,
    "min_patch_found": false,
    "single_hunk": false,
    "fit_TFix": false,
    "delete_only_patch": false,
    "has_suppression_all_hunks": false,
    "full_warning_msg": "blueman/main/applet/BluezAgent.py:147:54 Unbound name [10]: Name `PKGDATA_DIR` is used but not defined in the current scope.",
    "message": " Name `PKGDATA_DIR` is used but not defined in the current scope.",
    "rule_id": "Unbound name [10]",
    "warning_line_no": 147,
    "warning_line": "            self._db = ElementTree.parse(os.path.join(PKGDATA_DIR, 'pin-code-database.xml'))"
  },
  {
    "project": "blueman-project/blueman",
    "commit": "ae2e1add3a22bad0600662d7a2f20e09c1b30061",
    "filename": "blueman/plugins/applet/NetUsage.py",
    "filename_after_commit": "/home/chowyi/TypeAnnotation_Study/GitHub/blueman-project-blueman/blueman/plugins/applet/NetUsage.py",
    "file_hunks_size": 7,
    "min_patch_found": false,
    "single_hunk": false,
    "fit_TFix": false,
    "delete_only_patch": false,
    "has_suppression_all_hunks": false,
    "full_warning_msg": "blueman/plugins/applet/NetUsage.py:109:30 Unbound name [10]: Name `UI_PATH` is used but not defined in the current scope.",
    "message": " Name `UI_PATH` is used but not defined in the current scope.",
    "rule_id": "Unbound name [10]",
    "warning_line_no": 109,
    "warning_line": "        builder.add_from_file(UI_PATH + \"/net-usage.ui\")"
  },
  {
    "project": "blueman-project/blueman",
    "commit": "ae2e1add3a22bad0600662d7a2f20e09c1b30061",
    "filename": "blueman/plugins/services/Network.py",
    "filename_after_commit": "/home/chowyi/TypeAnnotation_Study/GitHub/blueman-project-blueman/blueman/plugins/services/Network.py",
    "file_hunks_size": 10,
    "min_patch_found": false,
    "single_hunk": false,
    "fit_TFix": false,
    "delete_only_patch": false,
    "has_suppression_all_hunks": false,
    "full_warning_msg": "blueman/plugins/services/Network.py:31:35 Unbound name [10]: Name `UI_PATH` is used but not defined in the current scope.",
    "message": " Name `UI_PATH` is used but not defined in the current scope.",
    "rule_id": "Unbound name [10]",
    "warning_line_no": 31,
    "warning_line": "        self.Builder.add_from_file(UI_PATH + \"/services-network.ui\")"
  },
  {
    "project": "blueman-project/blueman",
    "commit": "ae2e1add3a22bad0600662d7a2f20e09c1b30061",
    "filename": "blueman/plugins/services/Transfer.py",
    "filename_after_commit": "/home/chowyi/TypeAnnotation_Study/GitHub/blueman-project-blueman/blueman/plugins/services/Transfer.py",
    "file_hunks_size": 5,
    "min_patch_found": false,
    "single_hunk": false,
    "fit_TFix": false,
    "delete_only_patch": false,
    "has_suppression_all_hunks": false,
    "full_warning_msg": "blueman/plugins/services/Transfer.py:21:35 Unbound name [10]: Name `UI_PATH` is used but not defined in the current scope.",
    "message": " Name `UI_PATH` is used but not defined in the current scope.",
    "rule_id": "Unbound name [10]",
    "warning_line_no": 21,
    "warning_line": "        self.Builder.add_from_file(UI_PATH + \"/services-transfer.ui\")"
  }
]