[
  {
    "project": "Adapter-Hub/adapter-transformers",
    "commit": "fcf83011dffce3f2e8aad906f07c1ec14668f877",
    "filename": "examples/pytorch/multiple-choice/run_swag.py",
    "filename_after_commit": "/home/chowyi/TypeAnnotation_Study/GitHub/Adapter-Hub-adapter-transformers/examples/pytorch/multiple-choice/run_swag.py",
    "file_hunks_size": 1,
    "min_patch_found": true,
    "single_hunk": true,
    "fit_TFix": true,
    "delete_only_patch": false,
    "has_suppression_all_hunks": false,
    "full_warning_msg": "examples/pytorch/multiple-choice/run_swag.py:109:4 Incompatible attribute type [8]: Attribute `max_seq_length` declared in class `DataTrainingArguments` has type `int` but is used as type `None`.",
    "message": " Attribute `max_seq_length` declared in class `DataTrainingArguments` has type `int` but is used as type `None`.",
    "rule_id": "Incompatible attribute type [8]",
    "warning_line_no": 109,
    "warning_line": "    max_seq_length: int = field(",
    "min_patch": [
      {
        "hunk_fit_TFix": true,
        "inside_window": true,
        "delete_only": false,
        "has_suppression": false,
        "source_code": "    )\n    max_seq_length: int = field(\n        default=None,\n",
        "source_code_len": 61,
        "target_code": "    )\n    max_seq_length: Optional[int] = field(\n        default=None,\n",
        "target_code_len": 71,
        "diff_format": "@@ -108,3 +108,3 @@\n     )\n-    max_seq_length: int = field(\n+    max_seq_length: Optional[int] = field(\n         default=None,\n",
        "source_code_with_indent": "    )\n    max_seq_length: int = field(\n        default=None,\n",
        "source_code_with_indent_exact_match": true,
        "target_code_with_indent": "    )\n    max_seq_length: Optional[int] = field(\n        default=None,\n",
        "target_code_with_indent_exact_match": true
      }
    ]
  }
]