[
  {
    "project": "activeloopai/Hub",
    "commit": "1e1870de8b9b038ee2ef47ce52fede16e01325ab",
    "filename": "hub/integrations/pytorch/pytorch.py",
    "filename_after_commit": "/home/chowyi/TypeAnnotation_Study/GitHub/activeloopai-Hub/hub/integrations/pytorch/pytorch.py",
    "file_hunks_size": 1,
    "min_patch_found": true,
    "single_hunk": true,
    "fit_TFix": false,
    "delete_only_patch": false,
    "has_suppression_all_hunks": false,
    "full_warning_msg": "hub/integrations/pytorch/pytorch.py:118:26 Unbound name [10]: Name `TensorDoesNotExistError` is used but not defined in the current scope.",
    "message": " Name `TensorDoesNotExistError` is used but not defined in the current scope.",
    "rule_id": "Unbound name [10]",
    "warning_line_no": 118,
    "warning_line": "                    raise TensorDoesNotExistError(t)",
    "min_patch": [
      {
        "hunk_fit_TFix": false,
        "inside_window": false,
        "delete_only": false,
        "has_suppression": false,
        "source_code": "    ModuleNotInstalledException,\n)\n",
        "source_code_len": 35,
        "target_code": "    ModuleNotInstalledException,\n    TensorDoesNotExistError,\n)\n",
        "target_code_len": 64,
        "diff_format": "@@ -15,2 +15,3 @@\n     ModuleNotInstalledException,\n+    TensorDoesNotExistError,\n )\n",
        "source_code_with_indent": "    ModuleNotInstalledException,\n)\n",
        "source_code_with_indent_exact_match": true,
        "target_code_with_indent": "    ModuleNotInstalledException,\n    TensorDoesNotExistError,\n)\n",
        "target_code_with_indent_exact_match": true
      }
    ]
  }
]