[
  {
    "project": "Blankly-Finance/Blankly",
    "commit": "8299cea7450dceab316b95af3ef46ad9e92b5d30",
    "filename": "examples/golden_cross.py",
    "min_patch_found": false,
    "full_warning_msg": "examples/golden_cross.py:13:8 Incompatible parameter type [6]: Expected `typing.Union[int, str]` for 3rd positional only parameter to call `blankly.exchanges.interfaces.abc_exchange_interface.ABCExchangeInterface.history` but got `float`.",
    "exception": "'bool' object has no attribute 'items'",
    "dd_fail": true
  },
  {
    "project": "Blankly-Finance/Blankly",
    "commit": "8299cea7450dceab316b95af3ef46ad9e92b5d30",
    "filename": "examples/macd.py",
    "filename_after_commit": "/home/chowyi/TypeAnnotation_Study/GitHub/Blankly-Finance-Blankly/examples/macd.py",
    "file_hunks_size": 1,
    "min_patch_found": false,
    "single_hunk": false,
    "fit_TFix": false,
    "delete_only_patch": false,
    "has_suppression_all_hunks": false,
    "full_warning_msg": "examples/macd.py:17:8 Incompatible parameter type [6]: Expected `typing.Union[int, str]` for 3rd positional only parameter to call `blankly.exchanges.interfaces.abc_exchange_interface.ABCExchangeInterface.history` but got `float`.",
    "message": " Expected `typing.Union[int, str]` for 3rd positional only parameter to call `blankly.exchanges.interfaces.abc_exchange_interface.ABCExchangeInterface.history` but got `float`.",
    "rule_id": "Incompatible parameter type [6]",
    "warning_line_no": 17,
    "warning_line": "        resolution,"
  },
  {
    "project": "Blankly-Finance/Blankly",
    "commit": "8299cea7450dceab316b95af3ef46ad9e92b5d30",
    "filename": "examples/mlp_model.py",
    "filename_after_commit": "/home/chowyi/TypeAnnotation_Study/GitHub/Blankly-Finance-Blankly/examples/mlp_model.py",
    "file_hunks_size": 1,
    "min_patch_found": false,
    "single_hunk": false,
    "fit_TFix": false,
    "delete_only_patch": false,
    "has_suppression_all_hunks": false,
    "full_warning_msg": "examples/mlp_model.py:20:58 Incompatible parameter type [6]: Expected `typing.Union[int, str]` for 3rd positional only parameter to call `blankly.exchanges.interfaces.abc_exchange_interface.ABCExchangeInterface.history` but got `float`.",
    "message": " Expected `typing.Union[int, str]` for 3rd positional only parameter to call `blankly.exchanges.interfaces.abc_exchange_interface.ABCExchangeInterface.history` but got `float`.",
    "rule_id": "Incompatible parameter type [6]",
    "warning_line_no": 20,
    "warning_line": "    variables['history'] = interface.history(symbol, 300, resolution, return_as='list')['close']"
  }
]