[
  {
    "project": "bentoml/BentoML",
    "commit": "a134e3a27b2158a650190bcffc9e7540a1f49b59",
    "filename": "bentoml/handlers/adapter/base_output.py",
    "min_patch_found": false,
    "full_warning_msg": "bentoml/handlers/adapter/base_output.py:41:35 Incompatible parameter type [6]: Expected `typing.Tuple[typing.Any, ...]` for 1st parameter `headers` to call `SimpleRequest.__init__` but got `werkzeug.datastructures.EnvironHeaders`.",
    "exception": "PatchSet should only have 1 Patch, but it has 0",
    "dd_fail": true
  },
  {
    "project": "bentoml/BentoML",
    "commit": "a134e3a27b2158a650190bcffc9e7540a1f49b59",
    "filename": "bentoml/handlers/adapter/base_output.py",
    "min_patch_found": false,
    "full_warning_msg": "bentoml/handlers/adapter/base_output.py:41:60 Incompatible parameter type [6]: Expected `str` for 2nd parameter `data` to call `SimpleRequest.__init__` but got `bytes`.",
    "exception": "PatchSet should only have 1 Patch, but it has 0",
    "dd_fail": true
  },
  {
    "project": "bentoml/BentoML",
    "commit": "a134e3a27b2158a650190bcffc9e7540a1f49b59",
    "filename": "bentoml/handlers/adapter/dataframe_output.py",
    "filename_after_commit": "/home/chowyi/TypeAnnotation_Study/GitHub/bentoml-BentoML/bentoml/adapters/dataframe_output.py",
    "file_hunks_size": 2,
    "min_patch_found": false,
    "single_hunk": false,
    "fit_TFix": false,
    "delete_only_patch": false,
    "has_suppression_all_hunks": false,
    "full_warning_msg": "bentoml/handlers/adapter/dataframe_output.py:79:8 Incompatible variable type [9]: requests is declared to have type `Iterable[SimpleRequest]` but is used as type `None`.",
    "message": " requests is declared to have type `Iterable[SimpleRequest]` but is used as type `None`.",
    "rule_id": "Incompatible variable type [9]",
    "warning_line_no": 79,
    "warning_line": "        requests: Iterable[SimpleRequest] = None,"
  },
  {
    "project": "bentoml/BentoML",
    "commit": "a134e3a27b2158a650190bcffc9e7540a1f49b59",
    "filename": "bentoml/handlers/adapter/dataframe_output.py",
    "filename_after_commit": "/home/chowyi/TypeAnnotation_Study/GitHub/bentoml-BentoML/bentoml/adapters/dataframe_output.py",
    "file_hunks_size": 2,
    "min_patch_found": false,
    "single_hunk": false,
    "fit_TFix": false,
    "delete_only_patch": false,
    "has_suppression_all_hunks": false,
    "full_warning_msg": "bentoml/handlers/adapter/dataframe_output.py:98:31 Incompatible parameter type [6]: Expected `None` for 2nd positional only parameter to call `list.__setitem__` but got `SimpleResponse`.",
    "message": " Expected `None` for 2nd positional only parameter to call `list.__setitem__` but got `SimpleResponse`.",
    "rule_id": "Incompatible parameter type [6]",
    "warning_line_no": 98,
    "warning_line": "                responses[i] = SimpleResponse("
  },
  {
    "project": "bentoml/BentoML",
    "commit": "a134e3a27b2158a650190bcffc9e7540a1f49b59",
    "filename": "bentoml/handlers/adapter/dataframe_output.py",
    "filename_after_commit": "/home/chowyi/TypeAnnotation_Study/GitHub/bentoml-BentoML/bentoml/adapters/dataframe_output.py",
    "file_hunks_size": 2,
    "min_patch_found": false,
    "single_hunk": false,
    "fit_TFix": false,
    "delete_only_patch": false,
    "has_suppression_all_hunks": false,
    "full_warning_msg": "bentoml/handlers/adapter/dataframe_output.py:102:31 Incompatible parameter type [6]: Expected `None` for 2nd positional only parameter to call `list.__setitem__` but got `SimpleResponse`.",
    "message": " Expected `None` for 2nd positional only parameter to call `list.__setitem__` but got `SimpleResponse`.",
    "rule_id": "Incompatible parameter type [6]",
    "warning_line_no": 102,
    "warning_line": "                responses[i] = SimpleResponse(400, None, str(e))"
  },
  {
    "project": "bentoml/BentoML",
    "commit": "a134e3a27b2158a650190bcffc9e7540a1f49b59",
    "filename": "bentoml/handlers/adapter/dataframe_output.py",
    "filename_after_commit": "/home/chowyi/TypeAnnotation_Study/GitHub/bentoml-BentoML/bentoml/adapters/dataframe_output.py",
    "file_hunks_size": 2,
    "min_patch_found": false,
    "single_hunk": false,
    "fit_TFix": false,
    "delete_only_patch": false,
    "has_suppression_all_hunks": false,
    "full_warning_msg": "bentoml/handlers/adapter/dataframe_output.py:102:51 Incompatible parameter type [6]: Expected `typing.Tuple[typing.Any, ...]` for 2nd positional only parameter to call `SimpleResponse.__init__` but got `None`.",
    "message": " Expected `typing.Tuple[typing.Any, ...]` for 2nd positional only parameter to call `SimpleResponse.__init__` but got `None`.",
    "rule_id": "Incompatible parameter type [6]",
    "warning_line_no": 102,
    "warning_line": "                responses[i] = SimpleResponse(400, None, str(e))"
  },
  {
    "project": "bentoml/BentoML",
    "commit": "a134e3a27b2158a650190bcffc9e7540a1f49b59",
    "filename": "bentoml/handlers/adapter/dataframe_output.py",
    "filename_after_commit": "/home/chowyi/TypeAnnotation_Study/GitHub/bentoml-BentoML/bentoml/adapters/dataframe_output.py",
    "file_hunks_size": 2,
    "min_patch_found": false,
    "single_hunk": false,
    "fit_TFix": false,
    "delete_only_patch": false,
    "has_suppression_all_hunks": false,
    "full_warning_msg": "bentoml/handlers/adapter/dataframe_output.py:104:31 Incompatible parameter type [6]: Expected `None` for 2nd positional only parameter to call `list.__setitem__` but got `SimpleResponse`.",
    "message": " Expected `None` for 2nd positional only parameter to call `list.__setitem__` but got `SimpleResponse`.",
    "rule_id": "Incompatible parameter type [6]",
    "warning_line_no": 104,
    "warning_line": "                responses[i] = SimpleResponse(500, None, str(e))"
  },
  {
    "project": "bentoml/BentoML",
    "commit": "a134e3a27b2158a650190bcffc9e7540a1f49b59",
    "filename": "bentoml/handlers/adapter/dataframe_output.py",
    "filename_after_commit": "/home/chowyi/TypeAnnotation_Study/GitHub/bentoml-BentoML/bentoml/adapters/dataframe_output.py",
    "file_hunks_size": 2,
    "min_patch_found": false,
    "single_hunk": false,
    "fit_TFix": false,
    "delete_only_patch": false,
    "has_suppression_all_hunks": false,
    "full_warning_msg": "bentoml/handlers/adapter/dataframe_output.py:104:51 Incompatible parameter type [6]: Expected `typing.Tuple[typing.Any, ...]` for 2nd positional only parameter to call `SimpleResponse.__init__` but got `None`.",
    "message": " Expected `typing.Tuple[typing.Any, ...]` for 2nd positional only parameter to call `SimpleResponse.__init__` but got `None`.",
    "rule_id": "Incompatible parameter type [6]",
    "warning_line_no": 104,
    "warning_line": "                responses[i] = SimpleResponse(500, None, str(e))"
  },
  {
    "project": "bentoml/BentoML",
    "commit": "a134e3a27b2158a650190bcffc9e7540a1f49b59",
    "filename": "bentoml/handlers/adapter/dataframe_output.py",
    "filename_after_commit": "/home/chowyi/TypeAnnotation_Study/GitHub/bentoml-BentoML/bentoml/adapters/dataframe_output.py",
    "file_hunks_size": 2,
    "min_patch_found": false,
    "single_hunk": false,
    "fit_TFix": false,
    "delete_only_patch": false,
    "has_suppression_all_hunks": false,
    "full_warning_msg": "bentoml/handlers/adapter/dataframe_output.py:105:8 Incompatible return type [7]: Expected `Iterable[SimpleResponse]` but got `typing.List[None]`.",
    "message": " Expected `Iterable[SimpleResponse]` but got `typing.List[None]`.",
    "rule_id": "Incompatible return type [7]",
    "warning_line_no": 105,
    "warning_line": "        return responses"
  },
  {
    "project": "bentoml/BentoML",
    "commit": "a134e3a27b2158a650190bcffc9e7540a1f49b59",
    "filename": "bentoml/handlers/adapter/default_output.py",
    "filename_after_commit": "/home/chowyi/TypeAnnotation_Study/GitHub/bentoml-BentoML/bentoml/adapters/default_output.py",
    "file_hunks_size": 1,
    "min_patch_found": false,
    "single_hunk": false,
    "fit_TFix": false,
    "delete_only_patch": false,
    "has_suppression_all_hunks": false,
    "full_warning_msg": "bentoml/handlers/adapter/default_output.py:74:8 Incompatible variable type [9]: requests is declared to have type `Iterable[SimpleRequest]` but is used as type `None`.",
    "message": " requests is declared to have type `Iterable[SimpleRequest]` but is used as type `None`.",
    "rule_id": "Incompatible variable type [9]",
    "warning_line_no": 74,
    "warning_line": "        requests: Iterable[SimpleRequest] = None,"
  },
  {
    "project": "bentoml/BentoML",
    "commit": "a134e3a27b2158a650190bcffc9e7540a1f49b59",
    "filename": "bentoml/handlers/adapter/json_output.py",
    "filename_after_commit": "/home/chowyi/TypeAnnotation_Study/GitHub/bentoml-BentoML/bentoml/adapters/json_output.py",
    "file_hunks_size": 1,
    "min_patch_found": false,
    "single_hunk": false,
    "fit_TFix": false,
    "delete_only_patch": false,
    "has_suppression_all_hunks": false,
    "full_warning_msg": "bentoml/handlers/adapter/json_output.py:63:8 Incompatible variable type [9]: requests is declared to have type `Iterable[SimpleRequest]` but is used as type `None`.",
    "message": " requests is declared to have type `Iterable[SimpleRequest]` but is used as type `None`.",
    "rule_id": "Incompatible variable type [9]",
    "warning_line_no": 63,
    "warning_line": "        requests: Iterable[SimpleRequest] = None,"
  },
  {
    "project": "bentoml/BentoML",
    "commit": "a134e3a27b2158a650190bcffc9e7540a1f49b59",
    "filename": "bentoml/handlers/adapter/json_output.py",
    "filename_after_commit": "/home/chowyi/TypeAnnotation_Study/GitHub/bentoml-BentoML/bentoml/adapters/json_output.py",
    "file_hunks_size": 1,
    "min_patch_found": false,
    "single_hunk": false,
    "fit_TFix": false,
    "delete_only_patch": false,
    "has_suppression_all_hunks": false,
    "full_warning_msg": "bentoml/handlers/adapter/json_output.py:82:31 Incompatible parameter type [6]: Expected `None` for 2nd positional only parameter to call `list.__setitem__` but got `SimpleResponse`.",
    "message": " Expected `None` for 2nd positional only parameter to call `list.__setitem__` but got `SimpleResponse`.",
    "rule_id": "Incompatible parameter type [6]",
    "warning_line_no": 82,
    "warning_line": "                responses[i] = SimpleResponse("
  },
  {
    "project": "bentoml/BentoML",
    "commit": "a134e3a27b2158a650190bcffc9e7540a1f49b59",
    "filename": "bentoml/handlers/adapter/json_output.py",
    "filename_after_commit": "/home/chowyi/TypeAnnotation_Study/GitHub/bentoml-BentoML/bentoml/adapters/json_output.py",
    "file_hunks_size": 1,
    "min_patch_found": false,
    "single_hunk": false,
    "fit_TFix": false,
    "delete_only_patch": false,
    "has_suppression_all_hunks": false,
    "full_warning_msg": "bentoml/handlers/adapter/json_output.py:86:31 Incompatible parameter type [6]: Expected `None` for 2nd positional only parameter to call `list.__setitem__` but got `SimpleResponse`.",
    "message": " Expected `None` for 2nd positional only parameter to call `list.__setitem__` but got `SimpleResponse`.",
    "rule_id": "Incompatible parameter type [6]",
    "warning_line_no": 86,
    "warning_line": "                responses[i] = SimpleResponse(400, None, str(e))"
  },
  {
    "project": "bentoml/BentoML",
    "commit": "a134e3a27b2158a650190bcffc9e7540a1f49b59",
    "filename": "bentoml/handlers/adapter/json_output.py",
    "filename_after_commit": "/home/chowyi/TypeAnnotation_Study/GitHub/bentoml-BentoML/bentoml/adapters/json_output.py",
    "file_hunks_size": 1,
    "min_patch_found": false,
    "single_hunk": false,
    "fit_TFix": false,
    "delete_only_patch": false,
    "has_suppression_all_hunks": false,
    "full_warning_msg": "bentoml/handlers/adapter/json_output.py:86:51 Incompatible parameter type [6]: Expected `typing.Tuple[typing.Any, ...]` for 2nd positional only parameter to call `SimpleResponse.__init__` but got `None`.",
    "message": " Expected `typing.Tuple[typing.Any, ...]` for 2nd positional only parameter to call `SimpleResponse.__init__` but got `None`.",
    "rule_id": "Incompatible parameter type [6]",
    "warning_line_no": 86,
    "warning_line": "                responses[i] = SimpleResponse(400, None, str(e))"
  },
  {
    "project": "bentoml/BentoML",
    "commit": "a134e3a27b2158a650190bcffc9e7540a1f49b59",
    "filename": "bentoml/handlers/adapter/json_output.py",
    "filename_after_commit": "/home/chowyi/TypeAnnotation_Study/GitHub/bentoml-BentoML/bentoml/adapters/json_output.py",
    "file_hunks_size": 1,
    "min_patch_found": false,
    "single_hunk": false,
    "fit_TFix": false,
    "delete_only_patch": false,
    "has_suppression_all_hunks": false,
    "full_warning_msg": "bentoml/handlers/adapter/json_output.py:88:31 Incompatible parameter type [6]: Expected `None` for 2nd positional only parameter to call `list.__setitem__` but got `SimpleResponse`.",
    "message": " Expected `None` for 2nd positional only parameter to call `list.__setitem__` but got `SimpleResponse`.",
    "rule_id": "Incompatible parameter type [6]",
    "warning_line_no": 88,
    "warning_line": "                responses[i] = SimpleResponse(500, None, str(e))"
  },
  {
    "project": "bentoml/BentoML",
    "commit": "a134e3a27b2158a650190bcffc9e7540a1f49b59",
    "filename": "bentoml/handlers/adapter/json_output.py",
    "filename_after_commit": "/home/chowyi/TypeAnnotation_Study/GitHub/bentoml-BentoML/bentoml/adapters/json_output.py",
    "file_hunks_size": 1,
    "min_patch_found": false,
    "single_hunk": false,
    "fit_TFix": false,
    "delete_only_patch": false,
    "has_suppression_all_hunks": false,
    "full_warning_msg": "bentoml/handlers/adapter/json_output.py:88:51 Incompatible parameter type [6]: Expected `typing.Tuple[typing.Any, ...]` for 2nd positional only parameter to call `SimpleResponse.__init__` but got `None`.",
    "message": " Expected `typing.Tuple[typing.Any, ...]` for 2nd positional only parameter to call `SimpleResponse.__init__` but got `None`.",
    "rule_id": "Incompatible parameter type [6]",
    "warning_line_no": 88,
    "warning_line": "                responses[i] = SimpleResponse(500, None, str(e))"
  },
  {
    "project": "bentoml/BentoML",
    "commit": "a134e3a27b2158a650190bcffc9e7540a1f49b59",
    "filename": "bentoml/handlers/adapter/json_output.py",
    "filename_after_commit": "/home/chowyi/TypeAnnotation_Study/GitHub/bentoml-BentoML/bentoml/adapters/json_output.py",
    "file_hunks_size": 1,
    "min_patch_found": false,
    "single_hunk": false,
    "fit_TFix": false,
    "delete_only_patch": false,
    "has_suppression_all_hunks": false,
    "full_warning_msg": "bentoml/handlers/adapter/json_output.py:89:8 Incompatible return type [7]: Expected `Iterable[SimpleResponse]` but got `typing.List[None]`.",
    "message": " Expected `Iterable[SimpleResponse]` but got `typing.List[None]`.",
    "rule_id": "Incompatible return type [7]",
    "warning_line_no": 89,
    "warning_line": "        return responses"
  },
  {
    "project": "bentoml/BentoML",
    "commit": "a134e3a27b2158a650190bcffc9e7540a1f49b59",
    "filename": "bentoml/handlers/adapter/tf_tensor_output.py",
    "filename_after_commit": "/home/chowyi/TypeAnnotation_Study/GitHub/bentoml-BentoML/bentoml/adapters/tensorflow_tensor_output.py",
    "file_hunks_size": 2,
    "min_patch_found": false,
    "single_hunk": false,
    "fit_TFix": false,
    "delete_only_patch": false,
    "has_suppression_all_hunks": false,
    "full_warning_msg": "bentoml/handlers/adapter/tf_tensor_output.py:48:8 Incompatible variable type [9]: requests is declared to have type `Iterable[SimpleRequest]` but is used as type `None`.",
    "message": " requests is declared to have type `Iterable[SimpleRequest]` but is used as type `None`.",
    "rule_id": "Incompatible variable type [9]",
    "warning_line_no": 48,
    "warning_line": "        requests: Iterable[SimpleRequest] = None,"
  },
  {
    "project": "bentoml/BentoML",
    "commit": "a134e3a27b2158a650190bcffc9e7540a1f49b59",
    "filename": "bentoml/handlers/adapter/tf_tensor_output.py",
    "filename_after_commit": "/home/chowyi/TypeAnnotation_Study/GitHub/bentoml-BentoML/bentoml/adapters/tensorflow_tensor_output.py",
    "file_hunks_size": 2,
    "min_patch_found": false,
    "single_hunk": false,
    "fit_TFix": false,
    "delete_only_patch": false,
    "has_suppression_all_hunks": false,
    "full_warning_msg": "bentoml/handlers/adapter/tf_tensor_output.py:68:27 Incompatible parameter type [6]: Expected `None` for 2nd positional only parameter to call `list.__setitem__` but got `SimpleResponse`.",
    "message": " Expected `None` for 2nd positional only parameter to call `list.__setitem__` but got `SimpleResponse`.",
    "rule_id": "Incompatible parameter type [6]",
    "warning_line_no": 68,
    "warning_line": "            responses[i] = SimpleResponse(200, dict(), result_str)"
  },
  {
    "project": "bentoml/BentoML",
    "commit": "a134e3a27b2158a650190bcffc9e7540a1f49b59",
    "filename": "bentoml/handlers/adapter/tf_tensor_output.py",
    "filename_after_commit": "/home/chowyi/TypeAnnotation_Study/GitHub/bentoml-BentoML/bentoml/adapters/tensorflow_tensor_output.py",
    "file_hunks_size": 2,
    "min_patch_found": false,
    "single_hunk": false,
    "fit_TFix": false,
    "delete_only_patch": false,
    "has_suppression_all_hunks": false,
    "full_warning_msg": "bentoml/handlers/adapter/tf_tensor_output.py:68:47 Incompatible parameter type [6]: Expected `typing.Tuple[typing.Any, ...]` for 2nd positional only parameter to call `SimpleResponse.__init__` but got `typing.Dict[Variable[_KT], Variable[_VT]]`.",
    "message": " Expected `typing.Tuple[typing.Any, ...]` for 2nd positional only parameter to call `SimpleResponse.__init__` but got `typing.Dict[Variable[_KT], Variable[_VT]]`.",
    "rule_id": "Incompatible parameter type [6]",
    "warning_line_no": 68,
    "warning_line": "            responses[i] = SimpleResponse(200, dict(), result_str)"
  },
  {
    "project": "bentoml/BentoML",
    "commit": "a134e3a27b2158a650190bcffc9e7540a1f49b59",
    "filename": "bentoml/handlers/adapter/tf_tensor_output.py",
    "filename_after_commit": "/home/chowyi/TypeAnnotation_Study/GitHub/bentoml-BentoML/bentoml/adapters/tensorflow_tensor_output.py",
    "file_hunks_size": 2,
    "min_patch_found": false,
    "single_hunk": false,
    "fit_TFix": false,
    "delete_only_patch": false,
    "has_suppression_all_hunks": false,
    "full_warning_msg": "bentoml/handlers/adapter/tf_tensor_output.py:70:8 Incompatible return type [7]: Expected `Iterable[SimpleResponse]` but got `typing.List[None]`.",
    "message": " Expected `Iterable[SimpleResponse]` but got `typing.List[None]`.",
    "rule_id": "Incompatible return type [7]",
    "warning_line_no": 70,
    "warning_line": "        return responses"
  },
  {
    "project": "bentoml/BentoML",
    "commit": "a134e3a27b2158a650190bcffc9e7540a1f49b59",
    "filename": "bentoml/handlers/image_handler.py",
    "filename_after_commit": "/home/chowyi/TypeAnnotation_Study/GitHub/bentoml-BentoML/bentoml/adapters/image_input.py",
    "file_hunks_size": 10,
    "min_patch_found": false,
    "single_hunk": false,
    "fit_TFix": false,
    "delete_only_patch": false,
    "has_suppression_all_hunks": false,
    "full_warning_msg": "bentoml/handlers/image_handler.py:176:37 Incompatible parameter type [6]: Expected `bytes` for 1st positional only parameter to call `BytesIO.__init__` but got `str`.",
    "message": " Expected `bytes` for 1st positional only parameter to call `BytesIO.__init__` but got `str`.",
    "rule_id": "Incompatible parameter type [6]",
    "warning_line_no": 176,
    "warning_line": "                input_stream=BytesIO(req.data),"
  },
  {
    "project": "bentoml/BentoML",
    "commit": "a134e3a27b2158a650190bcffc9e7540a1f49b59",
    "filename": "bentoml/handlers/image_handler.py",
    "filename_after_commit": "/home/chowyi/TypeAnnotation_Study/GitHub/bentoml-BentoML/bentoml/adapters/image_input.py",
    "file_hunks_size": 10,
    "min_patch_found": false,
    "single_hunk": false,
    "fit_TFix": false,
    "delete_only_patch": false,
    "has_suppression_all_hunks": false,
    "full_warning_msg": "bentoml/handlers/image_handler.py:181:51 Incompatible parameter type [6]: Expected `Request` for 1st positional only parameter to call `ImageHandler._load_image_data` but got `werkzeug.wrappers.BaseRequest`.",
    "message": " Expected `Request` for 1st positional only parameter to call `ImageHandler._load_image_data` but got `werkzeug.wrappers.BaseRequest`.",
    "rule_id": "Incompatible parameter type [6]",
    "warning_line_no": 181,
    "warning_line": "                input_data = self._load_image_data(request)"
  },
  {
    "project": "bentoml/BentoML",
    "commit": "a134e3a27b2158a650190bcffc9e7540a1f49b59",
    "filename": "bentoml/handlers/json_handler.py",
    "filename_after_commit": "/home/chowyi/TypeAnnotation_Study/GitHub/bentoml-BentoML/bentoml/adapters/json_input.py",
    "file_hunks_size": 2,
    "min_patch_found": false,
    "single_hunk": false,
    "fit_TFix": false,
    "delete_only_patch": false,
    "has_suppression_all_hunks": false,
    "full_warning_msg": "bentoml/handlers/json_handler.py:52:39 Incompatible parameter type [6]: Expected `typing.Tuple[typing.Any, ...]` for 2nd positional only parameter to call `SimpleResponse.__init__` but got `None`.",
    "message": " Expected `typing.Tuple[typing.Any, ...]` for 2nd positional only parameter to call `SimpleResponse.__init__` but got `None`.",
    "rule_id": "Incompatible parameter type [6]",
    "warning_line_no": 52,
    "warning_line": "        bad_resp = SimpleResponse(400, None, \"Bad Input\")"
  },
  {
    "project": "bentoml/BentoML",
    "commit": "a134e3a27b2158a650190bcffc9e7540a1f49b59",
    "filename": "bentoml/handlers/json_handler.py",
    "filename_after_commit": "/home/chowyi/TypeAnnotation_Study/GitHub/bentoml-BentoML/bentoml/adapters/json_input.py",
    "file_hunks_size": 2,
    "min_patch_found": false,
    "single_hunk": false,
    "fit_TFix": false,
    "delete_only_patch": false,
    "has_suppression_all_hunks": false,
    "full_warning_msg": "bentoml/handlers/json_handler.py:53:38 Incompatible parameter type [6]: Expected `typing.Sized` for 1st positional only parameter to call `len` but got `Iterable[SimpleRequest]`.",
    "message": " Expected `typing.Sized` for 1st positional only parameter to call `len` but got `Iterable[SimpleRequest]`.",
    "rule_id": "Incompatible parameter type [6]",
    "warning_line_no": 53,
    "warning_line": "        instances_list = [None] * len(requests)"
  },
  {
    "project": "bentoml/BentoML",
    "commit": "a134e3a27b2158a650190bcffc9e7540a1f49b59",
    "filename": "bentoml/handlers/json_handler.py",
    "filename_after_commit": "/home/chowyi/TypeAnnotation_Study/GitHub/bentoml-BentoML/bentoml/adapters/json_input.py",
    "file_hunks_size": 2,
    "min_patch_found": false,
    "single_hunk": false,
    "fit_TFix": false,
    "delete_only_patch": false,
    "has_suppression_all_hunks": false,
    "full_warning_msg": "bentoml/handlers/json_handler.py:54:37 Incompatible parameter type [6]: Expected `typing.Sized` for 1st positional only parameter to call `len` but got `Iterable[SimpleRequest]`.",
    "message": " Expected `typing.Sized` for 1st positional only parameter to call `len` but got `Iterable[SimpleRequest]`.",
    "rule_id": "Incompatible parameter type [6]",
    "warning_line_no": 54,
    "warning_line": "        fallbacks = [bad_resp] * len(requests)"
  },
  {
    "project": "bentoml/BentoML",
    "commit": "a134e3a27b2158a650190bcffc9e7540a1f49b59",
    "filename": "bentoml/handlers/json_handler.py",
    "filename_after_commit": "/home/chowyi/TypeAnnotation_Study/GitHub/bentoml-BentoML/bentoml/adapters/json_input.py",
    "file_hunks_size": 2,
    "min_patch_found": false,
    "single_hunk": false,
    "fit_TFix": false,
    "delete_only_patch": false,
    "has_suppression_all_hunks": false,
    "full_warning_msg": "bentoml/handlers/json_handler.py:55:35 Incompatible parameter type [6]: Expected `typing.Sized` for 1st positional only parameter to call `len` but got `Iterable[SimpleRequest]`.",
    "message": " Expected `typing.Sized` for 1st positional only parameter to call `len` but got `Iterable[SimpleRequest]`.",
    "rule_id": "Incompatible parameter type [6]",
    "warning_line_no": 55,
    "warning_line": "        batch_flags = [None] * len(requests)"
  },
  {
    "project": "bentoml/BentoML",
    "commit": "a134e3a27b2158a650190bcffc9e7540a1f49b59",
    "filename": "bentoml/handlers/json_handler.py",
    "filename_after_commit": "/home/chowyi/TypeAnnotation_Study/GitHub/bentoml-BentoML/bentoml/adapters/json_input.py",
    "file_hunks_size": 2,
    "min_patch_found": false,
    "single_hunk": false,
    "fit_TFix": false,
    "delete_only_patch": false,
    "has_suppression_all_hunks": false,
    "full_warning_msg": "bentoml/handlers/json_handler.py:70:51 Incompatible parameter type [6]: Expected `typing.Tuple[typing.Any, ...]` for 2nd positional only parameter to call `SimpleResponse.__init__` but got `None`.",
    "message": " Expected `typing.Tuple[typing.Any, ...]` for 2nd positional only parameter to call `SimpleResponse.__init__` but got `None`.",
    "rule_id": "Incompatible parameter type [6]",
    "warning_line_no": 70,
    "warning_line": "                fallbacks[i] = SimpleResponse(400, None, \"Not a valid json\")"
  },
  {
    "project": "bentoml/BentoML",
    "commit": "a134e3a27b2158a650190bcffc9e7540a1f49b59",
    "filename": "bentoml/handlers/json_handler.py",
    "filename_after_commit": "/home/chowyi/TypeAnnotation_Study/GitHub/bentoml-BentoML/bentoml/adapters/json_input.py",
    "file_hunks_size": 2,
    "min_patch_found": false,
    "single_hunk": false,
    "fit_TFix": false,
    "delete_only_patch": false,
    "has_suppression_all_hunks": false,
    "full_warning_msg": "bentoml/handlers/json_handler.py:76:25 Incompatible parameter type [6]: Expected `typing.Tuple[typing.Any, ...]` for 2nd positional only parameter to call `SimpleResponse.__init__` but got `None`.",
    "message": " Expected `typing.Tuple[typing.Any, ...]` for 2nd positional only parameter to call `SimpleResponse.__init__` but got `None`.",
    "rule_id": "Incompatible parameter type [6]",
    "warning_line_no": 76,
    "warning_line": "                    500, None, f\"Internal Server Error: {err}\""
  },
  {
    "project": "bentoml/BentoML",
    "commit": "a134e3a27b2158a650190bcffc9e7540a1f49b59",
    "filename": "bentoml/handlers/tensorflow_tensor_handler.py",
    "filename_after_commit": "/home/chowyi/TypeAnnotation_Study/GitHub/bentoml-BentoML/bentoml/adapters/tensorflow_tensor_input.py",
    "file_hunks_size": 5,
    "min_patch_found": false,
    "single_hunk": false,
    "fit_TFix": false,
    "delete_only_patch": false,
    "has_suppression_all_hunks": false,
    "full_warning_msg": "bentoml/handlers/tensorflow_tensor_handler.py:110:39 Incompatible parameter type [6]: Expected `typing.Tuple[typing.Any, ...]` for 2nd positional only parameter to call `SimpleResponse.__init__` but got `None`.",
    "message": " Expected `typing.Tuple[typing.Any, ...]` for 2nd positional only parameter to call `SimpleResponse.__init__` but got `None`.",
    "rule_id": "Incompatible parameter type [6]",
    "warning_line_no": 110,
    "warning_line": "        bad_resp = SimpleResponse(400, None, \"input format error\")"
  },
  {
    "project": "bentoml/BentoML",
    "commit": "a134e3a27b2158a650190bcffc9e7540a1f49b59",
    "filename": "bentoml/handlers/tensorflow_tensor_handler.py",
    "filename_after_commit": "/home/chowyi/TypeAnnotation_Study/GitHub/bentoml-BentoML/bentoml/adapters/tensorflow_tensor_input.py",
    "file_hunks_size": 5,
    "min_patch_found": false,
    "single_hunk": false,
    "fit_TFix": false,
    "delete_only_patch": false,
    "has_suppression_all_hunks": false,
    "full_warning_msg": "bentoml/handlers/tensorflow_tensor_handler.py:111:38 Incompatible parameter type [6]: Expected `typing.Sized` for 1st positional only parameter to call `len` but got `Iterable[SimpleRequest]`.",
    "message": " Expected `typing.Sized` for 1st positional only parameter to call `len` but got `Iterable[SimpleRequest]`.",
    "rule_id": "Incompatible parameter type [6]",
    "warning_line_no": 111,
    "warning_line": "        instances_list = [None] * len(requests)"
  },
  {
    "project": "bentoml/BentoML",
    "commit": "a134e3a27b2158a650190bcffc9e7540a1f49b59",
    "filename": "bentoml/handlers/tensorflow_tensor_handler.py",
    "filename_after_commit": "/home/chowyi/TypeAnnotation_Study/GitHub/bentoml-BentoML/bentoml/adapters/tensorflow_tensor_input.py",
    "file_hunks_size": 5,
    "min_patch_found": false,
    "single_hunk": false,
    "fit_TFix": false,
    "delete_only_patch": false,
    "has_suppression_all_hunks": false,
    "full_warning_msg": "bentoml/handlers/tensorflow_tensor_handler.py:112:37 Incompatible parameter type [6]: Expected `typing.Sized` for 1st positional only parameter to call `len` but got `Iterable[SimpleRequest]`.",
    "message": " Expected `typing.Sized` for 1st positional only parameter to call `len` but got `Iterable[SimpleRequest]`.",
    "rule_id": "Incompatible parameter type [6]",
    "warning_line_no": 112,
    "warning_line": "        responses = [bad_resp] * len(requests)"
  },
  {
    "project": "bentoml/BentoML",
    "commit": "a134e3a27b2158a650190bcffc9e7540a1f49b59",
    "filename": "bentoml/handlers/tensorflow_tensor_handler.py",
    "filename_after_commit": "/home/chowyi/TypeAnnotation_Study/GitHub/bentoml-BentoML/bentoml/adapters/tensorflow_tensor_input.py",
    "file_hunks_size": 5,
    "min_patch_found": false,
    "single_hunk": false,
    "fit_TFix": false,
    "delete_only_patch": false,
    "has_suppression_all_hunks": false,
    "full_warning_msg": "bentoml/handlers/tensorflow_tensor_handler.py:113:35 Incompatible parameter type [6]: Expected `typing.Sized` for 1st positional only parameter to call `len` but got `Iterable[SimpleRequest]`.",
    "message": " Expected `typing.Sized` for 1st positional only parameter to call `len` but got `Iterable[SimpleRequest]`.",
    "rule_id": "Incompatible parameter type [6]",
    "warning_line_no": 113,
    "warning_line": "        batch_flags = [None] * len(requests)"
  },
  {
    "project": "bentoml/BentoML",
    "commit": "a134e3a27b2158a650190bcffc9e7540a1f49b59",
    "filename": "bentoml/handlers/tensorflow_tensor_handler.py",
    "filename_after_commit": "/home/chowyi/TypeAnnotation_Study/GitHub/bentoml-BentoML/bentoml/adapters/tensorflow_tensor_input.py",
    "file_hunks_size": 5,
    "min_patch_found": false,
    "single_hunk": false,
    "fit_TFix": false,
    "delete_only_patch": false,
    "has_suppression_all_hunks": false,
    "full_warning_msg": "bentoml/handlers/tensorflow_tensor_handler.py:135:29 Incompatible parameter type [6]: Expected `typing.Tuple[typing.Any, ...]` for 2nd positional only parameter to call `SimpleResponse.__init__` but got `None`.",
    "message": " Expected `typing.Tuple[typing.Any, ...]` for 2nd positional only parameter to call `SimpleResponse.__init__` but got `None`.",
    "rule_id": "Incompatible parameter type [6]",
    "warning_line_no": 135,
    "warning_line": "                        501, None, \"Column format 'inputs' not implemented\""
  },
  {
    "project": "bentoml/BentoML",
    "commit": "a134e3a27b2158a650190bcffc9e7540a1f49b59",
    "filename": "bentoml/handlers/tensorflow_tensor_handler.py",
    "filename_after_commit": "/home/chowyi/TypeAnnotation_Study/GitHub/bentoml-BentoML/bentoml/adapters/tensorflow_tensor_input.py",
    "file_hunks_size": 5,
    "min_patch_found": false,
    "single_hunk": false,
    "fit_TFix": false,
    "delete_only_patch": false,
    "has_suppression_all_hunks": false,
    "full_warning_msg": "bentoml/handlers/tensorflow_tensor_handler.py:145:25 Incompatible parameter type [6]: Expected `typing.Tuple[typing.Any, ...]` for 2nd positional only parameter to call `SimpleResponse.__init__` but got `None`.",
    "message": " Expected `typing.Tuple[typing.Any, ...]` for 2nd positional only parameter to call `SimpleResponse.__init__` but got `None`.",
    "rule_id": "Incompatible parameter type [6]",
    "warning_line_no": 145,
    "warning_line": "                    500, None, f\"Internal Server Error: {err}\""
  }
]