[
  {
    "project": "blender/blender-addons",
    "commit": "24e1555434cc2284f3c908875d04ba78e5959edd",
    "filename": "add_mesh_BoltFactory/Boltfactory.py",
    "filename_after_commit": "/home/chowyi/TypeAnnotation_Study/GitHub/blender-blender-addons/add_mesh_BoltFactory/Boltfactory.py",
    "file_hunks_size": 11,
    "min_patch_found": false,
    "single_hunk": false,
    "fit_TFix": false,
    "delete_only_patch": false,
    "has_suppression_all_hunks": false,
    "full_warning_msg": "add_mesh_BoltFactory/Boltfactory.py:52:11 Unbound name [10]: Name `BoolProperty` is used but not defined in the current scope.",
    "message": " Name `BoolProperty` is used but not defined in the current scope.",
    "rule_id": "Unbound name [10]",
    "warning_line_no": 52,
    "warning_line": "    edit = BoolProperty(name=\"\","
  },
  {
    "project": "blender/blender-addons",
    "commit": "24e1555434cc2284f3c908875d04ba78e5959edd",
    "filename": "add_mesh_BoltFactory/Boltfactory.py",
    "filename_after_commit": "/home/chowyi/TypeAnnotation_Study/GitHub/blender-blender-addons/add_mesh_BoltFactory/Boltfactory.py",
    "file_hunks_size": 11,
    "min_patch_found": false,
    "single_hunk": false,
    "fit_TFix": false,
    "delete_only_patch": false,
    "has_suppression_all_hunks": false,
    "full_warning_msg": "add_mesh_BoltFactory/Boltfactory.py:61:20 Unbound name [10]: Name `EnumProperty` is used but not defined in the current scope.",
    "message": " Name `EnumProperty` is used but not defined in the current scope.",
    "rule_id": "Unbound name [10]",
    "warning_line_no": 61,
    "warning_line": "    bf_Model_Type = EnumProperty( attr='bf_Model_Type',"
  },
  {
    "project": "blender/blender-addons",
    "commit": "24e1555434cc2284f3c908875d04ba78e5959edd",
    "filename": "add_mesh_BoltFactory/Boltfactory.py",
    "filename_after_commit": "/home/chowyi/TypeAnnotation_Study/GitHub/blender-blender-addons/add_mesh_BoltFactory/Boltfactory.py",
    "file_hunks_size": 11,
    "min_patch_found": false,
    "single_hunk": false,
    "fit_TFix": false,
    "delete_only_patch": false,
    "has_suppression_all_hunks": false,
    "full_warning_msg": "add_mesh_BoltFactory/Boltfactory.py:95:22 Unbound name [10]: Name `FloatProperty` is used but not defined in the current scope.",
    "message": " Name `FloatProperty` is used but not defined in the current scope.",
    "rule_id": "Unbound name [10]",
    "warning_line_no": 95,
    "warning_line": "    bf_Shank_Length = FloatProperty(attr='bf_Shank_Length',"
  },
  {
    "project": "blender/blender-addons",
    "commit": "24e1555434cc2284f3c908875d04ba78e5959edd",
    "filename": "add_mesh_BoltFactory/Boltfactory.py",
    "filename_after_commit": "/home/chowyi/TypeAnnotation_Study/GitHub/blender-blender-addons/add_mesh_BoltFactory/Boltfactory.py",
    "file_hunks_size": 11,
    "min_patch_found": false,
    "single_hunk": false,
    "fit_TFix": false,
    "delete_only_patch": false,
    "has_suppression_all_hunks": false,
    "full_warning_msg": "add_mesh_BoltFactory/Boltfactory.py:180:23 Unbound name [10]: Name `IntProperty` is used but not defined in the current scope.",
    "message": " Name `IntProperty` is used but not defined in the current scope.",
    "rule_id": "Unbound name [10]",
    "warning_line_no": 180,
    "warning_line": "    bf_Crest_Percent = IntProperty( attr='bf_Crest_Percent',"
  }
]