[
  {
    "project": "automl/SMAC3",
    "commit": "1c7686e13f65bdf1b962e3acbc5616794e34c0a9",
    "filename": "smac/runhistory/runhistory.py",
    "filename_after_commit": "/home/chowyi/TypeAnnotation_Study/GitHub/automl-SMAC3/smac/runhistory/runhistory.py",
    "file_hunks_size": 1,
    "min_patch_found": true,
    "single_hunk": true,
    "fit_TFix": false,
    "delete_only_patch": false,
    "has_suppression_all_hunks": false,
    "full_warning_msg": "smac/runhistory/runhistory.py:111:42 Unbound name [10]: Name `typing` is used but not defined in the current scope.",
    "message": " Name `typing` is used but not defined in the current scope.",
    "rule_id": "Unbound name [10]",
    "warning_line_no": 111,
    "warning_line": "    def compute_all_costs(self, instances:typing.List[str]=None):",
    "min_patch": [
      {
        "hunk_fit_TFix": false,
        "inside_window": false,
        "delete_only": false,
        "has_suppression": false,
        "source_code": "import numpy\n\n",
        "source_code_len": 14,
        "target_code": "import numpy\nimport typing\n\n",
        "target_code_len": 28,
        "diff_format": "@@ -3,2 +3,3 @@\n import numpy\n+import typing\n \n",
        "source_code_with_indent": "import numpy\n\n",
        "source_code_with_indent_exact_match": true,
        "target_code_with_indent": "import numpy\nimport typing\n\n",
        "target_code_with_indent_exact_match": true
      }
    ]
  }
]