[
  {
    "project": "amundsen-io/amundsen",
    "commit": "0378acbde199bf04a15f635e9ce3c84fc6a8488a",
    "filename": "frontend/tests/unit/utils/notification/test_v0.py",
    "filename_after_commit": "/home/chowyi/TypeAnnotation_Study/GitHub/amundsen-io-amundsen/frontend/tests/unit/utils/notification/test_utils.py",
    "file_hunks_size": 13,
    "min_patch_found": false,
    "single_hunk": false,
    "fit_TFix": false,
    "delete_only_patch": false,
    "has_suppression_all_hunks": false,
    "full_warning_msg": "frontend/tests/unit/utils/notification/test_v0.py:24:19 Incompatible variable type [9]: sender is declared to have type `str` but is used as type `None`.",
    "message": " sender is declared to have type `str` but is used as type `None`.",
    "rule_id": "Incompatible variable type [9]",
    "warning_line_no": 24,
    "warning_line": "                   sender: str = None,"
  },
  {
    "project": "amundsen-io/amundsen",
    "commit": "0378acbde199bf04a15f635e9ce3c84fc6a8488a",
    "filename": "frontend/tests/unit/utils/notification/test_v0.py",
    "filename_after_commit": "/home/chowyi/TypeAnnotation_Study/GitHub/amundsen-io-amundsen/frontend/tests/unit/utils/notification/test_utils.py",
    "file_hunks_size": 13,
    "min_patch_found": false,
    "single_hunk": false,
    "fit_TFix": false,
    "delete_only_patch": false,
    "has_suppression_all_hunks": false,
    "full_warning_msg": "frontend/tests/unit/utils/notification/test_v0.py:26:19 Incompatible variable type [9]: subject is declared to have type `str` but is used as type `None`.",
    "message": " subject is declared to have type `str` but is used as type `None`.",
    "rule_id": "Incompatible variable type [9]",
    "warning_line_no": 26,
    "warning_line": "                   subject: str = None,"
  },
  {
    "project": "amundsen-io/amundsen",
    "commit": "0378acbde199bf04a15f635e9ce3c84fc6a8488a",
    "filename": "frontend/tests/unit/utils/notification/test_v0.py",
    "filename_after_commit": "/home/chowyi/TypeAnnotation_Study/GitHub/amundsen-io-amundsen/frontend/tests/unit/utils/notification/test_utils.py",
    "file_hunks_size": 13,
    "min_patch_found": false,
    "single_hunk": false,
    "fit_TFix": false,
    "delete_only_patch": false,
    "has_suppression_all_hunks": false,
    "full_warning_msg": "frontend/tests/unit/utils/notification/test_v0.py:27:19 Incompatible variable type [9]: text is declared to have type `str` but is used as type `None`.",
    "message": " text is declared to have type `str` but is used as type `None`.",
    "rule_id": "Incompatible variable type [9]",
    "warning_line_no": 27,
    "warning_line": "                   text: str = None,"
  },
  {
    "project": "amundsen-io/amundsen",
    "commit": "0378acbde199bf04a15f635e9ce3c84fc6a8488a",
    "filename": "frontend/tests/unit/utils/notification/test_v0.py",
    "filename_after_commit": "/home/chowyi/TypeAnnotation_Study/GitHub/amundsen-io-amundsen/frontend/tests/unit/utils/notification/test_utils.py",
    "file_hunks_size": 13,
    "min_patch_found": false,
    "single_hunk": false,
    "fit_TFix": false,
    "delete_only_patch": false,
    "has_suppression_all_hunks": false,
    "full_warning_msg": "frontend/tests/unit/utils/notification/test_v0.py:28:19 Incompatible variable type [9]: html is declared to have type `str` but is used as type `None`.",
    "message": " html is declared to have type `str` but is used as type `None`.",
    "rule_id": "Incompatible variable type [9]",
    "warning_line_no": 28,
    "warning_line": "                   html: str = None,"
  }
]