[
  {
    "project": "bluedisk/hangul-toolkit",
    "commit": "75e0770693854e519bc1d1831ee91d4a6eb896b0",
    "filename": "hgtk/josa.py",
    "filename_after_commit": "/home/chowyi/TypeAnnotation_Study/GitHub/bluedisk-hangul-toolkit/hgtk/josa.py",
    "file_hunks_size": 1,
    "min_patch_found": true,
    "single_hunk": true,
    "fit_TFix": true,
    "delete_only_patch": false,
    "has_suppression_all_hunks": false,
    "full_warning_msg": "hgtk/josa.py:29:22 Unbound name [10]: Name `Josa` is used but not defined in the current scope.",
    "message": " Name `Josa` is used but not defined in the current scope.",
    "rule_id": "Unbound name [10]",
    "warning_line_no": 29,
    "warning_line": "def attach(word, josa=Josa.EUN_NEUN):",
    "min_patch": [
      {
        "hunk_fit_TFix": true,
        "inside_window": true,
        "delete_only": false,
        "has_suppression": false,
        "source_code": "\ndef attach(word, josa=Josa.EUN_NEUN):\n    \"\"\"add josa at the end of this word\"\"\"\n",
        "source_code_len": 82,
        "target_code": "\ndef attach(word, josa=EUN_NEUN):\n    \"\"\"add josa at the end of this word\"\"\"\n",
        "target_code_len": 77,
        "diff_format": "@@ -28,3 +28,3 @@\n \n-def attach(word, josa=Josa.EUN_NEUN):\n+def attach(word, josa=EUN_NEUN):\n     \"\"\"add josa at the end of this word\"\"\"\n",
        "source_code_with_indent": "\ndef attach(word, josa=Josa.EUN_NEUN):\n    <IND>\"\"\"add josa at the end of this word\"\"\"\n",
        "source_code_with_indent_exact_match": true,
        "target_code_with_indent": "\ndef attach(word, josa=EUN_NEUN):\n    <IND>\"\"\"add josa at the end of this word\"\"\"\n",
        "target_code_with_indent_exact_match": true
      }
    ]
  }
]