[
  {
    "project": "asyml/texar-pytorch",
    "commit": "f5e657834d47368d26f8a8e40dc69c142e57a2be",
    "filename": "texar/modules/decoders/transformer_decoders.py",
    "filename_after_commit": "/home/chowyi/TypeAnnotation_Study/GitHub/asyml-texar-pytorch/texar/modules/decoders/transformer_decoders.py",
    "file_hunks_size": 4,
    "min_patch_found": false,
    "single_hunk": false,
    "fit_TFix": false,
    "delete_only_patch": false,
    "has_suppression_all_hunks": false,
    "full_warning_msg": "texar/modules/decoders/transformer_decoders.py:690:12 Incompatible parameter type [6]: Expected `Optional[Dict[typing.Any, typing.Any]]` for 7th parameter `states` to call `beam_search` but got `Cache`.",
    "message": " Expected `Optional[Dict[typing.Any, typing.Any]]` for 7th parameter `states` to call `beam_search` but got `Cache`.",
    "rule_id": "Incompatible parameter type [6]",
    "warning_line_no": 690,
    "warning_line": "            states=self._state_cache,"
  }
]