[
  {
    "project": "adw0rd/instagrapi",
    "commit": "0344324a593097604ea701186dc17afb977245f0",
    "filename": "instagrapi/album.py",
    "filename_after_commit": "/home/chowyi/TypeAnnotation_Study/GitHub/adw0rd-instagrapi/instagrapi/album.py",
    "file_hunks_size": 1,
    "min_patch_found": true,
    "single_hunk": true,
    "fit_TFix": true,
    "delete_only_patch": false,
    "has_suppression_all_hunks": false,
    "full_warning_msg": "instagrapi/album.py:71:8 Incompatible variable type [9]: configure_timeout is declared to have type `str` but is used as type `int`.",
    "message": " configure_timeout is declared to have type `str` but is used as type `int`.",
    "rule_id": "Incompatible variable type [9]",
    "warning_line_no": 71,
    "warning_line": "        configure_timeout: str = 3,",
    "min_patch": [
      {
        "hunk_fit_TFix": true,
        "inside_window": true,
        "delete_only": false,
        "has_suppression": false,
        "source_code": "        usertags: list = [],\n        configure_timeout: str = 3,\n        configure_handler=None,\n",
        "source_code_len": 97,
        "target_code": "        usertags: list = [],\n        configure_timeout: int = 3,\n        configure_handler=None,\n",
        "target_code_len": 97,
        "diff_format": "@@ -70,3 +70,3 @@\n         usertags: list = [],\n-        configure_timeout: str = 3,\n+        configure_timeout: int = 3,\n         configure_handler=None,\n",
        "source_code_with_indent": "        usertags: list = [],\n        configure_timeout: str = 3,\n        configure_handler=None,\n",
        "source_code_with_indent_exact_match": true,
        "target_code_with_indent": "        usertags: list = [],\n        configure_timeout: int = 3,\n        configure_handler=None,\n",
        "target_code_with_indent_exact_match": true
      }
    ]
  },
  {
    "project": "adw0rd/instagrapi",
    "commit": "0344324a593097604ea701186dc17afb977245f0",
    "filename": "instagrapi/album.py",
    "filename_after_commit": "/home/chowyi/TypeAnnotation_Study/GitHub/adw0rd-instagrapi/instagrapi/album.py",
    "file_hunks_size": 1,
    "min_patch_found": true,
    "single_hunk": true,
    "fit_TFix": false,
    "delete_only_patch": false,
    "has_suppression_all_hunks": false,
    "full_warning_msg": "instagrapi/album.py:117:23 Incompatible parameter type [6]: Expected `float` for 1st positional only parameter to call `time.sleep` but got `str`.",
    "message": " Expected `float` for 1st positional only parameter to call `time.sleep` but got `str`.",
    "rule_id": "Incompatible parameter type [6]",
    "warning_line_no": 117,
    "warning_line": "            time.sleep(configure_timeout)",
    "min_patch": [
      {
        "hunk_fit_TFix": false,
        "inside_window": false,
        "delete_only": false,
        "has_suppression": false,
        "source_code": "        usertags: list = [],\n        configure_timeout: str = 3,\n        configure_handler=None,\n",
        "source_code_len": 97,
        "target_code": "        usertags: list = [],\n        configure_timeout: int = 3,\n        configure_handler=None,\n",
        "target_code_len": 97,
        "diff_format": "@@ -70,3 +70,3 @@\n         usertags: list = [],\n-        configure_timeout: str = 3,\n+        configure_timeout: int = 3,\n         configure_handler=None,\n",
        "source_code_with_indent": "        usertags: list = [],\n        configure_timeout: str = 3,\n        configure_handler=None,\n",
        "source_code_with_indent_exact_match": true,
        "target_code_with_indent": "        usertags: list = [],\n        configure_timeout: int = 3,\n        configure_handler=None,\n",
        "target_code_with_indent_exact_match": true
      }
    ]
  },
  {
    "project": "adw0rd/instagrapi",
    "commit": "0344324a593097604ea701186dc17afb977245f0",
    "filename": "instagrapi/igtv.py",
    "filename_after_commit": "/home/chowyi/TypeAnnotation_Study/GitHub/adw0rd-instagrapi/instagrapi/igtv.py",
    "file_hunks_size": 1,
    "min_patch_found": true,
    "single_hunk": true,
    "fit_TFix": true,
    "delete_only_patch": false,
    "has_suppression_all_hunks": false,
    "full_warning_msg": "instagrapi/igtv.py:37:8 Incompatible variable type [9]: configure_timeout is declared to have type `str` but is used as type `int`.",
    "message": " configure_timeout is declared to have type `str` but is used as type `int`.",
    "rule_id": "Incompatible variable type [9]",
    "warning_line_no": 37,
    "warning_line": "        configure_timeout: str = 10,",
    "min_patch": [
      {
        "hunk_fit_TFix": true,
        "inside_window": true,
        "delete_only": false,
        "has_suppression": false,
        "source_code": "        usertags: list = [],\n        configure_timeout: str = 10,\n    ) -> dict:\n",
        "source_code_len": 81,
        "target_code": "        usertags: list = [],\n        configure_timeout: int = 10,\n    ) -> dict:\n",
        "target_code_len": 81,
        "diff_format": "@@ -36,3 +36,3 @@\n         usertags: list = [],\n-        configure_timeout: str = 10,\n+        configure_timeout: int = 10,\n     ) -> dict:\n",
        "source_code_with_indent": "        usertags: list = [],\n        configure_timeout: str = 10,\n    ) -> dict:\n",
        "source_code_with_indent_exact_match": true,
        "target_code_with_indent": "        usertags: list = [],\n        configure_timeout: int = 10,\n    ) -> dict:\n",
        "target_code_with_indent_exact_match": true
      }
    ]
  },
  {
    "project": "adw0rd/instagrapi",
    "commit": "0344324a593097604ea701186dc17afb977245f0",
    "filename": "instagrapi/igtv.py",
    "filename_after_commit": "/home/chowyi/TypeAnnotation_Study/GitHub/adw0rd-instagrapi/instagrapi/igtv.py",
    "file_hunks_size": 1,
    "min_patch_found": true,
    "single_hunk": true,
    "fit_TFix": false,
    "delete_only_patch": false,
    "has_suppression_all_hunks": false,
    "full_warning_msg": "instagrapi/igtv.py:109:23 Incompatible parameter type [6]: Expected `float` for 1st positional only parameter to call `time.sleep` but got `str`.",
    "message": " Expected `float` for 1st positional only parameter to call `time.sleep` but got `str`.",
    "rule_id": "Incompatible parameter type [6]",
    "warning_line_no": 109,
    "warning_line": "            time.sleep(configure_timeout)",
    "min_patch": [
      {
        "hunk_fit_TFix": false,
        "inside_window": false,
        "delete_only": false,
        "has_suppression": false,
        "source_code": "        usertags: list = [],\n        configure_timeout: str = 10,\n    ) -> dict:\n",
        "source_code_len": 81,
        "target_code": "        usertags: list = [],\n        configure_timeout: int = 10,\n    ) -> dict:\n",
        "target_code_len": 81,
        "diff_format": "@@ -36,3 +36,3 @@\n         usertags: list = [],\n-        configure_timeout: str = 10,\n+        configure_timeout: int = 10,\n     ) -> dict:\n",
        "source_code_with_indent": "        usertags: list = [],\n        configure_timeout: str = 10,\n    ) -> dict:\n",
        "source_code_with_indent_exact_match": true,
        "target_code_with_indent": "        usertags: list = [],\n        configure_timeout: int = 10,\n    ) -> dict:\n",
        "target_code_with_indent_exact_match": true
      }
    ]
  },
  {
    "project": "adw0rd/instagrapi",
    "commit": "0344324a593097604ea701186dc17afb977245f0",
    "filename": "instagrapi/video.py",
    "filename_after_commit": "/home/chowyi/TypeAnnotation_Study/GitHub/adw0rd-instagrapi/instagrapi/video.py",
    "file_hunks_size": 2,
    "min_patch_found": true,
    "single_hunk": false,
    "fit_TFix": false,
    "delete_only_patch": false,
    "has_suppression_all_hunks": false,
    "full_warning_msg": "instagrapi/video.py:150:8 Incompatible variable type [9]: configure_timeout is declared to have type `str` but is used as type `int`.",
    "message": " configure_timeout is declared to have type `str` but is used as type `int`.",
    "rule_id": "Incompatible variable type [9]",
    "warning_line_no": 150,
    "warning_line": "        configure_timeout: str = 3,",
    "min_patch": [
      {
        "hunk_fit_TFix": true,
        "inside_window": true,
        "delete_only": false,
        "has_suppression": false,
        "source_code": "        usertags: list = [],\n        configure_timeout: str = 3,\n        configure_handler=None,\n",
        "source_code_len": 97,
        "target_code": "        usertags: list = [],\n        configure_timeout: int = 3,\n        configure_handler=None,\n",
        "target_code_len": 97,
        "diff_format": "@@ -149,3 +149,3 @@\n         usertags: list = [],\n-        configure_timeout: str = 3,\n+        configure_timeout: int = 3,\n         configure_handler=None,\n",
        "source_code_with_indent": "        usertags: list = [],\n        configure_timeout: str = 3,\n        configure_handler=None,\n",
        "source_code_with_indent_exact_match": true,
        "target_code_with_indent": "        usertags: list = [],\n        configure_timeout: int = 3,\n        configure_handler=None,\n",
        "target_code_with_indent_exact_match": true
      },
      {
        "hunk_fit_TFix": false,
        "inside_window": true,
        "delete_only": false,
        "has_suppression": false,
        "source_code": "        usertags: list = [],\n        configure_timeout: str = 3,\n        links: list = []\n",
        "source_code_len": 90,
        "target_code": "        usertags: list = [],\n        configure_timeout: int = 3,\n        links: list = []\n",
        "target_code_len": 90,
        "diff_format": "@@ -245,3 +245,3 @@\n         usertags: list = [],\n-        configure_timeout: str = 3,\n+        configure_timeout: int = 3,\n         links: list = []\n",
        "source_code_with_indent": "        usertags: list = [],\n        configure_timeout: str = 3,\n        links: list = []\n",
        "source_code_with_indent_exact_match": true,
        "target_code_with_indent": "        usertags: list = [],\n        configure_timeout: int = 3,\n        links: list = []\n",
        "target_code_with_indent_exact_match": true
      }
    ]
  },
  {
    "project": "adw0rd/instagrapi",
    "commit": "0344324a593097604ea701186dc17afb977245f0",
    "filename": "instagrapi/video.py",
    "filename_after_commit": "/home/chowyi/TypeAnnotation_Study/GitHub/adw0rd-instagrapi/instagrapi/video.py",
    "file_hunks_size": 2,
    "min_patch_found": true,
    "single_hunk": false,
    "fit_TFix": false,
    "delete_only_patch": false,
    "has_suppression_all_hunks": false,
    "full_warning_msg": "instagrapi/video.py:172:23 Incompatible parameter type [6]: Expected `float` for 1st positional only parameter to call `time.sleep` but got `str`.",
    "message": " Expected `float` for 1st positional only parameter to call `time.sleep` but got `str`.",
    "rule_id": "Incompatible parameter type [6]",
    "warning_line_no": 172,
    "warning_line": "            time.sleep(configure_timeout)",
    "min_patch": [
      {
        "hunk_fit_TFix": false,
        "inside_window": false,
        "delete_only": false,
        "has_suppression": false,
        "source_code": "        usertags: list = [],\n        configure_timeout: str = 3,\n        configure_handler=None,\n",
        "source_code_len": 97,
        "target_code": "        usertags: list = [],\n        configure_timeout: int = 3,\n        configure_handler=None,\n",
        "target_code_len": 97,
        "diff_format": "@@ -149,3 +149,3 @@\n         usertags: list = [],\n-        configure_timeout: str = 3,\n+        configure_timeout: int = 3,\n         configure_handler=None,\n",
        "source_code_with_indent": "        usertags: list = [],\n        configure_timeout: str = 3,\n        configure_handler=None,\n",
        "source_code_with_indent_exact_match": true,
        "target_code_with_indent": "        usertags: list = [],\n        configure_timeout: int = 3,\n        configure_handler=None,\n",
        "target_code_with_indent_exact_match": true
      },
      {
        "hunk_fit_TFix": false,
        "inside_window": false,
        "delete_only": false,
        "has_suppression": false,
        "source_code": "        usertags: list = [],\n        configure_timeout: str = 3,\n        links: list = []\n",
        "source_code_len": 90,
        "target_code": "        usertags: list = [],\n        configure_timeout: int = 3,\n        links: list = []\n",
        "target_code_len": 90,
        "diff_format": "@@ -245,3 +245,3 @@\n         usertags: list = [],\n-        configure_timeout: str = 3,\n+        configure_timeout: int = 3,\n         links: list = []\n",
        "source_code_with_indent": "        usertags: list = [],\n        configure_timeout: str = 3,\n        links: list = []\n",
        "source_code_with_indent_exact_match": true,
        "target_code_with_indent": "        usertags: list = [],\n        configure_timeout: int = 3,\n        links: list = []\n",
        "target_code_with_indent_exact_match": true
      }
    ]
  },
  {
    "project": "adw0rd/instagrapi",
    "commit": "0344324a593097604ea701186dc17afb977245f0",
    "filename": "instagrapi/video.py",
    "filename_after_commit": "/home/chowyi/TypeAnnotation_Study/GitHub/adw0rd-instagrapi/instagrapi/video.py",
    "file_hunks_size": 2,
    "min_patch_found": true,
    "single_hunk": false,
    "fit_TFix": false,
    "delete_only_patch": false,
    "has_suppression_all_hunks": false,
    "full_warning_msg": "instagrapi/video.py:246:8 Incompatible variable type [9]: configure_timeout is declared to have type `str` but is used as type `int`.",
    "message": " configure_timeout is declared to have type `str` but is used as type `int`.",
    "rule_id": "Incompatible variable type [9]",
    "warning_line_no": 246,
    "warning_line": "        configure_timeout: str = 3,",
    "min_patch": [
      {
        "hunk_fit_TFix": false,
        "inside_window": true,
        "delete_only": false,
        "has_suppression": false,
        "source_code": "        usertags: list = [],\n        configure_timeout: str = 3,\n        configure_handler=None,\n",
        "source_code_len": 97,
        "target_code": "        usertags: list = [],\n        configure_timeout: int = 3,\n        configure_handler=None,\n",
        "target_code_len": 97,
        "diff_format": "@@ -149,3 +149,3 @@\n         usertags: list = [],\n-        configure_timeout: str = 3,\n+        configure_timeout: int = 3,\n         configure_handler=None,\n",
        "source_code_with_indent": "        usertags: list = [],\n        configure_timeout: str = 3,\n        configure_handler=None,\n",
        "source_code_with_indent_exact_match": true,
        "target_code_with_indent": "        usertags: list = [],\n        configure_timeout: int = 3,\n        configure_handler=None,\n",
        "target_code_with_indent_exact_match": true
      },
      {
        "hunk_fit_TFix": true,
        "inside_window": true,
        "delete_only": false,
        "has_suppression": false,
        "source_code": "        usertags: list = [],\n        configure_timeout: str = 3,\n        links: list = []\n",
        "source_code_len": 90,
        "target_code": "        usertags: list = [],\n        configure_timeout: int = 3,\n        links: list = []\n",
        "target_code_len": 90,
        "diff_format": "@@ -245,3 +245,3 @@\n         usertags: list = [],\n-        configure_timeout: str = 3,\n+        configure_timeout: int = 3,\n         links: list = []\n",
        "source_code_with_indent": "        usertags: list = [],\n        configure_timeout: str = 3,\n        links: list = []\n",
        "source_code_with_indent_exact_match": true,
        "target_code_with_indent": "        usertags: list = [],\n        configure_timeout: int = 3,\n        links: list = []\n",
        "target_code_with_indent_exact_match": true
      }
    ]
  }
]