[
  {
    "project": "amundsen-io/amundsen",
    "commit": "99fc6d1bf6125d6bfb99397085ffdf1dbffbfe00",
    "filename": "frontend/amundsen_application/api/healthcheck.py",
    "min_patch_found": false,
    "full_warning_msg": "frontend/amundsen_application/api/healthcheck.py:24:26 Call error [29]: `Variable[_VT]` is not a function.",
    "exception": "[Errno 2] No such file or directory: '/home/chowyi/TypeAnnotation_Study/GitHub/amundsen-io-amundsen/frontend/amundsen_application/api/healthcheck.py'",
    "dd_fail": true
  }
]