[
  {
    "project": "apache/tvm",
    "commit": "fa2213f0aeba9603c49c2bfe93ce875dc0dfb970",
    "filename": "python/tvm/relay/grammar/py3/RelayLexer.py",
    "min_patch_found": false,
    "full_warning_msg": "python/tvm/relay/grammar/py3/RelayLexer.py:166:17 Unbound name [10]: Name `Lexer` is used but not defined in the current scope.",
    "exception": "[Errno 2] No such file or directory: '/home/chowyi/TypeAnnotation_Study/GitHub/apache-tvm/python/tvm/relay/grammar/py3/RelayLexer.py'",
    "dd_fail": true
  },
  {
    "project": "apache/tvm",
    "commit": "fa2213f0aeba9603c49c2bfe93ce875dc0dfb970",
    "filename": "python/tvm/relay/grammar/py3/RelayLexer.py",
    "min_patch_found": false,
    "full_warning_msg": "python/tvm/relay/grammar/py3/RelayLexer.py:168:10 Unbound name [10]: Name `ATNDeserializer` is used but not defined in the current scope.",
    "exception": "[Errno 2] No such file or directory: '/home/chowyi/TypeAnnotation_Study/GitHub/apache-tvm/python/tvm/relay/grammar/py3/RelayLexer.py'",
    "dd_fail": true
  },
  {
    "project": "apache/tvm",
    "commit": "fa2213f0aeba9603c49c2bfe93ce875dc0dfb970",
    "filename": "python/tvm/relay/grammar/py3/RelayLexer.py",
    "min_patch_found": false,
    "full_warning_msg": "python/tvm/relay/grammar/py3/RelayLexer.py:170:23 Unbound name [10]: Name `DFA` is used but not defined in the current scope.",
    "exception": "[Errno 2] No such file or directory: '/home/chowyi/TypeAnnotation_Study/GitHub/apache-tvm/python/tvm/relay/grammar/py3/RelayLexer.py'",
    "dd_fail": true
  },
  {
    "project": "apache/tvm",
    "commit": "fa2213f0aeba9603c49c2bfe93ce875dc0dfb970",
    "filename": "python/tvm/relay/grammar/py3/RelayLexer.py",
    "min_patch_found": false,
    "full_warning_msg": "python/tvm/relay/grammar/py3/RelayLexer.py:252:23 Unbound name [10]: Name `LexerATNSimulator` is used but not defined in the current scope.",
    "exception": "[Errno 2] No such file or directory: '/home/chowyi/TypeAnnotation_Study/GitHub/apache-tvm/python/tvm/relay/grammar/py3/RelayLexer.py'",
    "dd_fail": true
  },
  {
    "project": "apache/tvm",
    "commit": "fa2213f0aeba9603c49c2bfe93ce875dc0dfb970",
    "filename": "python/tvm/relay/grammar/py3/RelayLexer.py",
    "min_patch_found": false,
    "full_warning_msg": "python/tvm/relay/grammar/py3/RelayLexer.py:252:78 Unbound name [10]: Name `PredictionContextCache` is used but not defined in the current scope.",
    "exception": "[Errno 2] No such file or directory: '/home/chowyi/TypeAnnotation_Study/GitHub/apache-tvm/python/tvm/relay/grammar/py3/RelayLexer.py'",
    "dd_fail": true
  }
]