[
  {
    "project": "BEEmod/BEE2.4",
    "commit": "9c954a1e1cff2055f39654d8495cca466e41c8a6",
    "filename": "src/texturing.py",
    "filename_after_commit": "/home/chowyi/TypeAnnotation_Study/GitHub/BEEmod-BEE2.4/src/texturing.py",
    "file_hunks_size": 16,
    "min_patch_found": true,
    "single_hunk": true,
    "fit_TFix": true,
    "delete_only_patch": false,
    "has_suppression_all_hunks": false,
    "full_warning_msg": "src/texturing.py:32:0 Incompatible variable type [9]: SPECIAL is declared to have type `Generator` but is used as type `None`.",
    "message": " SPECIAL is declared to have type `Generator` but is used as type `None`.",
    "rule_id": "Incompatible variable type [9]",
    "warning_line_no": 32,
    "warning_line": "SPECIAL = None  # type: Generator",
    "min_patch": [
      {
        "hunk_fit_TFix": true,
        "inside_window": true,
        "delete_only": false,
        "has_suppression": false,
        "source_code": "# These can just be looked up directly.\nSPECIAL = None  # type: Generator\nOVERLAYS = None  # type: Generator\n\n",
        "source_code_len": 110,
        "target_code": "# These can just be looked up directly.\nSPECIAL: 'Generator'\nOVERLAYS: 'Generator'\n\n",
        "target_code_len": 84,
        "diff_format": "@@ -31,4 +30,4 @@\n # These can just be looked up directly.\n-SPECIAL = None  # type: Generator\n-OVERLAYS = None  # type: Generator\n+SPECIAL: 'Generator'\n+OVERLAYS: 'Generator'\n \n",
        "source_code_with_indent": "# These can just be looked up directly.\nSPECIAL = None  # type: Generator\nOVERLAYS = None  # type: Generator\n\n",
        "source_code_with_indent_exact_match": true,
        "target_code_with_indent": "# These can just be looked up directly.\nSPECIAL: 'Generator'\nOVERLAYS: 'Generator'\n\n",
        "target_code_with_indent_exact_match": true
      }
    ]
  },
  {
    "project": "BEEmod/BEE2.4",
    "commit": "9c954a1e1cff2055f39654d8495cca466e41c8a6",
    "filename": "src/texturing.py",
    "filename_after_commit": "/home/chowyi/TypeAnnotation_Study/GitHub/BEEmod-BEE2.4/src/texturing.py",
    "file_hunks_size": 16,
    "min_patch_found": true,
    "single_hunk": true,
    "fit_TFix": true,
    "delete_only_patch": false,
    "has_suppression_all_hunks": false,
    "full_warning_msg": "src/texturing.py:33:0 Incompatible variable type [9]: OVERLAYS is declared to have type `Generator` but is used as type `None`.",
    "message": " OVERLAYS is declared to have type `Generator` but is used as type `None`.",
    "rule_id": "Incompatible variable type [9]",
    "warning_line_no": 33,
    "warning_line": "OVERLAYS = None  # type: Generator",
    "min_patch": [
      {
        "hunk_fit_TFix": true,
        "inside_window": true,
        "delete_only": false,
        "has_suppression": false,
        "source_code": "# These can just be looked up directly.\nSPECIAL = None  # type: Generator\nOVERLAYS = None  # type: Generator\n\n",
        "source_code_len": 110,
        "target_code": "# These can just be looked up directly.\nSPECIAL: 'Generator'\nOVERLAYS: 'Generator'\n\n",
        "target_code_len": 84,
        "diff_format": "@@ -31,4 +30,4 @@\n # These can just be looked up directly.\n-SPECIAL = None  # type: Generator\n-OVERLAYS = None  # type: Generator\n+SPECIAL: 'Generator'\n+OVERLAYS: 'Generator'\n \n",
        "source_code_with_indent": "# These can just be looked up directly.\nSPECIAL = None  # type: Generator\nOVERLAYS = None  # type: Generator\n\n",
        "source_code_with_indent_exact_match": true,
        "target_code_with_indent": "# These can just be looked up directly.\nSPECIAL: 'Generator'\nOVERLAYS: 'Generator'\n\n",
        "target_code_with_indent_exact_match": true
      }
    ]
  },
  {
    "project": "BEEmod/BEE2.4",
    "commit": "9c954a1e1cff2055f39654d8495cca466e41c8a6",
    "filename": "src/texturing.py",
    "filename_after_commit": "/home/chowyi/TypeAnnotation_Study/GitHub/BEEmod-BEE2.4/src/texturing.py",
    "file_hunks_size": 16,
    "min_patch_found": true,
    "single_hunk": true,
    "fit_TFix": true,
    "delete_only_patch": false,
    "has_suppression_all_hunks": false,
    "full_warning_msg": "src/texturing.py:464:8 Incompatible attribute type [8]: Attribute `map_seed` declared in class `Generator` has type `str` but is used as type `None`.",
    "message": " Attribute `map_seed` declared in class `Generator` has type `str` but is used as type `None`.",
    "rule_id": "Incompatible attribute type [8]",
    "warning_line_no": 464,
    "warning_line": "        self.map_seed = None  # type: str",
    "min_patch": [
      {
        "hunk_fit_TFix": true,
        "inside_window": true,
        "delete_only": false,
        "has_suppression": false,
        "source_code": "        # When set, add the position to that and use to seed the RNG.\n        self.map_seed = None  # type: str\n\n",
        "source_code_len": 113,
        "target_code": "        # When set, add the position to that and use to seed the RNG.\n        self.map_seed = ''\n\n",
        "target_code_len": 98,
        "diff_format": "@@ -463,3 +479,3 @@\n         # When set, add the position to that and use to seed the RNG.\n-        self.map_seed = None  # type: str\n+        self.map_seed = ''\n \n",
        "source_code_with_indent": "        # When set, add the position to that and use to seed the RNG.\n        self.map_seed = None  # type: str\n\n",
        "source_code_with_indent_exact_match": true,
        "target_code_with_indent": "        # When set, add the position to that and use to seed the RNG.\n        self.map_seed = ''\n\n",
        "target_code_with_indent_exact_match": true
      }
    ]
  }
]