[
  {
    "project": "biolab/orange3",
    "commit": "5b3edcc85cf91f2fcf89456e5f06ec6ce1272974",
    "filename": "Orange/widgets/classify/owclassificationtree.py",
    "filename_after_commit": "/home/chowyi/TypeAnnotation_Study/GitHub/biolab-orange3/Orange/widgets/classify/owclassificationtree.py",
    "file_hunks_size": 2,
    "min_patch_found": true,
    "single_hunk": true,
    "fit_TFix": true,
    "delete_only_patch": false,
    "has_suppression_all_hunks": false,
    "full_warning_msg": "Orange/widgets/classify/owclassificationtree.py:109:21 Unbound name [10]: Name `sys` is used but not defined in the current scope.",
    "message": " Name `sys` is used but not defined in the current scope.",
    "rule_id": "Unbound name [10]",
    "warning_line_no": 109,
    "warning_line": "    a = QApplication(sys.argv)",
    "min_patch": [
      {
        "hunk_fit_TFix": true,
        "inside_window": true,
        "delete_only": false,
        "has_suppression": false,
        "source_code": "if __name__ == \"__main__\":\n    a = QApplication(sys.argv)\n",
        "source_code_len": 58,
        "target_code": "if __name__ == \"__main__\":\n    import sys\n    a = QApplication(sys.argv)\n",
        "target_code_len": 73,
        "diff_format": "@@ -108,2 +108,3 @@\n if __name__ == \"__main__\":\n+    import sys\n     a = QApplication(sys.argv)\n",
        "source_code_with_indent": "<DED><DED>if __name__ == \"__main__\":\n    <IND>a = QApplication(sys.argv)\n",
        "source_code_with_indent_exact_match": true,
        "target_code_with_indent": "<DED><DED>if __name__ == \"__main__\":\n    <IND>import sys\n    a = QApplication(sys.argv)\n",
        "target_code_with_indent_exact_match": true
      }
    ]
  }
]