[
  {
    "project": "argoai/argoverse-api",
    "commit": "fdf1e9086f534cc02336094f3f2a8551c0d775bf",
    "filename": "argoverse/evaluation/eval_detection.py",
    "filename_after_commit": "/home/chowyi/TypeAnnotation_Study/GitHub/argoai-argoverse-api/argoverse/evaluation/eval_detection.py",
    "file_hunks_size": 19,
    "min_patch_found": false,
    "single_hunk": false,
    "fit_TFix": false,
    "delete_only_patch": false,
    "has_suppression_all_hunks": false,
    "full_warning_msg": "argoverse/evaluation/eval_detection.py:45:4 Incompatible attribute type [8]: Attribute `sim_ths` declared in class `DetectionCfg` has type `Tuple[float]` but is used as type `Tuple[float, float, float, float]`.",
    "message": " Attribute `sim_ths` declared in class `DetectionCfg` has type `Tuple[float]` but is used as type `Tuple[float, float, float, float]`.",
    "rule_id": "Incompatible attribute type [8]",
    "warning_line_no": 45,
    "warning_line": "    sim_ths: Tuple[float] = (0.5, 1.0, 2.0, 4.0)"
  },
  {
    "project": "argoai/argoverse-api",
    "commit": "fdf1e9086f534cc02336094f3f2a8551c0d775bf",
    "filename": "argoverse/evaluation/eval_detection.py",
    "filename_after_commit": "/home/chowyi/TypeAnnotation_Study/GitHub/argoai-argoverse-api/argoverse/evaluation/eval_detection.py",
    "file_hunks_size": 19,
    "min_patch_found": false,
    "single_hunk": false,
    "fit_TFix": false,
    "delete_only_patch": false,
    "has_suppression_all_hunks": false,
    "full_warning_msg": "argoverse/evaluation/eval_detection.py:48:4 Incompatible attribute type [8]: Attribute `cds_weights` declared in class `DetectionCfg` has type `Tuple[float]` but is used as type `Tuple[int, int, int, int]`.",
    "message": " Attribute `cds_weights` declared in class `DetectionCfg` has type `Tuple[float]` but is used as type `Tuple[int, int, int, int]`.",
    "rule_id": "Incompatible attribute type [8]",
    "warning_line_no": 48,
    "warning_line": "    cds_weights: Tuple[float] = (3, 1, 1, 1)"
  }
]