[
  {
    "project": "arizvisa/ida-minsc",
    "commit": "5ecd8c9024d0f33490895b8cee9dbe4923cb3298",
    "filename": "user/ali.py",
    "filename_after_commit": "/home/chowyi/TypeAnnotation_Study/GitHub/arizvisa-ida-minsc/user/ali.py",
    "file_hunks_size": 25,
    "min_patch_found": false,
    "single_hunk": false,
    "fit_TFix": false,
    "delete_only_patch": false,
    "has_suppression_all_hunks": false,
    "full_warning_msg": "user/ali.py:847:34 Unbound name [10]: Name `h` is used but not defined in the current scope.",
    "message": " Name `h` is used but not defined in the current scope.",
    "rule_id": "Unbound name [10]",
    "warning_line_no": 847,
    "warning_line": "    for n in ali.MyChildCollector(h()).run():"
  },
  {
    "project": "arizvisa/ida-minsc",
    "commit": "5ecd8c9024d0f33490895b8cee9dbe4923cb3298",
    "filename": "user/ali.py",
    "filename_after_commit": "/home/chowyi/TypeAnnotation_Study/GitHub/arizvisa-ida-minsc/user/ali.py",
    "file_hunks_size": 25,
    "min_patch_found": false,
    "single_hunk": false,
    "fit_TFix": false,
    "delete_only_patch": false,
    "has_suppression_all_hunks": false,
    "full_warning_msg": "user/ali.py:850:48 Unbound name [10]: Name `db` is used but not defined in the current scope.",
    "message": " Name `db` is used but not defined in the current scope.",
    "rule_id": "Unbound name [10]",
    "warning_line_no": 850,
    "warning_line": "            target = ia32.getRelativeAddress(c, db.decode(c))"
  },
  {
    "project": "arizvisa/ida-minsc",
    "commit": "5ecd8c9024d0f33490895b8cee9dbe4923cb3298",
    "filename": "user/ali.py",
    "filename_after_commit": "/home/chowyi/TypeAnnotation_Study/GitHub/arizvisa-ida-minsc/user/ali.py",
    "file_hunks_size": 25,
    "min_patch_found": false,
    "single_hunk": false,
    "fit_TFix": false,
    "delete_only_patch": false,
    "has_suppression_all_hunks": false,
    "full_warning_msg": "user/ali.py:852:8 Unbound name [10]: Name `fn` is used but not defined in the current scope.",
    "message": " Name `fn` is used but not defined in the current scope.",
    "rule_id": "Unbound name [10]",
    "warning_line_no": 852,
    "warning_line": "        fn.tag(n, 'calls', repr(map(hex,t)))"
  }
]