[
  {
    "project": "argoai/argoverse-api",
    "commit": "b9f1b8f874c25d37f6154edecda510672289bd5c",
    "filename": "argoverse/evaluation/stereo/eval.py",
    "filename_after_commit": "/home/chowyi/TypeAnnotation_Study/GitHub/argoai-argoverse-api/argoverse/evaluation/stereo/eval.py",
    "file_hunks_size": 5,
    "min_patch_found": true,
    "single_hunk": true,
    "fit_TFix": true,
    "delete_only_patch": false,
    "has_suppression_all_hunks": false,
    "full_warning_msg": "argoverse/evaluation/stereo/eval.py:147:17 Invalid type [31]: Expression `dict()` is not a valid type.",
    "message": " Expression `dict()` is not a valid type.",
    "rule_id": "Invalid type [31]",
    "warning_line_no": 147,
    "warning_line": "        summary: dict() = dict()",
    "min_patch": [
      {
        "hunk_fit_TFix": true,
        "inside_window": true,
        "delete_only": false,
        "has_suppression": false,
        "source_code": "        data_sum = data.sum()\n        summary: dict() = dict()\n\n",
        "source_code_len": 64,
        "target_code": "        data_sum = data.sum()\n        summary = dict()\n\n",
        "target_code_len": 56,
        "diff_format": "@@ -146,3 +147,3 @@\n         data_sum = data.sum()\n-        summary: dict() = dict()\n+        summary = dict()\n \n",
        "source_code_with_indent": "        data_sum = data.sum()\n        summary: dict() = dict()\n\n",
        "source_code_with_indent_exact_match": true,
        "target_code_with_indent": "        data_sum = data.sum()\n        summary = dict()\n\n",
        "target_code_with_indent_exact_match": true
      }
    ]
  },
  {
    "project": "argoai/argoverse-api",
    "commit": "b9f1b8f874c25d37f6154edecda510672289bd5c",
    "filename": "argoverse/evaluation/stereo/utils.py",
    "filename_after_commit": "/home/chowyi/TypeAnnotation_Study/GitHub/argoai-argoverse-api/argoverse/evaluation/stereo/utils.py",
    "file_hunks_size": 2,
    "min_patch_found": true,
    "single_hunk": true,
    "fit_TFix": true,
    "delete_only_patch": false,
    "has_suppression_all_hunks": false,
    "full_warning_msg": "argoverse/evaluation/stereo/utils.py:26:4 Incompatible variable type [9]: figs_fpath is declared to have type `Path` but is used as type `None`.",
    "message": " figs_fpath is declared to have type `Path` but is used as type `None`.",
    "rule_id": "Incompatible variable type [9]",
    "warning_line_no": 26,
    "warning_line": "    figs_fpath: Path = None,",
    "min_patch": [
      {
        "hunk_fit_TFix": true,
        "inside_window": true,
        "delete_only": false,
        "has_suppression": false,
        "source_code": "    gt_obj_fpath: Path,\n    abs_error_thresholds: List = DEFAULT_ABS_ERROR_THRESHOLDS,\n    rel_error_thresholds: List = DEFAULT_REL_ERROR_THRESHOLDS,\n    figs_fpath: Path = None,\n    save_disparity_error_image: bool = False,\n",
        "source_code_len": 225,
        "target_code": "    gt_obj_fpath: Path,\n    figs_fpath: Path,\n    abs_error_thresholds: List[int] = DEFAULT_ABS_ERROR_THRESHOLDS,\n    rel_error_thresholds: List[float] = DEFAULT_REL_ERROR_THRESHOLDS,\n    save_disparity_error_image: bool = False,\n",
        "target_code_len": 230,
        "diff_format": "@@ -23,5 +23,5 @@\n     gt_obj_fpath: Path,\n-    abs_error_thresholds: List = DEFAULT_ABS_ERROR_THRESHOLDS,\n-    rel_error_thresholds: List = DEFAULT_REL_ERROR_THRESHOLDS,\n-    figs_fpath: Path = None,\n+    figs_fpath: Path,\n+    abs_error_thresholds: List[int] = DEFAULT_ABS_ERROR_THRESHOLDS,\n+    rel_error_thresholds: List[float] = DEFAULT_REL_ERROR_THRESHOLDS,\n     save_disparity_error_image: bool = False,\n",
        "source_code_with_indent": "    gt_obj_fpath: Path,\n    abs_error_thresholds: List = DEFAULT_ABS_ERROR_THRESHOLDS,\n    rel_error_thresholds: List = DEFAULT_REL_ERROR_THRESHOLDS,\n    figs_fpath: Path = None,\n    save_disparity_error_image: bool = False,\n",
        "source_code_with_indent_exact_match": true,
        "target_code_with_indent": "    gt_obj_fpath: Path,\n    figs_fpath: Path,\n    abs_error_thresholds: List[int] = DEFAULT_ABS_ERROR_THRESHOLDS,\n    rel_error_thresholds: List[float] = DEFAULT_REL_ERROR_THRESHOLDS,\n    save_disparity_error_image: bool = False,\n",
        "target_code_with_indent_exact_match": true
      }
    ]
  }
]