[
  {
    "project": "allenai/spv2",
    "commit": "38dc4cfd661f213b8246d20ca18567d550132571",
    "filename": "with_labels.py",
    "filename_after_commit": "/home/chowyi/TypeAnnotation_Study/GitHub/allenai-spv2/with_labels.py",
    "file_hunks_size": 1,
    "min_patch_found": false,
    "single_hunk": false,
    "fit_TFix": false,
    "delete_only_patch": false,
    "has_suppression_all_hunks": false,
    "full_warning_msg": "with_labels.py:42:5 Unbound name [10]: Name `Tuple` is used but not defined in the current scope.",
    "message": " Name `Tuple` is used but not defined in the current scope.",
    "rule_id": "Unbound name [10]",
    "warning_line_no": 42,
    "warning_line": ") -> Tuple[Model, Model]:"
  }
]