[
  {
    "project": "Azure/azure-functions-python-worker",
    "commit": "6de832b2a63830675c7b7b73fe8db93c856d9f3b",
    "filename": "azure/worker/loader.py",
    "filename_after_commit": "/home/chowyi/TypeAnnotation_Study/GitHub/Azure-azure-functions-python-worker/azure/worker/loader.py",
    "file_hunks_size": 2,
    "min_patch_found": true,
    "single_hunk": true,
    "fit_TFix": false,
    "delete_only_patch": false,
    "has_suppression_all_hunks": false,
    "full_warning_msg": "azure/worker/loader.py:38:26 Incompatible parameter type [6]: Expected `str` for 1st positional only parameter to call `register_function_dir` but got `pathlib.Path`.",
    "message": " Expected `str` for 1st positional only parameter to call `register_function_dir` but got `pathlib.Path`.",
    "rule_id": "Incompatible parameter type [6]",
    "warning_line_no": 38,
    "warning_line": "    register_function_dir(dir_path.parent)",
    "min_patch": [
      {
        "hunk_fit_TFix": false,
        "inside_window": true,
        "delete_only": false,
        "has_suppression": false,
        "source_code": "\ndef register_function_dir(path: str):\n    _submodule_dirs.append(str(path))\n\n",
        "source_code_len": 78,
        "target_code": "\ndef register_function_dir(path: os.PathLike):\n    _submodule_dirs.append(os.fspath(path))\n\n",
        "target_code_len": 92,
        "diff_format": "@@ -16,4 +17,4 @@\n \n-def register_function_dir(path: str):\n-    _submodule_dirs.append(str(path))\n+def register_function_dir(path: os.PathLike):\n+    _submodule_dirs.append(os.fspath(path))\n \n",
        "source_code_with_indent": "\ndef register_function_dir(path: str):\n    <IND>_submodule_dirs.append(str(path))\n\n",
        "source_code_with_indent_exact_match": true,
        "target_code_with_indent": "\ndef register_function_dir(path: os.PathLike):\n    <IND>_submodule_dirs.append(os.fspath(path))\n\n",
        "target_code_with_indent_exact_match": true
      }
    ]
  }
]