[
  {
    "project": "agronholm/anyio",
    "commit": "bc9ab5e965aa472421b5a9e39c384fb4d33de199",
    "filename": "src/anyio/abc/sockets.py",
    "filename_after_commit": "/home/chowyi/TypeAnnotation_Study/GitHub/agronholm-anyio/src/anyio/abc/sockets.py",
    "file_hunks_size": 6,
    "min_patch_found": false,
    "single_hunk": false,
    "fit_TFix": false,
    "delete_only_patch": false,
    "has_suppression_all_hunks": false,
    "full_warning_msg": "src/anyio/abc/sockets.py:59:8 Incompatible return type [7]: Expected `AddressFamily` but got `int`.",
    "message": " Expected `AddressFamily` but got `int`.",
    "rule_id": "Incompatible return type [7]",
    "warning_line_no": 59,
    "warning_line": "        return self.raw_socket.family"
  }
]