[
  {
    "project": "belskikh/kekas",
    "commit": "bdaeda5c25178c6a5d5fd584d25a266db41f243d",
    "filename": "kekas/keker.py",
    "filename_after_commit": "/home/chowyi/TypeAnnotation_Study/GitHub/belskikh-kekas/kekas/keker.py",
    "file_hunks_size": 5,
    "min_patch_found": true,
    "single_hunk": true,
    "fit_TFix": true,
    "delete_only_patch": false,
    "has_suppression_all_hunks": false,
    "full_warning_msg": "kekas/keker.py:200:45 Incompatible parameter type [6]: Expected `int` for 2nd positional only parameter to call `LRFinder.__init__` but got `float`.",
    "message": " Expected `int` for 2nd positional only parameter to call `LRFinder.__init__` but got `float`.",
    "rule_id": "Incompatible parameter type [6]",
    "warning_line_no": 200,
    "warning_line": "            lrfinder_cb = LRFinder(final_lr, init_lr, n_steps)",
    "min_patch": [
      {
        "hunk_fit_TFix": true,
        "inside_window": true,
        "delete_only": false,
        "has_suppression": false,
        "source_code": "        try:\n            lrfinder_cb = LRFinder(final_lr, init_lr, n_steps)\n\n",
        "source_code_len": 77,
        "target_code": "        try:\n            lrfinder_cb = LRFinder(final_lr=final_lr,\n                                   init_lr=init_lr,\n                                   n_steps=n_steps)\n\n",
        "target_code_len": 172,
        "diff_format": "@@ -199,3 +199,5 @@\n         try:\n-            lrfinder_cb = LRFinder(final_lr, init_lr, n_steps)\n+            lrfinder_cb = LRFinder(final_lr=final_lr,\n+                                   init_lr=init_lr,\n+                                   n_steps=n_steps)\n \n",
        "source_code_with_indent": "        try:\n            <IND>lrfinder_cb = LRFinder(final_lr, init_lr, n_steps)\n\n",
        "source_code_with_indent_exact_match": true,
        "target_code_with_indent": "        try:\n            <IND>lrfinder_cb = LRFinder(final_lr=final_lr,\n                                   init_lr=init_lr,\n                                   n_steps=n_steps)\n\n",
        "target_code_with_indent_exact_match": true
      }
    ]
  }
]