[
  {
    "project": "apache/airflow",
    "commit": "644051abcbb87aab906e050eacce3a70379060dd",
    "filename": "airflow/providers/google/marketing_platform/operators/display_video.py",
    "filename_after_commit": "/home/chowyi/TypeAnnotation_Study/GitHub/apache-airflow/airflow/providers/google/marketing_platform/operators/display_video.py",
    "file_hunks_size": 1,
    "min_patch_found": false,
    "single_hunk": false,
    "fit_TFix": false,
    "delete_only_patch": false,
    "has_suppression_all_hunks": false,
    "full_warning_msg": "airflow/providers/google/marketing_platform/operators/display_video.py:379:8 Incompatible variable type [9]: params is declared to have type `Dict[str, typing.Any]` but is used as type `None`.",
    "message": " params is declared to have type `Dict[str, typing.Any]` but is used as type `None`.",
    "rule_id": "Incompatible variable type [9]",
    "warning_line_no": 379,
    "warning_line": "        params: Dict[str, Any] = None,"
  },
  {
    "project": "apache/airflow",
    "commit": "644051abcbb87aab906e050eacce3a70379060dd",
    "filename": "airflow/providers/google/marketing_platform/operators/display_video.py",
    "filename_after_commit": "/home/chowyi/TypeAnnotation_Study/GitHub/apache-airflow/airflow/providers/google/marketing_platform/operators/display_video.py",
    "file_hunks_size": 1,
    "min_patch_found": false,
    "single_hunk": false,
    "fit_TFix": false,
    "delete_only_patch": false,
    "has_suppression_all_hunks": false,
    "full_warning_msg": "airflow/providers/google/marketing_platform/operators/display_video.py:380:8 Incompatible variable type [9]: parameters is declared to have type `Dict[str, typing.Any]` but is used as type `None`.",
    "message": " parameters is declared to have type `Dict[str, typing.Any]` but is used as type `None`.",
    "rule_id": "Incompatible variable type [9]",
    "warning_line_no": 380,
    "warning_line": "        parameters: Dict[str, Any] = None,"
  },
  {
    "project": "apache/airflow",
    "commit": "644051abcbb87aab906e050eacce3a70379060dd",
    "filename": "airflow/providers/google/suite/transfers/sql_to_sheets.py",
    "filename_after_commit": "/home/chowyi/TypeAnnotation_Study/GitHub/apache-airflow/airflow/providers/google/suite/transfers/sql_to_sheets.py",
    "file_hunks_size": 1,
    "min_patch_found": true,
    "single_hunk": true,
    "fit_TFix": true,
    "delete_only_patch": false,
    "has_suppression_all_hunks": false,
    "full_warning_msg": "airflow/providers/google/suite/transfers/sql_to_sheets.py:80:8 Incompatible variable type [9]: database is declared to have type `str` but is used as type `None`.",
    "message": " database is declared to have type `str` but is used as type `None`.",
    "rule_id": "Incompatible variable type [9]",
    "warning_line_no": 80,
    "warning_line": "        database: str = None,",
    "min_patch": [
      {
        "hunk_fit_TFix": true,
        "inside_window": true,
        "delete_only": false,
        "has_suppression": false,
        "source_code": "        parameters: Optional[Union[Mapping, Iterable]] = None,\n        database: str = None,\n        spreadsheet_range: str = \"Sheet1\",\n",
        "source_code_len": 136,
        "target_code": "        parameters: Optional[Union[Mapping, Iterable]] = None,\n        database: Optional[str] = None,\n        spreadsheet_range: str = \"Sheet1\",\n",
        "target_code_len": 146,
        "diff_format": "@@ -79,3 +79,3 @@\n         parameters: Optional[Union[Mapping, Iterable]] = None,\n-        database: str = None,\n+        database: Optional[str] = None,\n         spreadsheet_range: str = \"Sheet1\",\n",
        "source_code_with_indent": "        parameters: Optional[Union[Mapping, Iterable]] = None,\n        database: str = None,\n        spreadsheet_range: str = \"Sheet1\",\n",
        "source_code_with_indent_exact_match": true,
        "target_code_with_indent": "        parameters: Optional[Union[Mapping, Iterable]] = None,\n        database: Optional[str] = None,\n        spreadsheet_range: str = \"Sheet1\",\n",
        "target_code_with_indent_exact_match": true
      }
    ]
  }
]