[
  {
    "project": "allenai/deep_qa",
    "commit": "b2af5c158700190a35ca4672318daa88cf39b83b",
    "filename": "deep_qa/training/multi_gpu.py",
    "filename_after_commit": "/home/chowyi/TypeAnnotation_Study/GitHub/allenai-deep_qa/deep_qa/training/multi_gpu.py",
    "file_hunks_size": 1,
    "min_patch_found": false,
    "single_hunk": false,
    "fit_TFix": false,
    "delete_only_patch": false,
    "has_suppression_all_hunks": false,
    "full_warning_msg": "deep_qa/training/multi_gpu.py:75:26 Call error [29]: `DeepQaModel` is not a function.",
    "message": " `DeepQaModel` is not a function.",
    "rule_id": "Call error [29]",
    "warning_line_no": 75,
    "warning_line": "                outputs = model(inputs)"
  }
]