[
  {
    "project": "abhinavk99/jikanpy",
    "commit": "f838c9ddecda285175cc66eb5d4780a95aea538a",
    "filename": "jikanpy/abstractjikan.py",
    "min_patch_found": false,
    "full_warning_msg": "jikanpy/abstractjikan.py:21:23 Incompatible variable type [9]: selected_base is declared to have type `str` but is used as type `None`.",
    "exception": "[Errno 2] No such file or directory: '/home/chowyi/TypeAnnotation_Study/GitHub/abhinavk99-jikanpy/jikanpy/abstractjikan.py'",
    "dd_fail": true
  },
  {
    "project": "abhinavk99/jikanpy",
    "commit": "f838c9ddecda285175cc66eb5d4780a95aea538a",
    "filename": "jikanpy/aiojikan.py",
    "filename_after_commit": "/home/chowyi/TypeAnnotation_Study/GitHub/abhinavk99-jikanpy/jikanpy/aiojikan.py",
    "file_hunks_size": 14,
    "min_patch_found": false,
    "single_hunk": false,
    "fit_TFix": false,
    "delete_only_patch": false,
    "has_suppression_all_hunks": false,
    "full_warning_msg": "jikanpy/aiojikan.py:21:25 Incompatible parameter type [6]: Expected `str` for 1st parameter `selected_base` to call `AbstractJikan.__init__` but got `Optional[str]`.",
    "message": " Expected `str` for 1st parameter `selected_base` to call `AbstractJikan.__init__` but got `Optional[str]`.",
    "rule_id": "Incompatible parameter type [6]",
    "warning_line_no": 21,
    "warning_line": "        super().__init__(selected_base=selected_base)"
  },
  {
    "project": "abhinavk99/jikanpy",
    "commit": "f838c9ddecda285175cc66eb5d4780a95aea538a",
    "filename": "jikanpy/jikan.py",
    "filename_after_commit": "/home/chowyi/TypeAnnotation_Study/GitHub/abhinavk99-jikanpy/jikanpy/jikan.py",
    "file_hunks_size": 14,
    "min_patch_found": false,
    "single_hunk": false,
    "fit_TFix": false,
    "delete_only_patch": false,
    "has_suppression_all_hunks": false,
    "full_warning_msg": "jikanpy/jikan.py:17:25 Incompatible parameter type [6]: Expected `str` for 1st parameter `selected_base` to call `AbstractJikan.__init__` but got `Optional[str]`.",
    "message": " Expected `str` for 1st parameter `selected_base` to call `AbstractJikan.__init__` but got `Optional[str]`.",
    "rule_id": "Incompatible parameter type [6]",
    "warning_line_no": 17,
    "warning_line": "        super().__init__(selected_base=selected_base)"
  }
]