[
  {
    "project": "Axelrod-Python/Axelrod",
    "commit": "594ba990e4af411b7940ba52b2ab0383d7bdf036",
    "filename": "axelrod/actions.py",
    "filename_after_commit": "/home/chowyi/TypeAnnotation_Study/GitHub/Axelrod-Python-Axelrod/axelrod/actions.py",
    "file_hunks_size": 1,
    "min_patch_found": true,
    "single_hunk": true,
    "fit_TFix": false,
    "delete_only_patch": false,
    "has_suppression_all_hunks": false,
    "full_warning_msg": "axelrod/actions.py:13:8 Incompatible return type [7]: Expected `Action` but got `str`.",
    "message": " Expected `Action` but got `str`.",
    "rule_id": "Incompatible return type [7]",
    "warning_line_no": 13,
    "warning_line": "        return Actions.D",
    "min_patch": [
      {
        "hunk_fit_TFix": false,
        "inside_window": false,
        "delete_only": false,
        "has_suppression": false,
        "source_code": "from typing import NewType\n\nAction = NewType('Action', str)\n\n",
        "source_code_len": 61,
        "target_code": "\n# Type alias for actions.\nAction = str\n\n",
        "target_code_len": 41,
        "diff_format": "@@ -1,4 +1,4 @@\n-from typing import NewType\n \n-Action = NewType('Action', str)\n+# Type alias for actions.\n+Action = str\n \n",
        "source_code_with_indent": "from typing import NewType\n\nAction = NewType('Action', str)\n\n",
        "source_code_with_indent_exact_match": true,
        "target_code_with_indent": "\n# Type alias for actions.\nAction = str\n\n",
        "target_code_with_indent_exact_match": true
      }
    ]
  },
  {
    "project": "Axelrod-Python/Axelrod",
    "commit": "594ba990e4af411b7940ba52b2ab0383d7bdf036",
    "filename": "axelrod/actions.py",
    "filename_after_commit": "/home/chowyi/TypeAnnotation_Study/GitHub/Axelrod-Python-Axelrod/axelrod/actions.py",
    "file_hunks_size": 1,
    "min_patch_found": true,
    "single_hunk": true,
    "fit_TFix": false,
    "delete_only_patch": false,
    "has_suppression_all_hunks": false,
    "full_warning_msg": "axelrod/actions.py:15:8 Incompatible return type [7]: Expected `Action` but got `str`.",
    "message": " Expected `Action` but got `str`.",
    "rule_id": "Incompatible return type [7]",
    "warning_line_no": 15,
    "warning_line": "        return Actions.C",
    "min_patch": [
      {
        "hunk_fit_TFix": false,
        "inside_window": false,
        "delete_only": false,
        "has_suppression": false,
        "source_code": "from typing import NewType\n\nAction = NewType('Action', str)\n\n",
        "source_code_len": 61,
        "target_code": "\n# Type alias for actions.\nAction = str\n\n",
        "target_code_len": 41,
        "diff_format": "@@ -1,4 +1,4 @@\n-from typing import NewType\n \n-Action = NewType('Action', str)\n+# Type alias for actions.\n+Action = str\n \n",
        "source_code_with_indent": "from typing import NewType\n\nAction = NewType('Action', str)\n\n",
        "source_code_with_indent_exact_match": true,
        "target_code_with_indent": "\n# Type alias for actions.\nAction = str\n\n",
        "target_code_with_indent_exact_match": true
      }
    ]
  },
  {
    "project": "Axelrod-Python/Axelrod",
    "commit": "594ba990e4af411b7940ba52b2ab0383d7bdf036",
    "filename": "axelrod/random_.py",
    "min_patch_found": false,
    "full_warning_msg": "axelrod/random_.py:24:8 Incompatible return type [7]: Expected `Action` but got `str`.",
    "exception": "PatchSet should only have 1 Patch, but it has 0",
    "dd_fail": true
  },
  {
    "project": "Axelrod-Python/Axelrod",
    "commit": "594ba990e4af411b7940ba52b2ab0383d7bdf036",
    "filename": "axelrod/random_.py",
    "min_patch_found": false,
    "full_warning_msg": "axelrod/random_.py:27:8 Incompatible return type [7]: Expected `Action` but got `str`.",
    "exception": "PatchSet should only have 1 Patch, but it has 0",
    "dd_fail": true
  },
  {
    "project": "Axelrod-Python/Axelrod",
    "commit": "594ba990e4af411b7940ba52b2ab0383d7bdf036",
    "filename": "axelrod/random_.py",
    "min_patch_found": false,
    "full_warning_msg": "axelrod/random_.py:31:8 Incompatible return type [7]: Expected `Action` but got `str`.",
    "exception": "PatchSet should only have 1 Patch, but it has 0",
    "dd_fail": true
  },
  {
    "project": "Axelrod-Python/Axelrod",
    "commit": "594ba990e4af411b7940ba52b2ab0383d7bdf036",
    "filename": "axelrod/random_.py",
    "min_patch_found": false,
    "full_warning_msg": "axelrod/random_.py:32:4 Incompatible return type [7]: Expected `Action` but got `str`.",
    "exception": "PatchSet should only have 1 Patch, but it has 0",
    "dd_fail": true
  }
]