[
  {
    "project": "allenai/allennlp",
    "commit": "b764bef5f3e6c42cea0800b9acf4eed9f316a7aa",
    "filename": "allennlp/data/dataset_readers/dataset_reader.py",
    "filename_after_commit": "/home/chowyi/TypeAnnotation_Study/GitHub/allenai-allennlp/allennlp/data/dataset_readers/dataset_reader.py",
    "file_hunks_size": 21,
    "min_patch_found": false,
    "single_hunk": false,
    "fit_TFix": false,
    "delete_only_patch": false,
    "has_suppression_all_hunks": false,
    "full_warning_msg": "allennlp/data/dataset_readers/dataset_reader.py:39:8 Incompatible variable type [9]: deserialize is declared to have type `typing.Callable[[str], Instance]` but is used as type `None`.",
    "message": " deserialize is declared to have type `typing.Callable[[str], Instance]` but is used as type `None`.",
    "rule_id": "Incompatible variable type [9]",
    "warning_line_no": 39,
    "warning_line": "        deserialize: Callable[[str], Instance] = None,"
  },
  {
    "project": "allenai/allennlp",
    "commit": "b764bef5f3e6c42cea0800b9acf4eed9f316a7aa",
    "filename": "allennlp/data/dataset_readers/dataset_reader.py",
    "filename_after_commit": "/home/chowyi/TypeAnnotation_Study/GitHub/allenai-allennlp/allennlp/data/dataset_readers/dataset_reader.py",
    "file_hunks_size": 21,
    "min_patch_found": false,
    "single_hunk": false,
    "fit_TFix": false,
    "delete_only_patch": false,
    "has_suppression_all_hunks": false,
    "full_warning_msg": "allennlp/data/dataset_readers/dataset_reader.py:40:8 Incompatible variable type [9]: serialize is declared to have type `typing.Callable[[Instance], str]` but is used as type `None`.",
    "message": " serialize is declared to have type `typing.Callable[[Instance], str]` but is used as type `None`.",
    "rule_id": "Incompatible variable type [9]",
    "warning_line_no": 40,
    "warning_line": "        serialize: Callable[[Instance], str] = None,"
  },
  {
    "project": "allenai/allennlp",
    "commit": "b764bef5f3e6c42cea0800b9acf4eed9f316a7aa",
    "filename": "allennlp/data/dataset_readers/dataset_reader.py",
    "filename_after_commit": "/home/chowyi/TypeAnnotation_Study/GitHub/allenai-allennlp/allennlp/data/dataset_readers/dataset_reader.py",
    "file_hunks_size": 21,
    "min_patch_found": false,
    "single_hunk": false,
    "fit_TFix": false,
    "delete_only_patch": false,
    "has_suppression_all_hunks": false,
    "full_warning_msg": "allennlp/data/dataset_readers/dataset_reader.py:62:8 Incompatible variable type [9]: cache_file is declared to have type `str` but is used as type `None`.",
    "message": " cache_file is declared to have type `str` but is used as type `None`.",
    "rule_id": "Incompatible variable type [9]",
    "warning_line_no": 62,
    "warning_line": "        cache_file: str = None,"
  },
  {
    "project": "allenai/allennlp",
    "commit": "b764bef5f3e6c42cea0800b9acf4eed9f316a7aa",
    "filename": "allennlp/data/dataset_readers/dataset_reader.py",
    "filename_after_commit": "/home/chowyi/TypeAnnotation_Study/GitHub/allenai-allennlp/allennlp/data/dataset_readers/dataset_reader.py",
    "file_hunks_size": 21,
    "min_patch_found": false,
    "single_hunk": false,
    "fit_TFix": false,
    "delete_only_patch": false,
    "has_suppression_all_hunks": false,
    "full_warning_msg": "allennlp/data/dataset_readers/dataset_reader.py:63:8 Incompatible variable type [9]: deserialize is declared to have type `typing.Callable[[str], Instance]` but is used as type `None`.",
    "message": " deserialize is declared to have type `typing.Callable[[str], Instance]` but is used as type `None`.",
    "rule_id": "Incompatible variable type [9]",
    "warning_line_no": 63,
    "warning_line": "        deserialize: Callable[[str], Instance] = None,"
  },
  {
    "project": "allenai/allennlp",
    "commit": "b764bef5f3e6c42cea0800b9acf4eed9f316a7aa",
    "filename": "allennlp/data/dataset_readers/dataset_reader.py",
    "filename_after_commit": "/home/chowyi/TypeAnnotation_Study/GitHub/allenai-allennlp/allennlp/data/dataset_readers/dataset_reader.py",
    "file_hunks_size": 21,
    "min_patch_found": false,
    "single_hunk": false,
    "fit_TFix": false,
    "delete_only_patch": false,
    "has_suppression_all_hunks": false,
    "full_warning_msg": "allennlp/data/dataset_readers/dataset_reader.py:64:8 Incompatible variable type [9]: serialize is declared to have type `typing.Callable[[Instance], str]` but is used as type `None`.",
    "message": " serialize is declared to have type `typing.Callable[[Instance], str]` but is used as type `None`.",
    "rule_id": "Incompatible variable type [9]",
    "warning_line_no": 64,
    "warning_line": "        serialize: Callable[[Instance], str] = None,"
  },
  {
    "project": "allenai/allennlp",
    "commit": "b764bef5f3e6c42cea0800b9acf4eed9f316a7aa",
    "filename": "allennlp/data/dataset_readers/dataset_reader.py",
    "filename_after_commit": "/home/chowyi/TypeAnnotation_Study/GitHub/allenai-allennlp/allennlp/data/dataset_readers/dataset_reader.py",
    "file_hunks_size": 21,
    "min_patch_found": false,
    "single_hunk": false,
    "fit_TFix": false,
    "delete_only_patch": false,
    "has_suppression_all_hunks": false,
    "full_warning_msg": "allennlp/data/dataset_readers/dataset_reader.py:65:8 Incompatible variable type [9]: vocab is declared to have type `Vocabulary` but is used as type `None`.",
    "message": " vocab is declared to have type `Vocabulary` but is used as type `None`.",
    "rule_id": "Incompatible variable type [9]",
    "warning_line_no": 65,
    "warning_line": "        vocab: Vocabulary = None,"
  },
  {
    "project": "allenai/allennlp",
    "commit": "b764bef5f3e6c42cea0800b9acf4eed9f316a7aa",
    "filename": "allennlp/data/dataset_readers/dataset_reader.py",
    "filename_after_commit": "/home/chowyi/TypeAnnotation_Study/GitHub/allenai-allennlp/allennlp/data/dataset_readers/dataset_reader.py",
    "file_hunks_size": 21,
    "min_patch_found": false,
    "single_hunk": false,
    "fit_TFix": false,
    "delete_only_patch": false,
    "has_suppression_all_hunks": false,
    "full_warning_msg": "allennlp/data/dataset_readers/dataset_reader.py:111:37 Incompatible parameter type [6]: Expected `Iterable[Variable[_T]]` for 1st positional only parameter to call `iter` but got `AllennlpLazyDataset`.",
    "message": " Expected `Iterable[Variable[_T]]` for 1st positional only parameter to call `iter` but got `AllennlpLazyDataset`.",
    "rule_id": "Incompatible parameter type [6]",
    "warning_line_no": 111,
    "warning_line": "        return itertools.islice(iter(self.inner), self.max_instances)"
  },
  {
    "project": "allenai/allennlp",
    "commit": "b764bef5f3e6c42cea0800b9acf4eed9f316a7aa",
    "filename": "allennlp/data/dataset_readers/dataset_reader.py",
    "filename_after_commit": "/home/chowyi/TypeAnnotation_Study/GitHub/allenai-allennlp/allennlp/data/dataset_readers/dataset_reader.py",
    "file_hunks_size": 21,
    "min_patch_found": false,
    "single_hunk": false,
    "fit_TFix": false,
    "delete_only_patch": false,
    "has_suppression_all_hunks": false,
    "full_warning_msg": "allennlp/data/dataset_readers/dataset_reader.py:129:17 Incompatible parameter type [6]: Expected `Iterable[Variable[_T]]` for 1st positional only parameter to call `iter` but got `AllennlpLazyDataset`.",
    "message": " Expected `Iterable[Variable[_T]]` for 1st positional only parameter to call `iter` but got `AllennlpLazyDataset`.",
    "rule_id": "Incompatible parameter type [6]",
    "warning_line_no": 129,
    "warning_line": "            iter(self.inner), distributed.get_rank(), None, distributed.get_world_size()"
  },
  {
    "project": "allenai/allennlp",
    "commit": "b764bef5f3e6c42cea0800b9acf4eed9f316a7aa",
    "filename": "allennlp/data/dataset_readers/dataset_reader.py",
    "filename_after_commit": "/home/chowyi/TypeAnnotation_Study/GitHub/allenai-allennlp/allennlp/data/dataset_readers/dataset_reader.py",
    "file_hunks_size": 21,
    "min_patch_found": false,
    "single_hunk": false,
    "fit_TFix": false,
    "delete_only_patch": false,
    "has_suppression_all_hunks": false,
    "full_warning_msg": "allennlp/data/dataset_readers/dataset_reader.py:225:16 Incompatible parameter type [6]: Expected `str` for 3rd positional only parameter to call `_LazyInstances.__init__` but got `Optional[str]`.",
    "message": " Expected `str` for 3rd positional only parameter to call `_LazyInstances.__init__` but got `Optional[str]`.",
    "rule_id": "Incompatible parameter type [6]",
    "warning_line_no": 225,
    "warning_line": "                cache_file,"
  }
]