[
  {
    "project": "ankitects/anki",
    "commit": "dfcefaebe351413f264c5b661e2131b3ed32f897",
    "filename": "qt/aqt/__init__.py",
    "filename_after_commit": "/home/chowyi/TypeAnnotation_Study/GitHub/ankitects-anki/qt/aqt/__init__.py",
    "file_hunks_size": 1,
    "min_patch_found": true,
    "single_hunk": true,
    "fit_TFix": false,
    "delete_only_patch": true,
    "has_suppression_all_hunks": false,
    "full_warning_msg": "qt/aqt/__init__.py:375:25 Unbound name [10]: Name `QtSystemMsg` is used but not defined in the current scope.",
    "message": " Name `QtSystemMsg` is used but not defined in the current scope.",
    "rule_id": "Unbound name [10]",
    "warning_line_no": 375,
    "warning_line": "        elif category == QtSystemMsg:",
    "min_patch": [
      {
        "hunk_fit_TFix": true,
        "inside_window": true,
        "delete_only": true,
        "has_suppression": false,
        "source_code": "            category = \"fatal\"\n        elif category == QtSystemMsg:\n            category = \"system\"\n        else:\n",
        "source_code_len": 115,
        "target_code": "            category = \"fatal\"\n        else:\n",
        "target_code_len": 45,
        "diff_format": "@@ -374,4 +374,2 @@\n             category = \"fatal\"\n-        elif category == QtSystemMsg:\n-            category = \"system\"\n         else:\n",
        "source_code_with_indent": "            <IND>category = \"fatal\"\n        <DED>elif category == QtSystemMsg:\n            <IND>category = \"system\"\n        <DED>else:\n",
        "source_code_with_indent_exact_match": true,
        "target_code_with_indent": "            <IND>category = \"fatal\"\n        <DED>else:\n",
        "target_code_with_indent_exact_match": true
      }
    ]
  },
  {
    "project": "ankitects/anki",
    "commit": "dfcefaebe351413f264c5b661e2131b3ed32f897",
    "filename": "qt/aqt/tagedit.py",
    "filename_after_commit": "/home/chowyi/TypeAnnotation_Study/GitHub/ankitects-anki/qt/aqt/tagedit.py",
    "file_hunks_size": 1,
    "min_patch_found": true,
    "single_hunk": true,
    "fit_TFix": false,
    "delete_only_patch": false,
    "has_suppression_all_hunks": true,
    "full_warning_msg": "qt/aqt/tagedit.py:102:11 Unbound name [10]: Name `sip` is used but not defined in the current scope.",
    "message": " Name `sip` is used but not defined in the current scope.",
    "rule_id": "Unbound name [10]",
    "warning_line_no": 102,
    "warning_line": "        if sip.isdeleted(self._completer):",
    "min_patch": [
      {
        "hunk_fit_TFix": true,
        "inside_window": true,
        "delete_only": false,
        "has_suppression": true,
        "source_code": "    def hideCompleter(self) -> None:\n        if sip.isdeleted(self._completer):\n            return\n",
        "source_code_len": 99,
        "target_code": "    def hideCompleter(self) -> None:\n        if sip.isdeleted(self._completer):  # type: ignore\n            return\n",
        "target_code_len": 115,
        "diff_format": "@@ -101,3 +101,3 @@\n     def hideCompleter(self) -> None:\n-        if sip.isdeleted(self._completer):\n+        if sip.isdeleted(self._completer):  # type: ignore\n             return\n",
        "source_code_with_indent": "    <DED>def hideCompleter(self) -> None:\n        <IND>if sip.isdeleted(self._completer):\n            <IND>return\n",
        "source_code_with_indent_exact_match": true,
        "target_code_with_indent": "    <DED>def hideCompleter(self) -> None:\n        <IND>if sip.isdeleted(self._completer):  # type: ignore\n            <IND>return\n",
        "target_code_with_indent_exact_match": true
      }
    ]
  },
  {
    "project": "ankitects/anki",
    "commit": "dfcefaebe351413f264c5b661e2131b3ed32f897",
    "filename": "qt/aqt/utils.py",
    "filename_after_commit": "/home/chowyi/TypeAnnotation_Study/GitHub/ankitects-anki/qt/aqt/utils.py",
    "file_hunks_size": 3,
    "min_patch_found": true,
    "single_hunk": true,
    "fit_TFix": false,
    "delete_only_patch": false,
    "has_suppression_all_hunks": true,
    "full_warning_msg": "qt/aqt/utils.py:889:13 Unbound name [10]: Name `QOpenGLVersionProfile` is used but not defined in the current scope.",
    "message": " Name `QOpenGLVersionProfile` is used but not defined in the current scope.",
    "rule_id": "Unbound name [10]",
    "warning_line_no": 889,
    "warning_line": "        vp = QOpenGLVersionProfile()",
    "min_patch": [
      {
        "hunk_fit_TFix": true,
        "inside_window": true,
        "delete_only": false,
        "has_suppression": true,
        "source_code": "\n        vp = QOpenGLVersionProfile()\n        vp.setVersion(2, 0)\n",
        "source_code_len": 66,
        "target_code": "\n        vp = QOpenGLVersionProfile()  # type: ignore\n        vp.setVersion(2, 0)\n",
        "target_code_len": 82,
        "diff_format": "@@ -888,3 +890,3 @@\n \n-        vp = QOpenGLVersionProfile()\n+        vp = QOpenGLVersionProfile()  # type: ignore\n         vp.setVersion(2, 0)\n",
        "source_code_with_indent": "\n        <DED>vp = QOpenGLVersionProfile()\n        vp.setVersion(2, 0)\n",
        "source_code_with_indent_exact_match": true,
        "target_code_with_indent": "\n        <DED>vp = QOpenGLVersionProfile()  # type: ignore\n        vp.setVersion(2, 0)\n",
        "target_code_with_indent_exact_match": true
      }
    ]
  }
]