[
  {
    "project": "ArchiveBox/ArchiveBox",
    "commit": "cac3912439646606f29c5573ba3828e5ae4bd7bd",
    "filename": "archivebox/main.py",
    "min_patch_found": false,
    "full_warning_msg": "archivebox/main.py:248:8 Incompatible parameter type [6]: Expected `Optional[str]` for 4th parameter `pwd` to call `run_subcommand` but got `Path`.",
    "exception": "PatchSet should only have 1 Patch, but it has 0",
    "dd_fail": true
  },
  {
    "project": "ArchiveBox/ArchiveBox",
    "commit": "cac3912439646606f29c5573ba3828e5ae4bd7bd",
    "filename": "archivebox/main.py",
    "min_patch_found": false,
    "full_warning_msg": "archivebox/main.py:531:43 Incompatible parameter type [6]: Expected `Optional[str]` for 3rd parameter `pwd` to call `run_subcommand` but got `Path`.",
    "exception": "PatchSet should only have 1 Patch, but it has 0",
    "dd_fail": true
  },
  {
    "project": "ArchiveBox/ArchiveBox",
    "commit": "cac3912439646606f29c5573ba3828e5ae4bd7bd",
    "filename": "archivebox/main.py",
    "min_patch_found": false,
    "full_warning_msg": "archivebox/main.py:1028:43 Incompatible parameter type [6]: Expected `Optional[str]` for 3rd parameter `pwd` to call `run_subcommand` but got `Path`.",
    "exception": "PatchSet should only have 1 Patch, but it has 0",
    "dd_fail": true
  }
]