[
  {
    "project": "apache/airflow",
    "commit": "a5dfd63944cfad796e18bbd7a02f713971c27c94",
    "filename": "airflow/operators/bash.py",
    "filename_after_commit": "/home/chowyi/TypeAnnotation_Study/GitHub/apache-airflow/airflow/operators/bash.py",
    "file_hunks_size": 1,
    "min_patch_found": true,
    "single_hunk": true,
    "fit_TFix": true,
    "delete_only_patch": false,
    "has_suppression_all_hunks": false,
    "full_warning_msg": "airflow/operators/bash.py:146:8 Incompatible variable type [9]: cwd is declared to have type `str` but is used as type `None`.",
    "message": " cwd is declared to have type `str` but is used as type `None`.",
    "rule_id": "Incompatible variable type [9]",
    "warning_line_no": 146,
    "warning_line": "        cwd: str = None,",
    "min_patch": [
      {
        "hunk_fit_TFix": true,
        "inside_window": true,
        "delete_only": false,
        "has_suppression": false,
        "source_code": "        skip_exit_code: int = 99,\n        cwd: str = None,\n        **kwargs,\n",
        "source_code_len": 77,
        "target_code": "        skip_exit_code: int = 99,\n        cwd: Optional[str] = None,\n        **kwargs,\n",
        "target_code_len": 87,
        "diff_format": "@@ -145,3 +145,3 @@\n         skip_exit_code: int = 99,\n-        cwd: str = None,\n+        cwd: Optional[str] = None,\n         **kwargs,\n",
        "source_code_with_indent": "        skip_exit_code: int = 99,\n        cwd: str = None,\n        **kwargs,\n",
        "source_code_with_indent_exact_match": true,
        "target_code_with_indent": "        skip_exit_code: int = 99,\n        cwd: Optional[str] = None,\n        **kwargs,\n",
        "target_code_with_indent_exact_match": true
      }
    ]
  }
]