[
  {
    "project": "arviz-devs/arviz",
    "commit": "bb5f93b7799aa08b7d325ccf52438c1bc3ed4687",
    "filename": "arviz/data/io_pymc3.py",
    "filename_after_commit": "/home/chowyi/TypeAnnotation_Study/GitHub/arviz-devs-arviz/arviz/data/io_pymc3.py",
    "file_hunks_size": 2,
    "min_patch_found": false,
    "single_hunk": false,
    "fit_TFix": false,
    "delete_only_patch": false,
    "has_suppression_all_hunks": false,
    "full_warning_msg": "arviz/data/io_pymc3.py:54:4 Incompatible attribute type [8]: Attribute `nchains` declared in class `PyMC3Converter` has type `int` but is used as type `None`.",
    "message": " Attribute `nchains` declared in class `PyMC3Converter` has type `int` but is used as type `None`.",
    "rule_id": "Incompatible attribute type [8]",
    "warning_line_no": 54,
    "warning_line": "    nchains = None  # type: int"
  },
  {
    "project": "arviz-devs/arviz",
    "commit": "bb5f93b7799aa08b7d325ccf52438c1bc3ed4687",
    "filename": "arviz/data/io_pymc3.py",
    "filename_after_commit": "/home/chowyi/TypeAnnotation_Study/GitHub/arviz-devs-arviz/arviz/data/io_pymc3.py",
    "file_hunks_size": 2,
    "min_patch_found": false,
    "single_hunk": false,
    "fit_TFix": false,
    "delete_only_patch": false,
    "has_suppression_all_hunks": false,
    "full_warning_msg": "arviz/data/io_pymc3.py:55:4 Incompatible attribute type [8]: Attribute `ndraws` declared in class `PyMC3Converter` has type `int` but is used as type `None`.",
    "message": " Attribute `ndraws` declared in class `PyMC3Converter` has type `int` but is used as type `None`.",
    "rule_id": "Incompatible attribute type [8]",
    "warning_line_no": 55,
    "warning_line": "    ndraws = None  # type: int"
  }
]