[
  {
    "project": "bigscience-workshop/promptsource",
    "commit": "43e4f74530cb4585431763e4b37483ead6ddc177",
    "filename": "promptsource/templates.py",
    "filename_after_commit": "/home/chowyi/TypeAnnotation_Study/GitHub/bigscience-workshop-promptsource/promptsource/templates.py",
    "file_hunks_size": 2,
    "min_patch_found": true,
    "single_hunk": true,
    "fit_TFix": false,
    "delete_only_patch": false,
    "has_suppression_all_hunks": false,
    "full_warning_msg": "promptsource/templates.py:106:8 Incompatible return type [7]: Expected `Dict[typing.Any, typing.Any]` but got implicit return value of `None`.",
    "message": " Expected `Dict[typing.Any, typing.Any]` but got implicit return value of `None`.",
    "rule_id": "Incompatible return type [7]",
    "warning_line_no": 106,
    "warning_line": "        self.name_to_id_mapping = {template.name: template.id for template in self.templates.values()}",
    "min_patch": [
      {
        "hunk_fit_TFix": false,
        "inside_window": true,
        "delete_only": false,
        "has_suppression": false,
        "source_code": "\n    def sync_mapping(self) -> Dict:\n        \"\"\"\n",
        "source_code_len": 49,
        "target_code": "\n    def sync_mapping(self) -> None:\n        \"\"\"\n",
        "target_code_len": 49,
        "diff_format": "@@ -101,3 +101,3 @@\n \n-    def sync_mapping(self) -> Dict:\n+    def sync_mapping(self) -> None:\n         \"\"\"\n",
        "source_code_with_indent_exact_match": false,
        "target_code_with_indent_exact_match": false,
        "source_code_with_indent": "\n    <DED>def sync_mapping(self) -> Dict:\n        <IND>",
        "target_code_with_indent": "\n    <DED>def sync_mapping(self) -> None:\n        <IND>"
      }
    ]
  }
]