[
  {
    "project": "Adapter-Hub/adapter-transformers",
    "commit": "1417978cd49181fd08837e7722c34dd5c8c113e3",
    "filename": "src/transformers/feature_extraction_sequence_utils.py",
    "filename_after_commit": "/home/chowyi/TypeAnnotation_Study/GitHub/Adapter-Hub-adapter-transformers/src/transformers/feature_extraction_sequence_utils.py",
    "file_hunks_size": 13,
    "min_patch_found": false,
    "single_hunk": false,
    "fit_TFix": false,
    "delete_only_patch": false,
    "has_suppression_all_hunks": false,
    "full_warning_msg": "src/transformers/feature_extraction_sequence_utils.py:190:16 Incompatible parameter type [6]: Expected `Union[Dict[str, List[float]], BatchFeature]` for 1st positional only parameter to call `SequenceFeatureExtractor._truncate` but got `Union[Dict[typing.Any, List[typing.Any]], Dict[str, BatchFeature], List[Dict[str, BatchFeature]], List[BatchFeature], BatchFeature]`.",
    "message": " Expected `Union[Dict[str, List[float]], BatchFeature]` for 1st positional only parameter to call `SequenceFeatureExtractor._truncate` but got `Union[Dict[typing.Any, List[typing.Any]], Dict[str, BatchFeature], List[Dict[str, BatchFeature]], List[BatchFeature], BatchFeature]`.",
    "rule_id": "Incompatible parameter type [6]",
    "warning_line_no": 190,
    "warning_line": "                processed_features,"
  },
  {
    "project": "Adapter-Hub/adapter-transformers",
    "commit": "1417978cd49181fd08837e7722c34dd5c8c113e3",
    "filename": "src/transformers/feature_extraction_sequence_utils.py",
    "filename_after_commit": "/home/chowyi/TypeAnnotation_Study/GitHub/Adapter-Hub-adapter-transformers/src/transformers/feature_extraction_sequence_utils.py",
    "file_hunks_size": 13,
    "min_patch_found": false,
    "single_hunk": false,
    "fit_TFix": false,
    "delete_only_patch": false,
    "has_suppression_all_hunks": false,
    "full_warning_msg": "src/transformers/feature_extraction_sequence_utils.py:288:59 Incompatible parameter type [6]: Expected `List[float]` for 2nd positional only parameter to call `dict.__setitem__` but got `List[int]`.",
    "message": " Expected `List[float]` for 2nd positional only parameter to call `dict.__setitem__` but got `List[int]`.",
    "rule_id": "Incompatible parameter type [6]",
    "warning_line_no": 288,
    "warning_line": "                    processed_features[\"attention_mask\"] = [1] * len(required_input) + [0] * difference"
  },
  {
    "project": "Adapter-Hub/adapter-transformers",
    "commit": "1417978cd49181fd08837e7722c34dd5c8c113e3",
    "filename": "src/transformers/feature_extraction_sequence_utils.py",
    "filename_after_commit": "/home/chowyi/TypeAnnotation_Study/GitHub/Adapter-Hub-adapter-transformers/src/transformers/feature_extraction_sequence_utils.py",
    "file_hunks_size": 13,
    "min_patch_found": false,
    "single_hunk": false,
    "fit_TFix": false,
    "delete_only_patch": false,
    "has_suppression_all_hunks": false,
    "full_warning_msg": "src/transformers/feature_extraction_sequence_utils.py:294:59 Incompatible parameter type [6]: Expected `List[float]` for 2nd positional only parameter to call `dict.__setitem__` but got `List[int]`.",
    "message": " Expected `List[float]` for 2nd positional only parameter to call `dict.__setitem__` but got `List[int]`.",
    "rule_id": "Incompatible parameter type [6]",
    "warning_line_no": 294,
    "warning_line": "                    processed_features[\"attention_mask\"] = [0] * difference + [1] * len(required_input)"
  },
  {
    "project": "Adapter-Hub/adapter-transformers",
    "commit": "1417978cd49181fd08837e7722c34dd5c8c113e3",
    "filename": "src/transformers/feature_extraction_sequence_utils.py",
    "filename_after_commit": "/home/chowyi/TypeAnnotation_Study/GitHub/Adapter-Hub-adapter-transformers/src/transformers/feature_extraction_sequence_utils.py",
    "file_hunks_size": 13,
    "min_patch_found": false,
    "single_hunk": false,
    "fit_TFix": false,
    "delete_only_patch": false,
    "has_suppression_all_hunks": false,
    "full_warning_msg": "src/transformers/feature_extraction_sequence_utils.py:295:64 Incompatible parameter type [6]: Expected `List[float]` for 2nd positional only parameter to call `dict.__setitem__` but got `List[Union[List[float], float]]`.",
    "message": " Expected `List[float]` for 2nd positional only parameter to call `dict.__setitem__` but got `List[Union[List[float], float]]`.",
    "rule_id": "Incompatible parameter type [6]",
    "warning_line_no": 295,
    "warning_line": "                processed_features[self.model_input_names[0]] = ["
  },
  {
    "project": "Adapter-Hub/adapter-transformers",
    "commit": "1417978cd49181fd08837e7722c34dd5c8c113e3",
    "filename": "src/transformers/feature_extraction_sequence_utils.py",
    "filename_after_commit": "/home/chowyi/TypeAnnotation_Study/GitHub/Adapter-Hub-adapter-transformers/src/transformers/feature_extraction_sequence_utils.py",
    "file_hunks_size": 13,
    "min_patch_found": true,
    "single_hunk": true,
    "fit_TFix": true,
    "delete_only_patch": false,
    "has_suppression_all_hunks": false,
    "full_warning_msg": "src/transformers/feature_extraction_sequence_utils.py:301:51 Incompatible parameter type [6]: Expected `List[float]` for 2nd positional only parameter to call `dict.__setitem__` but got `List[int]`.",
    "message": " Expected `List[float]` for 2nd positional only parameter to call `dict.__setitem__` but got `List[int]`.",
    "rule_id": "Incompatible parameter type [6]",
    "warning_line_no": 301,
    "warning_line": "            processed_features[\"attention_mask\"] = [1] * len(required_input)",
    "min_patch": [
      {
        "hunk_fit_TFix": true,
        "inside_window": true,
        "delete_only": false,
        "has_suppression": false,
        "source_code": "        elif return_attention_mask and \"attention_mask\" not in processed_features:\n            processed_features[\"attention_mask\"] = [1] * len(required_input)\n\n",
        "source_code_len": 161,
        "target_code": "        elif return_attention_mask and \"attention_mask\" not in processed_features:\n            processed_features[\"attention_mask\"] = np.ones(len(required_input), dtype=np.int32)\n\n",
        "target_code_len": 180,
        "diff_format": "@@ -300,3 +307,3 @@\n         elif return_attention_mask and \"attention_mask\" not in processed_features:\n-            processed_features[\"attention_mask\"] = [1] * len(required_input)\n+            processed_features[\"attention_mask\"] = np.ones(len(required_input), dtype=np.int32)\n \n",
        "source_code_with_indent": "        <DED><DED>elif return_attention_mask and \"attention_mask\" not in processed_features:\n            <IND>processed_features[\"attention_mask\"] = [1] * len(required_input)\n\n",
        "source_code_with_indent_exact_match": true,
        "target_code_with_indent": "        <DED><DED>elif return_attention_mask and \"attention_mask\" not in processed_features:\n            <IND>processed_features[\"attention_mask\"] = np.ones(len(required_input), dtype=np.int32)\n\n",
        "target_code_with_indent_exact_match": true
      }
    ]
  },
  {
    "project": "Adapter-Hub/adapter-transformers",
    "commit": "1417978cd49181fd08837e7722c34dd5c8c113e3",
    "filename": "src/transformers/feature_extraction_sequence_utils.py",
    "filename_after_commit": "/home/chowyi/TypeAnnotation_Study/GitHub/Adapter-Hub-adapter-transformers/src/transformers/feature_extraction_sequence_utils.py",
    "file_hunks_size": 13,
    "min_patch_found": false,
    "single_hunk": false,
    "fit_TFix": false,
    "delete_only_patch": false,
    "has_suppression_all_hunks": false,
    "full_warning_msg": "src/transformers/feature_extraction_sequence_utils.py:303:8 Incompatible return type [7]: Expected `Dict[typing.Any, typing.Any]` but got `Union[Dict[str, List[float]], BatchFeature]`.",
    "message": " Expected `Dict[typing.Any, typing.Any]` but got `Union[Dict[str, List[float]], BatchFeature]`.",
    "rule_id": "Incompatible return type [7]",
    "warning_line_no": 303,
    "warning_line": "        return processed_features"
  }
]