[
  {
    "project": "aio-libs/aioredis-py",
    "commit": "b3dc478b3c78bf7c79d986adb722266b7f5c2d3b",
    "filename": "tests/test_commands.py",
    "filename_after_commit": "/home/chowyi/TypeAnnotation_Study/GitHub/aio-libs-aioredis-py/tests/test_commands.py",
    "file_hunks_size": 2,
    "min_patch_found": true,
    "single_hunk": true,
    "fit_TFix": false,
    "delete_only_patch": false,
    "has_suppression_all_hunks": true,
    "full_warning_msg": "tests/test_commands.py:407:39 Incompatible parameter type [6]: Expected `bool` for 1st parameter `skipme` to call `aioredis.client.Redis.client_kill_filter` but got `str`.",
    "message": " Expected `bool` for 1st parameter `skipme` to call `aioredis.client.Redis.client_kill_filter` but got `str`.",
    "rule_id": "Incompatible parameter type [6]",
    "warning_line_no": 407,
    "warning_line": "            await r.client_kill_filter(skipme=\"yeah\")",
    "min_patch": [
      {
        "hunk_fit_TFix": true,
        "inside_window": true,
        "delete_only": false,
        "has_suppression": true,
        "source_code": "        with pytest.raises(exceptions.DataError):\n            await r.client_kill_filter(skipme=\"yeah\")\n\n",
        "source_code_len": 105,
        "target_code": "        with pytest.raises(exceptions.DataError):\n            await r.client_kill_filter(skipme=\"yeah\")  # type: ignore\n\n",
        "target_code_len": 121,
        "diff_format": "@@ -406,3 +406,3 @@\n         with pytest.raises(exceptions.DataError):\n-            await r.client_kill_filter(skipme=\"yeah\")\n+            await r.client_kill_filter(skipme=\"yeah\")  # type: ignore\n \n",
        "source_code_with_indent": "        <DED>with pytest.raises(exceptions.DataError):\n            <IND>await r.client_kill_filter(skipme=\"yeah\")\n\n",
        "source_code_with_indent_exact_match": true,
        "target_code_with_indent": "        <DED>with pytest.raises(exceptions.DataError):\n            <IND>await r.client_kill_filter(skipme=\"yeah\")  # type: ignore\n\n",
        "target_code_with_indent_exact_match": true
      }
    ]
  },
  {
    "project": "aio-libs/aioredis-py",
    "commit": "b3dc478b3c78bf7c79d986adb722266b7f5c2d3b",
    "filename": "tests/test_commands.py",
    "filename_after_commit": "/home/chowyi/TypeAnnotation_Study/GitHub/aio-libs-aioredis-py/tests/test_commands.py",
    "file_hunks_size": 2,
    "min_patch_found": false,
    "single_hunk": false,
    "fit_TFix": false,
    "delete_only_patch": false,
    "has_suppression_all_hunks": false,
    "full_warning_msg": "tests/test_commands.py:837:24 Incompatible parameter type [6]: Expected `str` for 1st positional only parameter to call `aioredis.client.Redis.set` but got `bytes`.",
    "message": " Expected `str` for 1st positional only parameter to call `aioredis.client.Redis.set` but got `bytes`.",
    "rule_id": "Incompatible parameter type [6]",
    "warning_line_no": 837,
    "warning_line": "            await r.set(key, 1)"
  },
  {
    "project": "aio-libs/aioredis-py",
    "commit": "b3dc478b3c78bf7c79d986adb722266b7f5c2d3b",
    "filename": "tests/test_commands.py",
    "filename_after_commit": "/home/chowyi/TypeAnnotation_Study/GitHub/aio-libs-aioredis-py/tests/test_commands.py",
    "file_hunks_size": 2,
    "min_patch_found": false,
    "single_hunk": false,
    "fit_TFix": false,
    "delete_only_patch": false,
    "has_suppression_all_hunks": false,
    "full_warning_msg": "tests/test_commands.py:842:28 Incompatible parameter type [6]: Expected `str` for 1st positional only parameter to call `aioredis.client.Redis.mget` but got `typing.List[Variable[_T]]`.",
    "message": " Expected `str` for 1st positional only parameter to call `aioredis.client.Redis.mget` but got `typing.List[Variable[_T]]`.",
    "rule_id": "Incompatible parameter type [6]",
    "warning_line_no": 842,
    "warning_line": "        assert await r.mget([]) == []"
  },
  {
    "project": "aio-libs/aioredis-py",
    "commit": "b3dc478b3c78bf7c79d986adb722266b7f5c2d3b",
    "filename": "tests/test_commands.py",
    "filename_after_commit": "/home/chowyi/TypeAnnotation_Study/GitHub/aio-libs-aioredis-py/tests/test_commands.py",
    "file_hunks_size": 2,
    "min_patch_found": false,
    "single_hunk": false,
    "fit_TFix": false,
    "delete_only_patch": false,
    "has_suppression_all_hunks": false,
    "full_warning_msg": "tests/test_commands.py:843:28 Incompatible parameter type [6]: Expected `str` for 1st positional only parameter to call `aioredis.client.Redis.mget` but got `typing.List[str]`.",
    "message": " Expected `str` for 1st positional only parameter to call `aioredis.client.Redis.mget` but got `typing.List[str]`.",
    "rule_id": "Incompatible parameter type [6]",
    "warning_line_no": 843,
    "warning_line": "        assert await r.mget([\"a\", \"b\"]) == [None, None]"
  },
  {
    "project": "aio-libs/aioredis-py",
    "commit": "b3dc478b3c78bf7c79d986adb722266b7f5c2d3b",
    "filename": "tests/test_commands.py",
    "filename_after_commit": "/home/chowyi/TypeAnnotation_Study/GitHub/aio-libs-aioredis-py/tests/test_commands.py",
    "file_hunks_size": 2,
    "min_patch_found": false,
    "single_hunk": false,
    "fit_TFix": false,
    "delete_only_patch": false,
    "has_suppression_all_hunks": false,
    "full_warning_msg": "tests/test_commands.py:963:37 Incompatible parameter type [6]: Expected `int` for 3rd parameter `px` to call `aioredis.client.Redis.set` but got `datetime.timedelta`.",
    "message": " Expected `int` for 3rd parameter `px` to call `aioredis.client.Redis.set` but got `datetime.timedelta`.",
    "rule_id": "Incompatible parameter type [6]",
    "warning_line_no": 963,
    "warning_line": "        assert await r.set(\"a\", \"1\", px=expire_at)"
  },
  {
    "project": "aio-libs/aioredis-py",
    "commit": "b3dc478b3c78bf7c79d986adb722266b7f5c2d3b",
    "filename": "tests/test_commands.py",
    "filename_after_commit": "/home/chowyi/TypeAnnotation_Study/GitHub/aio-libs-aioredis-py/tests/test_commands.py",
    "file_hunks_size": 2,
    "min_patch_found": false,
    "single_hunk": false,
    "fit_TFix": false,
    "delete_only_patch": false,
    "has_suppression_all_hunks": false,
    "full_warning_msg": "tests/test_commands.py:975:37 Incompatible parameter type [6]: Expected `int` for 3rd parameter `ex` to call `aioredis.client.Redis.set` but got `datetime.timedelta`.",
    "message": " Expected `int` for 3rd parameter `ex` to call `aioredis.client.Redis.set` but got `datetime.timedelta`.",
    "rule_id": "Incompatible parameter type [6]",
    "warning_line_no": 975,
    "warning_line": "        assert await r.set(\"a\", \"1\", ex=expire_at)"
  },
  {
    "project": "aio-libs/aioredis-py",
    "commit": "b3dc478b3c78bf7c79d986adb722266b7f5c2d3b",
    "filename": "tests/test_commands.py",
    "filename_after_commit": "/home/chowyi/TypeAnnotation_Study/GitHub/aio-libs-aioredis-py/tests/test_commands.py",
    "file_hunks_size": 2,
    "min_patch_found": false,
    "single_hunk": false,
    "fit_TFix": false,
    "delete_only_patch": false,
    "has_suppression_all_hunks": false,
    "full_warning_msg": "tests/test_commands.py:1052:29 Incompatible parameter type [6]: Expected `str` for 1st positional only parameter to call `aioredis.client.Redis.blpop` but got `typing.List[str]`.",
    "message": " Expected `str` for 1st positional only parameter to call `aioredis.client.Redis.blpop` but got `typing.List[str]`.",
    "rule_id": "Incompatible parameter type [6]",
    "warning_line_no": 1052,
    "warning_line": "        assert await r.blpop([\"b\", \"a\"], timeout=1) == (b\"b\", b\"3\")"
  },
  {
    "project": "aio-libs/aioredis-py",
    "commit": "b3dc478b3c78bf7c79d986adb722266b7f5c2d3b",
    "filename": "tests/test_commands.py",
    "filename_after_commit": "/home/chowyi/TypeAnnotation_Study/GitHub/aio-libs-aioredis-py/tests/test_commands.py",
    "file_hunks_size": 2,
    "min_patch_found": false,
    "single_hunk": false,
    "fit_TFix": false,
    "delete_only_patch": false,
    "has_suppression_all_hunks": false,
    "full_warning_msg": "tests/test_commands.py:1053:29 Incompatible parameter type [6]: Expected `str` for 1st positional only parameter to call `aioredis.client.Redis.blpop` but got `typing.List[str]`.",
    "message": " Expected `str` for 1st positional only parameter to call `aioredis.client.Redis.blpop` but got `typing.List[str]`.",
    "rule_id": "Incompatible parameter type [6]",
    "warning_line_no": 1053,
    "warning_line": "        assert await r.blpop([\"b\", \"a\"], timeout=1) == (b\"b\", b\"4\")"
  },
  {
    "project": "aio-libs/aioredis-py",
    "commit": "b3dc478b3c78bf7c79d986adb722266b7f5c2d3b",
    "filename": "tests/test_commands.py",
    "filename_after_commit": "/home/chowyi/TypeAnnotation_Study/GitHub/aio-libs-aioredis-py/tests/test_commands.py",
    "file_hunks_size": 2,
    "min_patch_found": false,
    "single_hunk": false,
    "fit_TFix": false,
    "delete_only_patch": false,
    "has_suppression_all_hunks": false,
    "full_warning_msg": "tests/test_commands.py:1054:29 Incompatible parameter type [6]: Expected `str` for 1st positional only parameter to call `aioredis.client.Redis.blpop` but got `typing.List[str]`.",
    "message": " Expected `str` for 1st positional only parameter to call `aioredis.client.Redis.blpop` but got `typing.List[str]`.",
    "rule_id": "Incompatible parameter type [6]",
    "warning_line_no": 1054,
    "warning_line": "        assert await r.blpop([\"b\", \"a\"], timeout=1) == (b\"a\", b\"1\")"
  },
  {
    "project": "aio-libs/aioredis-py",
    "commit": "b3dc478b3c78bf7c79d986adb722266b7f5c2d3b",
    "filename": "tests/test_commands.py",
    "filename_after_commit": "/home/chowyi/TypeAnnotation_Study/GitHub/aio-libs-aioredis-py/tests/test_commands.py",
    "file_hunks_size": 2,
    "min_patch_found": false,
    "single_hunk": false,
    "fit_TFix": false,
    "delete_only_patch": false,
    "has_suppression_all_hunks": false,
    "full_warning_msg": "tests/test_commands.py:1055:29 Incompatible parameter type [6]: Expected `str` for 1st positional only parameter to call `aioredis.client.Redis.blpop` but got `typing.List[str]`.",
    "message": " Expected `str` for 1st positional only parameter to call `aioredis.client.Redis.blpop` but got `typing.List[str]`.",
    "rule_id": "Incompatible parameter type [6]",
    "warning_line_no": 1055,
    "warning_line": "        assert await r.blpop([\"b\", \"a\"], timeout=1) == (b\"a\", b\"2\")"
  },
  {
    "project": "aio-libs/aioredis-py",
    "commit": "b3dc478b3c78bf7c79d986adb722266b7f5c2d3b",
    "filename": "tests/test_commands.py",
    "filename_after_commit": "/home/chowyi/TypeAnnotation_Study/GitHub/aio-libs-aioredis-py/tests/test_commands.py",
    "file_hunks_size": 2,
    "min_patch_found": false,
    "single_hunk": false,
    "fit_TFix": false,
    "delete_only_patch": false,
    "has_suppression_all_hunks": false,
    "full_warning_msg": "tests/test_commands.py:1056:29 Incompatible parameter type [6]: Expected `str` for 1st positional only parameter to call `aioredis.client.Redis.blpop` but got `typing.List[str]`.",
    "message": " Expected `str` for 1st positional only parameter to call `aioredis.client.Redis.blpop` but got `typing.List[str]`.",
    "rule_id": "Incompatible parameter type [6]",
    "warning_line_no": 1056,
    "warning_line": "        assert await r.blpop([\"b\", \"a\"], timeout=1) is None"
  },
  {
    "project": "aio-libs/aioredis-py",
    "commit": "b3dc478b3c78bf7c79d986adb722266b7f5c2d3b",
    "filename": "tests/test_commands.py",
    "filename_after_commit": "/home/chowyi/TypeAnnotation_Study/GitHub/aio-libs-aioredis-py/tests/test_commands.py",
    "file_hunks_size": 2,
    "min_patch_found": false,
    "single_hunk": false,
    "fit_TFix": false,
    "delete_only_patch": false,
    "has_suppression_all_hunks": false,
    "full_warning_msg": "tests/test_commands.py:1063:29 Incompatible parameter type [6]: Expected `str` for 1st positional only parameter to call `aioredis.client.Redis.brpop` but got `typing.List[str]`.",
    "message": " Expected `str` for 1st positional only parameter to call `aioredis.client.Redis.brpop` but got `typing.List[str]`.",
    "rule_id": "Incompatible parameter type [6]",
    "warning_line_no": 1063,
    "warning_line": "        assert await r.brpop([\"b\", \"a\"], timeout=1) == (b\"b\", b\"4\")"
  },
  {
    "project": "aio-libs/aioredis-py",
    "commit": "b3dc478b3c78bf7c79d986adb722266b7f5c2d3b",
    "filename": "tests/test_commands.py",
    "filename_after_commit": "/home/chowyi/TypeAnnotation_Study/GitHub/aio-libs-aioredis-py/tests/test_commands.py",
    "file_hunks_size": 2,
    "min_patch_found": false,
    "single_hunk": false,
    "fit_TFix": false,
    "delete_only_patch": false,
    "has_suppression_all_hunks": false,
    "full_warning_msg": "tests/test_commands.py:1064:29 Incompatible parameter type [6]: Expected `str` for 1st positional only parameter to call `aioredis.client.Redis.brpop` but got `typing.List[str]`.",
    "message": " Expected `str` for 1st positional only parameter to call `aioredis.client.Redis.brpop` but got `typing.List[str]`.",
    "rule_id": "Incompatible parameter type [6]",
    "warning_line_no": 1064,
    "warning_line": "        assert await r.brpop([\"b\", \"a\"], timeout=1) == (b\"b\", b\"3\")"
  },
  {
    "project": "aio-libs/aioredis-py",
    "commit": "b3dc478b3c78bf7c79d986adb722266b7f5c2d3b",
    "filename": "tests/test_commands.py",
    "filename_after_commit": "/home/chowyi/TypeAnnotation_Study/GitHub/aio-libs-aioredis-py/tests/test_commands.py",
    "file_hunks_size": 2,
    "min_patch_found": false,
    "single_hunk": false,
    "fit_TFix": false,
    "delete_only_patch": false,
    "has_suppression_all_hunks": false,
    "full_warning_msg": "tests/test_commands.py:1065:29 Incompatible parameter type [6]: Expected `str` for 1st positional only parameter to call `aioredis.client.Redis.brpop` but got `typing.List[str]`.",
    "message": " Expected `str` for 1st positional only parameter to call `aioredis.client.Redis.brpop` but got `typing.List[str]`.",
    "rule_id": "Incompatible parameter type [6]",
    "warning_line_no": 1065,
    "warning_line": "        assert await r.brpop([\"b\", \"a\"], timeout=1) == (b\"a\", b\"2\")"
  },
  {
    "project": "aio-libs/aioredis-py",
    "commit": "b3dc478b3c78bf7c79d986adb722266b7f5c2d3b",
    "filename": "tests/test_commands.py",
    "filename_after_commit": "/home/chowyi/TypeAnnotation_Study/GitHub/aio-libs-aioredis-py/tests/test_commands.py",
    "file_hunks_size": 2,
    "min_patch_found": false,
    "single_hunk": false,
    "fit_TFix": false,
    "delete_only_patch": false,
    "has_suppression_all_hunks": false,
    "full_warning_msg": "tests/test_commands.py:1066:29 Incompatible parameter type [6]: Expected `str` for 1st positional only parameter to call `aioredis.client.Redis.brpop` but got `typing.List[str]`.",
    "message": " Expected `str` for 1st positional only parameter to call `aioredis.client.Redis.brpop` but got `typing.List[str]`.",
    "rule_id": "Incompatible parameter type [6]",
    "warning_line_no": 1066,
    "warning_line": "        assert await r.brpop([\"b\", \"a\"], timeout=1) == (b\"a\", b\"1\")"
  },
  {
    "project": "aio-libs/aioredis-py",
    "commit": "b3dc478b3c78bf7c79d986adb722266b7f5c2d3b",
    "filename": "tests/test_commands.py",
    "filename_after_commit": "/home/chowyi/TypeAnnotation_Study/GitHub/aio-libs-aioredis-py/tests/test_commands.py",
    "file_hunks_size": 2,
    "min_patch_found": false,
    "single_hunk": false,
    "fit_TFix": false,
    "delete_only_patch": false,
    "has_suppression_all_hunks": false,
    "full_warning_msg": "tests/test_commands.py:1067:29 Incompatible parameter type [6]: Expected `str` for 1st positional only parameter to call `aioredis.client.Redis.brpop` but got `typing.List[str]`.",
    "message": " Expected `str` for 1st positional only parameter to call `aioredis.client.Redis.brpop` but got `typing.List[str]`.",
    "rule_id": "Incompatible parameter type [6]",
    "warning_line_no": 1067,
    "warning_line": "        assert await r.brpop([\"b\", \"a\"], timeout=1) is None"
  },
  {
    "project": "aio-libs/aioredis-py",
    "commit": "b3dc478b3c78bf7c79d986adb722266b7f5c2d3b",
    "filename": "tests/test_commands.py",
    "filename_after_commit": "/home/chowyi/TypeAnnotation_Study/GitHub/aio-libs-aioredis-py/tests/test_commands.py",
    "file_hunks_size": 2,
    "min_patch_found": false,
    "single_hunk": false,
    "fit_TFix": false,
    "delete_only_patch": false,
    "has_suppression_all_hunks": false,
    "full_warning_msg": "tests/test_commands.py:1454:35 Incompatible parameter type [6]: Expected `int` for 2nd positional only parameter to call `aioredis.client.Redis.zcount` but got `str`.",
    "message": " Expected `int` for 2nd positional only parameter to call `aioredis.client.Redis.zcount` but got `str`.",
    "rule_id": "Incompatible parameter type [6]",
    "warning_line_no": 1454,
    "warning_line": "        assert await r.zcount(\"a\", \"-inf\", \"+inf\") == 3"
  },
  {
    "project": "aio-libs/aioredis-py",
    "commit": "b3dc478b3c78bf7c79d986adb722266b7f5c2d3b",
    "filename": "tests/test_commands.py",
    "filename_after_commit": "/home/chowyi/TypeAnnotation_Study/GitHub/aio-libs-aioredis-py/tests/test_commands.py",
    "file_hunks_size": 2,
    "min_patch_found": false,
    "single_hunk": false,
    "fit_TFix": false,
    "delete_only_patch": false,
    "has_suppression_all_hunks": false,
    "full_warning_msg": "tests/test_commands.py:1454:43 Incompatible parameter type [6]: Expected `int` for 3rd positional only parameter to call `aioredis.client.Redis.zcount` but got `str`.",
    "message": " Expected `int` for 3rd positional only parameter to call `aioredis.client.Redis.zcount` but got `str`.",
    "rule_id": "Incompatible parameter type [6]",
    "warning_line_no": 1454,
    "warning_line": "        assert await r.zcount(\"a\", \"-inf\", \"+inf\") == 3"
  },
  {
    "project": "aio-libs/aioredis-py",
    "commit": "b3dc478b3c78bf7c79d986adb722266b7f5c2d3b",
    "filename": "tests/test_commands.py",
    "filename_after_commit": "/home/chowyi/TypeAnnotation_Study/GitHub/aio-libs-aioredis-py/tests/test_commands.py",
    "file_hunks_size": 2,
    "min_patch_found": false,
    "single_hunk": false,
    "fit_TFix": false,
    "delete_only_patch": false,
    "has_suppression_all_hunks": false,
    "full_warning_msg": "tests/test_commands.py:1456:35 Incompatible parameter type [6]: Expected `int` for 2nd positional only parameter to call `aioredis.client.Redis.zcount` but got `str`.",
    "message": " Expected `int` for 2nd positional only parameter to call `aioredis.client.Redis.zcount` but got `str`.",
    "rule_id": "Incompatible parameter type [6]",
    "warning_line_no": 1456,
    "warning_line": "        assert await r.zcount(\"a\", \"(\" + str(1), 2) == 1"
  },
  {
    "project": "aio-libs/aioredis-py",
    "commit": "b3dc478b3c78bf7c79d986adb722266b7f5c2d3b",
    "filename": "tests/test_commands.py",
    "filename_after_commit": "/home/chowyi/TypeAnnotation_Study/GitHub/aio-libs-aioredis-py/tests/test_commands.py",
    "file_hunks_size": 2,
    "min_patch_found": false,
    "single_hunk": false,
    "fit_TFix": false,
    "delete_only_patch": false,
    "has_suppression_all_hunks": false,
    "full_warning_msg": "tests/test_commands.py:1457:38 Incompatible parameter type [6]: Expected `int` for 3rd positional only parameter to call `aioredis.client.Redis.zcount` but got `str`.",
    "message": " Expected `int` for 3rd positional only parameter to call `aioredis.client.Redis.zcount` but got `str`.",
    "rule_id": "Incompatible parameter type [6]",
    "warning_line_no": 1457,
    "warning_line": "        assert await r.zcount(\"a\", 1, \"(\" + str(2)) == 1"
  },
  {
    "project": "aio-libs/aioredis-py",
    "commit": "b3dc478b3c78bf7c79d986adb722266b7f5c2d3b",
    "filename": "tests/test_commands.py",
    "filename_after_commit": "/home/chowyi/TypeAnnotation_Study/GitHub/aio-libs-aioredis-py/tests/test_commands.py",
    "file_hunks_size": 2,
    "min_patch_found": false,
    "single_hunk": false,
    "fit_TFix": false,
    "delete_only_patch": false,
    "has_suppression_all_hunks": false,
    "full_warning_msg": "tests/test_commands.py:2284:67 Incompatible parameter type [6]: Expected `bool` for 5th parameter `count` to call `aioredis.client.Redis.georadius` but got `int`.",
    "message": " Expected `bool` for 5th parameter `count` to call `aioredis.client.Redis.georadius` but got `int`.",
    "rule_id": "Incompatible parameter type [6]",
    "warning_line_no": 2284,
    "warning_line": "        assert await r.georadius(\"barcelona\", 2.191, 41.433, 3000, count=1) == ["
  },
  {
    "project": "aio-libs/aioredis-py",
    "commit": "b3dc478b3c78bf7c79d986adb722266b7f5c2d3b",
    "filename": "tests/test_commands.py",
    "filename_after_commit": "/home/chowyi/TypeAnnotation_Study/GitHub/aio-libs-aioredis-py/tests/test_commands.py",
    "file_hunks_size": 2,
    "min_patch_found": false,
    "single_hunk": false,
    "fit_TFix": false,
    "delete_only_patch": false,
    "has_suppression_all_hunks": false,
    "full_warning_msg": "tests/test_commands.py:2382:45 Incompatible parameter type [6]: Expected `str` for 3rd positional only parameter to call `aioredis.client.Redis.xgroup_create` but got `int`.",
    "message": " Expected `str` for 3rd positional only parameter to call `aioredis.client.Redis.xgroup_create` but got `int`.",
    "rule_id": "Incompatible parameter type [6]",
    "warning_line_no": 2382,
    "warning_line": "        await r.xgroup_create(stream, group, 0)"
  },
  {
    "project": "aio-libs/aioredis-py",
    "commit": "b3dc478b3c78bf7c79d986adb722266b7f5c2d3b",
    "filename": "tests/test_commands.py",
    "filename_after_commit": "/home/chowyi/TypeAnnotation_Study/GitHub/aio-libs-aioredis-py/tests/test_commands.py",
    "file_hunks_size": 2,
    "min_patch_found": false,
    "single_hunk": false,
    "fit_TFix": false,
    "delete_only_patch": false,
    "has_suppression_all_hunks": false,
    "full_warning_msg": "tests/test_commands.py:2396:66 Incompatible parameter type [6]: Expected `str` for 3rd parameter `id` to call `aioredis.client.Redis.xadd` but got `bytes`.",
    "message": " Expected `str` for 3rd parameter `id` to call `aioredis.client.Redis.xadd` but got `bytes`.",
    "rule_id": "Incompatible parameter type [6]",
    "warning_line_no": 2396,
    "warning_line": "        assert message_id == await r.xadd(stream, {\"foo\": \"bar\"}, id=message_id)"
  },
  {
    "project": "aio-libs/aioredis-py",
    "commit": "b3dc478b3c78bf7c79d986adb722266b7f5c2d3b",
    "filename": "tests/test_commands.py",
    "filename_after_commit": "/home/chowyi/TypeAnnotation_Study/GitHub/aio-libs-aioredis-py/tests/test_commands.py",
    "file_hunks_size": 2,
    "min_patch_found": false,
    "single_hunk": false,
    "fit_TFix": false,
    "delete_only_patch": false,
    "has_suppression_all_hunks": false,
    "full_warning_msg": "tests/test_commands.py:2411:45 Incompatible parameter type [6]: Expected `str` for 3rd positional only parameter to call `aioredis.client.Redis.xgroup_create` but got `int`.",
    "message": " Expected `str` for 3rd positional only parameter to call `aioredis.client.Redis.xgroup_create` but got `int`.",
    "rule_id": "Incompatible parameter type [6]",
    "warning_line_no": 2411,
    "warning_line": "        await r.xgroup_create(stream, group, 0)"
  },
  {
    "project": "aio-libs/aioredis-py",
    "commit": "b3dc478b3c78bf7c79d986adb722266b7f5c2d3b",
    "filename": "tests/test_commands.py",
    "filename_after_commit": "/home/chowyi/TypeAnnotation_Study/GitHub/aio-libs-aioredis-py/tests/test_commands.py",
    "file_hunks_size": 2,
    "min_patch_found": false,
    "single_hunk": false,
    "fit_TFix": false,
    "delete_only_patch": false,
    "has_suppression_all_hunks": false,
    "full_warning_msg": "tests/test_commands.py:2473:36 Incompatible parameter type [6]: Expected `str` for 2nd positional only parameter to call `aioredis.client.Redis.xdel` but got `int`.",
    "message": " Expected `str` for 2nd positional only parameter to call `aioredis.client.Redis.xdel` but got `int`.",
    "rule_id": "Incompatible parameter type [6]",
    "warning_line_no": 2473,
    "warning_line": "        assert await r.xdel(stream, 1) == 0"
  },
  {
    "project": "aio-libs/aioredis-py",
    "commit": "b3dc478b3c78bf7c79d986adb722266b7f5c2d3b",
    "filename": "tests/test_commands.py",
    "filename_after_commit": "/home/chowyi/TypeAnnotation_Study/GitHub/aio-libs-aioredis-py/tests/test_commands.py",
    "file_hunks_size": 2,
    "min_patch_found": false,
    "single_hunk": false,
    "fit_TFix": false,
    "delete_only_patch": false,
    "has_suppression_all_hunks": false,
    "full_warning_msg": "tests/test_commands.py:2493:52 Incompatible parameter type [6]: Expected `str` for 3rd positional only parameter to call `aioredis.client.Redis.xgroup_create` but got `int`.",
    "message": " Expected `str` for 3rd positional only parameter to call `aioredis.client.Redis.xgroup_create` but got `int`.",
    "rule_id": "Incompatible parameter type [6]",
    "warning_line_no": 2493,
    "warning_line": "        assert await r.xgroup_create(stream, group, 0)"
  },
  {
    "project": "aio-libs/aioredis-py",
    "commit": "b3dc478b3c78bf7c79d986adb722266b7f5c2d3b",
    "filename": "tests/test_commands.py",
    "filename_after_commit": "/home/chowyi/TypeAnnotation_Study/GitHub/aio-libs-aioredis-py/tests/test_commands.py",
    "file_hunks_size": 2,
    "min_patch_found": false,
    "single_hunk": false,
    "fit_TFix": false,
    "delete_only_patch": false,
    "has_suppression_all_hunks": false,
    "full_warning_msg": "tests/test_commands.py:2513:49 Incompatible parameter type [6]: Expected `str` for 3rd positional only parameter to call `aioredis.client.Redis.xgroup_create` but got `int`.",
    "message": " Expected `str` for 3rd positional only parameter to call `aioredis.client.Redis.xgroup_create` but got `int`.",
    "rule_id": "Incompatible parameter type [6]",
    "warning_line_no": 2513,
    "warning_line": "            await r.xgroup_create(stream, group, 0)"
  },
  {
    "project": "aio-libs/aioredis-py",
    "commit": "b3dc478b3c78bf7c79d986adb722266b7f5c2d3b",
    "filename": "tests/test_commands.py",
    "filename_after_commit": "/home/chowyi/TypeAnnotation_Study/GitHub/aio-libs-aioredis-py/tests/test_commands.py",
    "file_hunks_size": 2,
    "min_patch_found": false,
    "single_hunk": false,
    "fit_TFix": false,
    "delete_only_patch": false,
    "has_suppression_all_hunks": false,
    "full_warning_msg": "tests/test_commands.py:2517:52 Incompatible parameter type [6]: Expected `str` for 3rd positional only parameter to call `aioredis.client.Redis.xgroup_create` but got `int`.",
    "message": " Expected `str` for 3rd positional only parameter to call `aioredis.client.Redis.xgroup_create` but got `int`.",
    "rule_id": "Incompatible parameter type [6]",
    "warning_line_no": 2517,
    "warning_line": "        assert await r.xgroup_create(stream, group, 0, mkstream=True)"
  },
  {
    "project": "aio-libs/aioredis-py",
    "commit": "b3dc478b3c78bf7c79d986adb722266b7f5c2d3b",
    "filename": "tests/test_commands.py",
    "filename_after_commit": "/home/chowyi/TypeAnnotation_Study/GitHub/aio-libs-aioredis-py/tests/test_commands.py",
    "file_hunks_size": 2,
    "min_patch_found": false,
    "single_hunk": false,
    "fit_TFix": false,
    "delete_only_patch": false,
    "has_suppression_all_hunks": false,
    "full_warning_msg": "tests/test_commands.py:2535:45 Incompatible parameter type [6]: Expected `str` for 3rd positional only parameter to call `aioredis.client.Redis.xgroup_create` but got `int`.",
    "message": " Expected `str` for 3rd positional only parameter to call `aioredis.client.Redis.xgroup_create` but got `int`.",
    "rule_id": "Incompatible parameter type [6]",
    "warning_line_no": 2535,
    "warning_line": "        await r.xgroup_create(stream, group, 0)"
  },
  {
    "project": "aio-libs/aioredis-py",
    "commit": "b3dc478b3c78bf7c79d986adb722266b7f5c2d3b",
    "filename": "tests/test_commands.py",
    "filename_after_commit": "/home/chowyi/TypeAnnotation_Study/GitHub/aio-libs-aioredis-py/tests/test_commands.py",
    "file_hunks_size": 2,
    "min_patch_found": false,
    "single_hunk": false,
    "fit_TFix": false,
    "delete_only_patch": false,
    "has_suppression_all_hunks": false,
    "full_warning_msg": "tests/test_commands.py:2555:45 Incompatible parameter type [6]: Expected `str` for 3rd positional only parameter to call `aioredis.client.Redis.xgroup_create` but got `int`.",
    "message": " Expected `str` for 3rd positional only parameter to call `aioredis.client.Redis.xgroup_create` but got `int`.",
    "rule_id": "Incompatible parameter type [6]",
    "warning_line_no": 2555,
    "warning_line": "        await r.xgroup_create(stream, group, 0)"
  },
  {
    "project": "aio-libs/aioredis-py",
    "commit": "b3dc478b3c78bf7c79d986adb722266b7f5c2d3b",
    "filename": "tests/test_commands.py",
    "filename_after_commit": "/home/chowyi/TypeAnnotation_Study/GitHub/aio-libs-aioredis-py/tests/test_commands.py",
    "file_hunks_size": 2,
    "min_patch_found": false,
    "single_hunk": false,
    "fit_TFix": false,
    "delete_only_patch": false,
    "has_suppression_all_hunks": false,
    "full_warning_msg": "tests/test_commands.py:2564:45 Incompatible parameter type [6]: Expected `str` for 3rd positional only parameter to call `aioredis.client.Redis.xgroup_create` but got `int`.",
    "message": " Expected `str` for 3rd positional only parameter to call `aioredis.client.Redis.xgroup_create` but got `int`.",
    "rule_id": "Incompatible parameter type [6]",
    "warning_line_no": 2564,
    "warning_line": "        await r.xgroup_create(stream, group, 0)"
  },
  {
    "project": "aio-libs/aioredis-py",
    "commit": "b3dc478b3c78bf7c79d986adb722266b7f5c2d3b",
    "filename": "tests/test_commands.py",
    "filename_after_commit": "/home/chowyi/TypeAnnotation_Study/GitHub/aio-libs-aioredis-py/tests/test_commands.py",
    "file_hunks_size": 2,
    "min_patch_found": false,
    "single_hunk": false,
    "fit_TFix": false,
    "delete_only_patch": false,
    "has_suppression_all_hunks": false,
    "full_warning_msg": "tests/test_commands.py:2587:45 Incompatible parameter type [6]: Expected `str` for 3rd positional only parameter to call `aioredis.client.Redis.xgroup_create` but got `int`.",
    "message": " Expected `str` for 3rd positional only parameter to call `aioredis.client.Redis.xgroup_create` but got `int`.",
    "rule_id": "Incompatible parameter type [6]",
    "warning_line_no": 2587,
    "warning_line": "        await r.xgroup_create(stream, group, 0)"
  },
  {
    "project": "aio-libs/aioredis-py",
    "commit": "b3dc478b3c78bf7c79d986adb722266b7f5c2d3b",
    "filename": "tests/test_commands.py",
    "filename_after_commit": "/home/chowyi/TypeAnnotation_Study/GitHub/aio-libs-aioredis-py/tests/test_commands.py",
    "file_hunks_size": 2,
    "min_patch_found": false,
    "single_hunk": false,
    "fit_TFix": false,
    "delete_only_patch": false,
    "has_suppression_all_hunks": false,
    "full_warning_msg": "tests/test_commands.py:2629:45 Incompatible parameter type [6]: Expected `str` for 3rd positional only parameter to call `aioredis.client.Redis.xgroup_create` but got `int`.",
    "message": " Expected `str` for 3rd positional only parameter to call `aioredis.client.Redis.xgroup_create` but got `int`.",
    "rule_id": "Incompatible parameter type [6]",
    "warning_line_no": 2629,
    "warning_line": "        await r.xgroup_create(stream, group, 0)"
  },
  {
    "project": "aio-libs/aioredis-py",
    "commit": "b3dc478b3c78bf7c79d986adb722266b7f5c2d3b",
    "filename": "tests/test_commands.py",
    "filename_after_commit": "/home/chowyi/TypeAnnotation_Study/GitHub/aio-libs-aioredis-py/tests/test_commands.py",
    "file_hunks_size": 2,
    "min_patch_found": false,
    "single_hunk": false,
    "fit_TFix": false,
    "delete_only_patch": false,
    "has_suppression_all_hunks": false,
    "full_warning_msg": "tests/test_commands.py:2658:45 Incompatible parameter type [6]: Expected `str` for 3rd positional only parameter to call `aioredis.client.Redis.xgroup_create` but got `int`.",
    "message": " Expected `str` for 3rd positional only parameter to call `aioredis.client.Redis.xgroup_create` but got `int`.",
    "rule_id": "Incompatible parameter type [6]",
    "warning_line_no": 2658,
    "warning_line": "        await r.xgroup_create(stream, group, 0)"
  },
  {
    "project": "aio-libs/aioredis-py",
    "commit": "b3dc478b3c78bf7c79d986adb722266b7f5c2d3b",
    "filename": "tests/test_commands.py",
    "filename_after_commit": "/home/chowyi/TypeAnnotation_Study/GitHub/aio-libs-aioredis-py/tests/test_commands.py",
    "file_hunks_size": 2,
    "min_patch_found": false,
    "single_hunk": false,
    "fit_TFix": false,
    "delete_only_patch": false,
    "has_suppression_all_hunks": false,
    "full_warning_msg": "tests/test_commands.py:2661:53 Incompatible parameter type [6]: Expected `int` for 3rd parameter `min` to call `aioredis.client.Redis.xpending_range` but got `str`.",
    "message": " Expected `int` for 3rd parameter `min` to call `aioredis.client.Redis.xpending_range` but got `str`.",
    "rule_id": "Incompatible parameter type [6]",
    "warning_line_no": 2661,
    "warning_line": "        assert await r.xpending_range(stream, group, min=\"-\", max=\"+\", count=5) == []"
  },
  {
    "project": "aio-libs/aioredis-py",
    "commit": "b3dc478b3c78bf7c79d986adb722266b7f5c2d3b",
    "filename": "tests/test_commands.py",
    "filename_after_commit": "/home/chowyi/TypeAnnotation_Study/GitHub/aio-libs-aioredis-py/tests/test_commands.py",
    "file_hunks_size": 2,
    "min_patch_found": false,
    "single_hunk": false,
    "fit_TFix": false,
    "delete_only_patch": false,
    "has_suppression_all_hunks": false,
    "full_warning_msg": "tests/test_commands.py:2661:62 Incompatible parameter type [6]: Expected `int` for 4th parameter `max` to call `aioredis.client.Redis.xpending_range` but got `str`.",
    "message": " Expected `int` for 4th parameter `max` to call `aioredis.client.Redis.xpending_range` but got `str`.",
    "rule_id": "Incompatible parameter type [6]",
    "warning_line_no": 2661,
    "warning_line": "        assert await r.xpending_range(stream, group, min=\"-\", max=\"+\", count=5) == []"
  },
  {
    "project": "aio-libs/aioredis-py",
    "commit": "b3dc478b3c78bf7c79d986adb722266b7f5c2d3b",
    "filename": "tests/test_commands.py",
    "filename_after_commit": "/home/chowyi/TypeAnnotation_Study/GitHub/aio-libs-aioredis-py/tests/test_commands.py",
    "file_hunks_size": 2,
    "min_patch_found": false,
    "single_hunk": false,
    "fit_TFix": false,
    "delete_only_patch": false,
    "has_suppression_all_hunks": false,
    "full_warning_msg": "tests/test_commands.py:2667:57 Incompatible parameter type [6]: Expected `int` for 3rd parameter `min` to call `aioredis.client.Redis.xpending_range` but got `str`.",
    "message": " Expected `int` for 3rd parameter `min` to call `aioredis.client.Redis.xpending_range` but got `str`.",
    "rule_id": "Incompatible parameter type [6]",
    "warning_line_no": 2667,
    "warning_line": "        response = await r.xpending_range(stream, group, min=\"-\", max=\"+\", count=5)"
  },
  {
    "project": "aio-libs/aioredis-py",
    "commit": "b3dc478b3c78bf7c79d986adb722266b7f5c2d3b",
    "filename": "tests/test_commands.py",
    "filename_after_commit": "/home/chowyi/TypeAnnotation_Study/GitHub/aio-libs-aioredis-py/tests/test_commands.py",
    "file_hunks_size": 2,
    "min_patch_found": false,
    "single_hunk": false,
    "fit_TFix": false,
    "delete_only_patch": false,
    "has_suppression_all_hunks": false,
    "full_warning_msg": "tests/test_commands.py:2667:66 Incompatible parameter type [6]: Expected `int` for 4th parameter `max` to call `aioredis.client.Redis.xpending_range` but got `str`.",
    "message": " Expected `int` for 4th parameter `max` to call `aioredis.client.Redis.xpending_range` but got `str`.",
    "rule_id": "Incompatible parameter type [6]",
    "warning_line_no": 2667,
    "warning_line": "        response = await r.xpending_range(stream, group, min=\"-\", max=\"+\", count=5)"
  },
  {
    "project": "aio-libs/aioredis-py",
    "commit": "b3dc478b3c78bf7c79d986adb722266b7f5c2d3b",
    "filename": "tests/test_commands.py",
    "filename_after_commit": "/home/chowyi/TypeAnnotation_Study/GitHub/aio-libs-aioredis-py/tests/test_commands.py",
    "file_hunks_size": 2,
    "min_patch_found": false,
    "single_hunk": false,
    "fit_TFix": false,
    "delete_only_patch": false,
    "has_suppression_all_hunks": false,
    "full_warning_msg": "tests/test_commands.py:2713:29 Incompatible parameter type [6]: Expected `typing.Dict[str, str]` for 1st parameter `streams` to call `aioredis.client.Redis.xread` but got `typing.Dict[str, int]`.",
    "message": " Expected `typing.Dict[str, str]` for 1st parameter `streams` to call `aioredis.client.Redis.xread` but got `typing.Dict[str, int]`.",
    "rule_id": "Incompatible parameter type [6]",
    "warning_line_no": 2713,
    "warning_line": "        assert await r.xread(streams={stream: 0}) == expected"
  },
  {
    "project": "aio-libs/aioredis-py",
    "commit": "b3dc478b3c78bf7c79d986adb722266b7f5c2d3b",
    "filename": "tests/test_commands.py",
    "filename_after_commit": "/home/chowyi/TypeAnnotation_Study/GitHub/aio-libs-aioredis-py/tests/test_commands.py",
    "file_hunks_size": 2,
    "min_patch_found": false,
    "single_hunk": false,
    "fit_TFix": false,
    "delete_only_patch": false,
    "has_suppression_all_hunks": false,
    "full_warning_msg": "tests/test_commands.py:2724:29 Incompatible parameter type [6]: Expected `typing.Dict[str, str]` for 1st parameter `streams` to call `aioredis.client.Redis.xread` but got `typing.Dict[str, int]`.",
    "message": " Expected `typing.Dict[str, str]` for 1st parameter `streams` to call `aioredis.client.Redis.xread` but got `typing.Dict[str, int]`.",
    "rule_id": "Incompatible parameter type [6]",
    "warning_line_no": 2724,
    "warning_line": "        assert await r.xread(streams={stream: 0}, count=1) == expected"
  },
  {
    "project": "aio-libs/aioredis-py",
    "commit": "b3dc478b3c78bf7c79d986adb722266b7f5c2d3b",
    "filename": "tests/test_commands.py",
    "filename_after_commit": "/home/chowyi/TypeAnnotation_Study/GitHub/aio-libs-aioredis-py/tests/test_commands.py",
    "file_hunks_size": 2,
    "min_patch_found": false,
    "single_hunk": false,
    "fit_TFix": false,
    "delete_only_patch": false,
    "has_suppression_all_hunks": false,
    "full_warning_msg": "tests/test_commands.py:2747:45 Incompatible parameter type [6]: Expected `str` for 3rd positional only parameter to call `aioredis.client.Redis.xgroup_create` but got `int`.",
    "message": " Expected `str` for 3rd positional only parameter to call `aioredis.client.Redis.xgroup_create` but got `int`.",
    "rule_id": "Incompatible parameter type [6]",
    "warning_line_no": 2747,
    "warning_line": "        await r.xgroup_create(stream, group, 0)"
  },
  {
    "project": "aio-libs/aioredis-py",
    "commit": "b3dc478b3c78bf7c79d986adb722266b7f5c2d3b",
    "filename": "tests/test_commands.py",
    "filename_after_commit": "/home/chowyi/TypeAnnotation_Study/GitHub/aio-libs-aioredis-py/tests/test_commands.py",
    "file_hunks_size": 2,
    "min_patch_found": false,
    "single_hunk": false,
    "fit_TFix": false,
    "delete_only_patch": false,
    "has_suppression_all_hunks": false,
    "full_warning_msg": "tests/test_commands.py:2762:45 Incompatible parameter type [6]: Expected `str` for 3rd positional only parameter to call `aioredis.client.Redis.xgroup_create` but got `int`.",
    "message": " Expected `str` for 3rd positional only parameter to call `aioredis.client.Redis.xgroup_create` but got `int`.",
    "rule_id": "Incompatible parameter type [6]",
    "warning_line_no": 2762,
    "warning_line": "        await r.xgroup_create(stream, group, 0)"
  },
  {
    "project": "aio-libs/aioredis-py",
    "commit": "b3dc478b3c78bf7c79d986adb722266b7f5c2d3b",
    "filename": "tests/test_commands.py",
    "filename_after_commit": "/home/chowyi/TypeAnnotation_Study/GitHub/aio-libs-aioredis-py/tests/test_commands.py",
    "file_hunks_size": 2,
    "min_patch_found": false,
    "single_hunk": false,
    "fit_TFix": false,
    "delete_only_patch": false,
    "has_suppression_all_hunks": false,
    "full_warning_msg": "tests/test_commands.py:2889:28 Incompatible parameter type [6]: Expected `str` for 2nd positional only parameter to call `aioredis.client.BitFieldOperation.incrby` but got `int`.",
    "message": " Expected `str` for 2nd positional only parameter to call `aioredis.client.BitFieldOperation.incrby` but got `int`.",
    "rule_id": "Incompatible parameter type [6]",
    "warning_line_no": 2889,
    "warning_line": "            bf.incrby(\"u8\", 8, 254)  # 00000000 11111110"
  },
  {
    "project": "aio-libs/aioredis-py",
    "commit": "b3dc478b3c78bf7c79d986adb722266b7f5c2d3b",
    "filename": "tests/test_commands.py",
    "filename_after_commit": "/home/chowyi/TypeAnnotation_Study/GitHub/aio-libs-aioredis-py/tests/test_commands.py",
    "file_hunks_size": 2,
    "min_patch_found": false,
    "single_hunk": false,
    "fit_TFix": false,
    "delete_only_patch": false,
    "has_suppression_all_hunks": false,
    "full_warning_msg": "tests/test_commands.py:2984:26 Incompatible parameter type [6]: Expected `str` for 1st positional only parameter to call `aioredis.client.Redis.rpush` but got `bytes`.",
    "message": " Expected `str` for 1st positional only parameter to call `aioredis.client.Redis.rpush` but got `bytes`.",
    "rule_id": "Incompatible parameter type [6]",
    "warning_line_no": 2984,
    "warning_line": "            await r.rpush(key, *value)"
  },
  {
    "project": "aio-libs/aioredis-py",
    "commit": "b3dc478b3c78bf7c79d986adb722266b7f5c2d3b",
    "filename": "tests/test_commands.py",
    "filename_after_commit": "/home/chowyi/TypeAnnotation_Study/GitHub/aio-libs-aioredis-py/tests/test_commands.py",
    "file_hunks_size": 2,
    "min_patch_found": false,
    "single_hunk": false,
    "fit_TFix": false,
    "delete_only_patch": false,
    "has_suppression_all_hunks": false,
    "full_warning_msg": "tests/test_commands.py:2991:34 Incompatible parameter type [6]: Expected `str` for 1st positional only parameter to call `aioredis.client.Redis.lrange` but got `bytes`.",
    "message": " Expected `str` for 1st positional only parameter to call `aioredis.client.Redis.lrange` but got `bytes`.",
    "rule_id": "Incompatible parameter type [6]",
    "warning_line_no": 2991,
    "warning_line": "            assert await r.lrange(key, 0, -1) == value"
  }
]