[
  {
    "project": "apache/airflow",
    "commit": "64a902d3e006e2ecec4c882184a71a09b10243fa",
    "filename": "airflow/providers/apache/druid/operators/druid.py",
    "min_patch_found": false,
    "full_warning_msg": "airflow/providers/apache/druid/operators/druid.py:58:33 Incompatible parameter type [6]: Expected `Dict[str, typing.Any]` for 1st positional only parameter to call `DruidHook.submit_indexing_job` but got `str`.",
    "exception": "PatchSet should only have 1 Patch, but it has 0",
    "dd_fail": true
  }
]