[
  {
    "project": "automl/auto-sklearn",
    "commit": "897fe40637cb1c11e6be105931bc3d69ce178b82",
    "filename": "autosklearn/pipeline/components/data_preprocessing/data_preprocessing.py",
    "filename_after_commit": "/home/chowyi/TypeAnnotation_Study/GitHub/automl-auto-sklearn/autosklearn/pipeline/components/data_preprocessing/feature_type.py",
    "file_hunks_size": 10,
    "min_patch_found": false,
    "single_hunk": false,
    "fit_TFix": false,
    "delete_only_patch": false,
    "has_suppression_all_hunks": false,
    "full_warning_msg": "autosklearn/pipeline/components/data_preprocessing/data_preprocessing.py:84:8 Incompatible attribute type [8]: Attribute `_transformers` declared in class `DataPreprocessor` has type `List[Tuple[str, AutoSklearnComponent]]` but is used as type `List[Tuple[str, Union[CategoricalPreprocessingPipeline, NumericalPreprocessingPipeline]]]`.",
    "message": " Attribute `_transformers` declared in class `DataPreprocessor` has type `List[Tuple[str, AutoSklearnComponent]]` but is used as type `List[Tuple[str, Union[CategoricalPreprocessingPipeline, NumericalPreprocessingPipeline]]]`.",
    "rule_id": "Incompatible attribute type [8]",
    "warning_line_no": 84,
    "warning_line": "        self._transformers: List[Tuple[str, AutoSklearnComponent]] = ["
  },
  {
    "project": "automl/auto-sklearn",
    "commit": "897fe40637cb1c11e6be105931bc3d69ce178b82",
    "filename": "autosklearn/pipeline/components/data_preprocessing/data_preprocessing.py",
    "filename_after_commit": "/home/chowyi/TypeAnnotation_Study/GitHub/automl-auto-sklearn/autosklearn/pipeline/components/data_preprocessing/feature_type.py",
    "file_hunks_size": 10,
    "min_patch_found": false,
    "single_hunk": false,
    "fit_TFix": false,
    "delete_only_patch": false,
    "has_suppression_all_hunks": false,
    "full_warning_msg": "autosklearn/pipeline/components/data_preprocessing/data_preprocessing.py:220:12 Incompatible parameter type [6]: Expected `Dict[str, Union[bool, int, str]]` for 1st positional only parameter to call `DataPreprocessor._get_hyperparameter_search_space_recursevely` but got `Optional[Dict[str, Union[bool, int, str]]]`.",
    "message": " Expected `Dict[str, Union[bool, int, str]]` for 1st positional only parameter to call `DataPreprocessor._get_hyperparameter_search_space_recursevely` but got `Optional[Dict[str, Union[bool, int, str]]]`.",
    "rule_id": "Incompatible parameter type [6]",
    "warning_line_no": 220,
    "warning_line": "            dataset_properties, cs, self._transformers)"
  }
]