[
  {
    "project": "aiven/karapace",
    "commit": "c61dd58bccba384a812882a96f8e05389e4e7b4c",
    "filename": "karapace/serialization.py",
    "filename_after_commit": "/home/chowyi/TypeAnnotation_Study/GitHub/aiven-karapace/karapace/serialization.py",
    "file_hunks_size": 18,
    "min_patch_found": false,
    "single_hunk": false,
    "fit_TFix": false,
    "delete_only_patch": false,
    "has_suppression_all_hunks": false,
    "full_warning_msg": "karapace/serialization.py:76:50 Invalid type [31]: Expression `(int, avro.schema.RecordSchema)` is not a valid type.",
    "message": " Expression `(int, avro.schema.RecordSchema)` is not a valid type.",
    "rule_id": "Invalid type [31]",
    "warning_line_no": 76,
    "warning_line": "    def get_latest_schema(self, subject: str) -> (int, avro.schema.RecordSchema):"
  }
]