[
  {
    "project": "Amulet-Team/Amulet-Core",
    "commit": "4c687c10c7d4cb1ed615b819351f0af87f385bd0",
    "filename": "amulet/level/formats/anvil_world/format.py",
    "filename_after_commit": "/home/chowyi/TypeAnnotation_Study/GitHub/Amulet-Team-Amulet-Core/amulet/level/formats/anvil_world/format.py",
    "file_hunks_size": 8,
    "min_patch_found": false,
    "single_hunk": false,
    "fit_TFix": false,
    "delete_only_patch": false,
    "has_suppression_all_hunks": false,
    "full_warning_msg": "amulet/level/formats/anvil_world/format.py:433:12 Incompatible parameter type [6]: Expected `Tuple[float, float, float]` for 2nd positional only parameter to call `Player.__init__` but got `typing.Tuple[Variable[_T_co](covariant), ...]`.",
    "message": " Expected `Tuple[float, float, float]` for 2nd positional only parameter to call `Player.__init__` but got `typing.Tuple[Variable[_T_co](covariant), ...]`.",
    "rule_id": "Incompatible parameter type [6]",
    "warning_line_no": 433,
    "warning_line": "            tuple(map(lambda t: t.value, player_nbt[\"Pos\"])),"
  },
  {
    "project": "Amulet-Team/Amulet-Core",
    "commit": "4c687c10c7d4cb1ed615b819351f0af87f385bd0",
    "filename": "amulet/level/formats/anvil_world/format.py",
    "filename_after_commit": "/home/chowyi/TypeAnnotation_Study/GitHub/Amulet-Team-Amulet-Core/amulet/level/formats/anvil_world/format.py",
    "file_hunks_size": 8,
    "min_patch_found": false,
    "single_hunk": false,
    "fit_TFix": false,
    "delete_only_patch": false,
    "has_suppression_all_hunks": false,
    "full_warning_msg": "amulet/level/formats/anvil_world/format.py:434:12 Incompatible parameter type [6]: Expected `Tuple[float, float]` for 3rd positional only parameter to call `Player.__init__` but got `typing.Tuple[Variable[_T_co](covariant), ...]`.",
    "message": " Expected `Tuple[float, float]` for 3rd positional only parameter to call `Player.__init__` but got `typing.Tuple[Variable[_T_co](covariant), ...]`.",
    "rule_id": "Incompatible parameter type [6]",
    "warning_line_no": 434,
    "warning_line": "            tuple(map(lambda t: t.value, player_nbt[\"Rotation\"])),"
  },
  {
    "project": "Amulet-Team/Amulet-Core",
    "commit": "4c687c10c7d4cb1ed615b819351f0af87f385bd0",
    "filename": "amulet/level/interfaces/chunk/anvil/base_anvil_interface.py",
    "filename_after_commit": "/home/chowyi/TypeAnnotation_Study/GitHub/Amulet-Team-Amulet-Core/amulet/level/interfaces/chunk/anvil/base_anvil_interface.py",
    "file_hunks_size": 1,
    "min_patch_found": false,
    "single_hunk": false,
    "fit_TFix": false,
    "delete_only_patch": false,
    "has_suppression_all_hunks": false,
    "full_warning_msg": "amulet/level/interfaces/chunk/anvil/base_anvil_interface.py:367:23 Unbound name [10]: Name `Optional` is used but not defined in the current scope.",
    "message": " Name `Optional` is used but not defined in the current scope.",
    "rule_id": "Unbound name [10]",
    "warning_line_no": 367,
    "warning_line": "                value: Optional[amulet_nbt.TAG_Long_Array] = None"
  }
]