[
  {
    "project": "aws/sagemaker-training-toolkit",
    "commit": "2de0eda123c9589503740a10cd0cdb87560e1e58",
    "filename": "src/sagemaker_training/_encoders.py",
    "filename_after_commit": "/home/chowyi/TypeAnnotation_Study/GitHub/aws-sagemaker-training-toolkit/src/sagemaker_training/encoders.py",
    "file_hunks_size": 7,
    "min_patch_found": false,
    "single_hunk": false,
    "fit_TFix": false,
    "delete_only_patch": false,
    "has_suppression_all_hunks": false,
    "full_warning_msg": "src/sagemaker_training/_encoders.py:32:29 Invalid type [31]: Expression `\"numpy.array or typing.Iterable or int or float\"` is not a valid type.",
    "message": " Expression `\"numpy.array or typing.Iterable or int or float\"` is not a valid type.",
    "rule_id": "Invalid type [31]",
    "warning_line_no": 32,
    "warning_line": "def array_to_npy(array_like):  # type: (np.array or Iterable or int or float) -> object"
  },
  {
    "project": "aws/sagemaker-training-toolkit",
    "commit": "2de0eda123c9589503740a10cd0cdb87560e1e58",
    "filename": "src/sagemaker_training/_encoders.py",
    "filename_after_commit": "/home/chowyi/TypeAnnotation_Study/GitHub/aws-sagemaker-training-toolkit/src/sagemaker_training/encoders.py",
    "file_hunks_size": 7,
    "min_patch_found": false,
    "single_hunk": false,
    "fit_TFix": false,
    "delete_only_patch": false,
    "has_suppression_all_hunks": false,
    "full_warning_msg": "src/sagemaker_training/_encoders.py:57:21 Incompatible parameter type [6]: Expected `bytes` for 1st positional only parameter to call `io.BytesIO.__init__` but got `object`.",
    "message": " Expected `bytes` for 1st positional only parameter to call `io.BytesIO.__init__` but got `object`.",
    "rule_id": "Incompatible parameter type [6]",
    "warning_line_no": 57,
    "warning_line": "    stream = BytesIO(npy_array)"
  },
  {
    "project": "aws/sagemaker-training-toolkit",
    "commit": "2de0eda123c9589503740a10cd0cdb87560e1e58",
    "filename": "src/sagemaker_training/_encoders.py",
    "filename_after_commit": "/home/chowyi/TypeAnnotation_Study/GitHub/aws-sagemaker-training-toolkit/src/sagemaker_training/encoders.py",
    "file_hunks_size": 7,
    "min_patch_found": false,
    "single_hunk": false,
    "fit_TFix": false,
    "delete_only_patch": false,
    "has_suppression_all_hunks": false,
    "full_warning_msg": "src/sagemaker_training/_encoders.py:61:30 Invalid type [31]: Expression `\"numpy.array or typing.Iterable or int or float\"` is not a valid type.",
    "message": " Expression `\"numpy.array or typing.Iterable or int or float\"` is not a valid type.",
    "rule_id": "Invalid type [31]",
    "warning_line_no": 61,
    "warning_line": "def array_to_json(array_like):  # type: (np.array or Iterable or int or float) -> str"
  },
  {
    "project": "aws/sagemaker-training-toolkit",
    "commit": "2de0eda123c9589503740a10cd0cdb87560e1e58",
    "filename": "src/sagemaker_training/_encoders.py",
    "filename_after_commit": "/home/chowyi/TypeAnnotation_Study/GitHub/aws-sagemaker-training-toolkit/src/sagemaker_training/encoders.py",
    "file_hunks_size": 7,
    "min_patch_found": false,
    "single_hunk": false,
    "fit_TFix": false,
    "delete_only_patch": false,
    "has_suppression_all_hunks": false,
    "full_warning_msg": "src/sagemaker_training/_encoders.py:83:31 Incompatible variable type [9]: dtype is declared to have type `str` but is used as type `None`.",
    "message": " dtype is declared to have type `str` but is used as type `None`.",
    "rule_id": "Incompatible variable type [9]",
    "warning_line_no": 83,
    "warning_line": "def json_to_numpy(string_like, dtype=None):  # type: (str) -> np.array"
  },
  {
    "project": "aws/sagemaker-training-toolkit",
    "commit": "2de0eda123c9589503740a10cd0cdb87560e1e58",
    "filename": "src/sagemaker_training/_encoders.py",
    "filename_after_commit": "/home/chowyi/TypeAnnotation_Study/GitHub/aws-sagemaker-training-toolkit/src/sagemaker_training/encoders.py",
    "file_hunks_size": 7,
    "min_patch_found": false,
    "single_hunk": false,
    "fit_TFix": false,
    "delete_only_patch": false,
    "has_suppression_all_hunks": false,
    "full_warning_msg": "src/sagemaker_training/_encoders.py:101:30 Incompatible variable type [9]: dtype is declared to have type `str` but is used as type `None`.",
    "message": " dtype is declared to have type `str` but is used as type `None`.",
    "rule_id": "Incompatible variable type [9]",
    "warning_line_no": 101,
    "warning_line": "def csv_to_numpy(string_like, dtype=None):  # type: (str) -> np.array"
  },
  {
    "project": "aws/sagemaker-training-toolkit",
    "commit": "2de0eda123c9589503740a10cd0cdb87560e1e58",
    "filename": "src/sagemaker_training/_encoders.py",
    "filename_after_commit": "/home/chowyi/TypeAnnotation_Study/GitHub/aws-sagemaker-training-toolkit/src/sagemaker_training/encoders.py",
    "file_hunks_size": 7,
    "min_patch_found": false,
    "single_hunk": false,
    "fit_TFix": false,
    "delete_only_patch": false,
    "has_suppression_all_hunks": false,
    "full_warning_msg": "src/sagemaker_training/_encoders.py:129:29 Invalid type [31]: Expression `\"numpy.array or typing.Iterable or int or float\"` is not a valid type.",
    "message": " Expression `\"numpy.array or typing.Iterable or int or float\"` is not a valid type.",
    "rule_id": "Invalid type [31]",
    "warning_line_no": 129,
    "warning_line": "def array_to_csv(array_like):  # type: (np.array or Iterable or int or float) -> str"
  },
  {
    "project": "aws/sagemaker-training-toolkit",
    "commit": "2de0eda123c9589503740a10cd0cdb87560e1e58",
    "filename": "src/sagemaker_training/_encoders.py",
    "filename_after_commit": "/home/chowyi/TypeAnnotation_Study/GitHub/aws-sagemaker-training-toolkit/src/sagemaker_training/encoders.py",
    "file_hunks_size": 7,
    "min_patch_found": false,
    "single_hunk": false,
    "fit_TFix": false,
    "delete_only_patch": false,
    "has_suppression_all_hunks": false,
    "full_warning_msg": "src/sagemaker_training/_encoders.py:148:12 Incompatible parameter type [6]: Expected `_csv._Writer` for 1st positional only parameter to call `_csv.writer` but got `io.StringIO`.",
    "message": " Expected `_csv._Writer` for 1st positional only parameter to call `_csv.writer` but got `io.StringIO`.",
    "rule_id": "Incompatible parameter type [6]",
    "warning_line_no": 148,
    "warning_line": "            stream, lineterminator=\"\\n\", delimiter=\",\", quotechar='\"', doublequote=True, strict=True"
  },
  {
    "project": "aws/sagemaker-training-toolkit",
    "commit": "2de0eda123c9589503740a10cd0cdb87560e1e58",
    "filename": "src/sagemaker_training/_encoders.py",
    "filename_after_commit": "/home/chowyi/TypeAnnotation_Study/GitHub/aws-sagemaker-training-toolkit/src/sagemaker_training/encoders.py",
    "file_hunks_size": 7,
    "min_patch_found": false,
    "single_hunk": false,
    "fit_TFix": false,
    "delete_only_patch": false,
    "has_suppression_all_hunks": false,
    "full_warning_msg": "src/sagemaker_training/_encoders.py:198:30 Invalid type [31]: Expression `\"numpy.array or typing.Iterable or int or float\"` is not a valid type.",
    "message": " Expression `\"numpy.array or typing.Iterable or int or float\"` is not a valid type.",
    "rule_id": "Invalid type [31]",
    "warning_line_no": 198,
    "warning_line": "def decode(obj, content_type):"
  },
  {
    "project": "aws/sagemaker-training-toolkit",
    "commit": "2de0eda123c9589503740a10cd0cdb87560e1e58",
    "filename": "src/sagemaker_training/_encoders.py",
    "filename_after_commit": "/home/chowyi/TypeAnnotation_Study/GitHub/aws-sagemaker-training-toolkit/src/sagemaker_training/encoders.py",
    "file_hunks_size": 7,
    "min_patch_found": false,
    "single_hunk": false,
    "fit_TFix": false,
    "delete_only_patch": false,
    "has_suppression_all_hunks": false,
    "full_warning_msg": "src/sagemaker_training/_encoders.py:216:37 Invalid type [31]: Expression `\"numpy.array or typing.Iterable or int or float\"` is not a valid type.",
    "message": " Expression `\"numpy.array or typing.Iterable or int or float\"` is not a valid type.",
    "rule_id": "Invalid type [31]",
    "warning_line_no": 216,
    "warning_line": "def encode(array_like, content_type):"
  },
  {
    "project": "aws/sagemaker-training-toolkit",
    "commit": "2de0eda123c9589503740a10cd0cdb87560e1e58",
    "filename": "src/sagemaker_training/_env.py",
    "filename_after_commit": "/home/chowyi/TypeAnnotation_Study/GitHub/aws-sagemaker-training-toolkit/src/sagemaker_training/env.py",
    "file_hunks_size": 12,
    "min_patch_found": false,
    "single_hunk": false,
    "fit_TFix": false,
    "delete_only_patch": false,
    "has_suppression_all_hunks": false,
    "full_warning_msg": "src/sagemaker_training/_env.py:968:19 Incompatible variable type [9]: env_vars is declared to have type `typing.Dict[typing.Any, typing.Any]` but is used as type `None`.",
    "message": " env_vars is declared to have type `typing.Dict[typing.Any, typing.Any]` but is used as type `None`.",
    "rule_id": "Incompatible variable type [9]",
    "warning_line_no": 968,
    "warning_line": "def write_env_vars(env_vars=None):  # type: (dict) -> None"
  },
  {
    "project": "aws/sagemaker-training-toolkit",
    "commit": "2de0eda123c9589503740a10cd0cdb87560e1e58",
    "filename": "src/sagemaker_training/_files.py",
    "filename_after_commit": "/home/chowyi/TypeAnnotation_Study/GitHub/aws-sagemaker-training-toolkit/src/sagemaker_training/files.py",
    "file_hunks_size": 4,
    "min_patch_found": false,
    "single_hunk": false,
    "fit_TFix": false,
    "delete_only_patch": false,
    "has_suppression_all_hunks": false,
    "full_warning_msg": "src/sagemaker_training/_files.py:53:36 Incompatible variable type [9]: directory is declared to have type `str` but is used as type `None`.",
    "message": " directory is declared to have type `str` but is used as type `None`.",
    "rule_id": "Incompatible variable type [9]",
    "warning_line_no": 53,
    "warning_line": "def tmpdir(suffix=\"\", prefix=\"tmp\", directory=None):  # type: (str, str, str) -> None"
  },
  {
    "project": "aws/sagemaker-training-toolkit",
    "commit": "2de0eda123c9589503740a10cd0cdb87560e1e58",
    "filename": "src/sagemaker_training/_files.py",
    "filename_after_commit": "/home/chowyi/TypeAnnotation_Study/GitHub/aws-sagemaker-training-toolkit/src/sagemaker_training/files.py",
    "file_hunks_size": 4,
    "min_patch_found": false,
    "single_hunk": false,
    "fit_TFix": false,
    "delete_only_patch": false,
    "has_suppression_all_hunks": false,
    "full_warning_msg": "src/sagemaker_training/_files.py:70:4 Incompatible return type [7]: Expected `None` but got `typing.Generator[str, None, None]`.",
    "message": " Expected `None` but got `typing.Generator[str, None, None]`.",
    "rule_id": "Incompatible return type [7]",
    "warning_line_no": 70,
    "warning_line": "    yield tmp"
  },
  {
    "project": "aws/sagemaker-training-toolkit",
    "commit": "2de0eda123c9589503740a10cd0cdb87560e1e58",
    "filename": "src/sagemaker_training/_files.py",
    "filename_after_commit": "/home/chowyi/TypeAnnotation_Study/GitHub/aws-sagemaker-training-toolkit/src/sagemaker_training/files.py",
    "file_hunks_size": 4,
    "min_patch_found": false,
    "single_hunk": false,
    "fit_TFix": false,
    "delete_only_patch": false,
    "has_suppression_all_hunks": false,
    "full_warning_msg": "src/sagemaker_training/_files.py:154:4 Incompatible variable type [9]: url is declared to have type `str` but is used as type `urllib.parse.ParseResult`.",
    "message": " url is declared to have type `str` but is used as type `urllib.parse.ParseResult`.",
    "rule_id": "Incompatible variable type [9]",
    "warning_line_no": 154,
    "warning_line": "    url = parse.urlparse(url)"
  },
  {
    "project": "aws/sagemaker-training-toolkit",
    "commit": "2de0eda123c9589503740a10cd0cdb87560e1e58",
    "filename": "src/sagemaker_training/_functions.py",
    "filename_after_commit": "/home/chowyi/TypeAnnotation_Study/GitHub/aws-sagemaker-training-toolkit/src/sagemaker_training/functions.py",
    "file_hunks_size": 2,
    "min_patch_found": false,
    "single_hunk": false,
    "fit_TFix": false,
    "delete_only_patch": false,
    "has_suppression_all_hunks": false,
    "full_warning_msg": "src/sagemaker_training/_functions.py:75:8 Incompatible return type [7]: Expected `inspect.ArgSpec` but got implicit return value of `None`.",
    "message": " Expected `inspect.ArgSpec` but got implicit return value of `None`.",
    "rule_id": "Incompatible return type [7]",
    "warning_line_no": 75,
    "warning_line": "        return inspect.ArgSpec("
  },
  {
    "project": "aws/sagemaker-training-toolkit",
    "commit": "2de0eda123c9589503740a10cd0cdb87560e1e58",
    "filename": "src/sagemaker_training/_functions.py",
    "filename_after_commit": "/home/chowyi/TypeAnnotation_Study/GitHub/aws-sagemaker-training-toolkit/src/sagemaker_training/functions.py",
    "file_hunks_size": 2,
    "min_patch_found": false,
    "single_hunk": false,
    "fit_TFix": false,
    "delete_only_patch": false,
    "has_suppression_all_hunks": false,
    "full_warning_msg": "src/sagemaker_training/_functions.py:76:76 Incompatible parameter type [6]: Expected `typing.Tuple[typing.Any, ...]` for 4th positional only parameter to call `inspect.ArgSpec.__init__` but got `typing.Optional[typing.Tuple[typing.Any, ...]]`.",
    "message": " Expected `typing.Tuple[typing.Any, ...]` for 4th positional only parameter to call `inspect.ArgSpec.__init__` but got `typing.Optional[typing.Tuple[typing.Any, ...]]`.",
    "rule_id": "Incompatible parameter type [6]",
    "warning_line_no": 76,
    "warning_line": "            full_arg_spec.args, full_arg_spec.varargs, full_arg_spec.varkw, full_arg_spec.defaults"
  },
  {
    "project": "aws/sagemaker-training-toolkit",
    "commit": "2de0eda123c9589503740a10cd0cdb87560e1e58",
    "filename": "src/sagemaker_training/_functions.py",
    "filename_after_commit": "/home/chowyi/TypeAnnotation_Study/GitHub/aws-sagemaker-training-toolkit/src/sagemaker_training/functions.py",
    "file_hunks_size": 2,
    "min_patch_found": false,
    "single_hunk": false,
    "fit_TFix": false,
    "delete_only_patch": false,
    "has_suppression_all_hunks": false,
    "full_warning_msg": "src/sagemaker_training/_functions.py:80:35 Invalid type [31]: Expression `\"typing.Callable or None\"` is not a valid type.",
    "message": " Expression `\"typing.Callable or None\"` is not a valid type.",
    "rule_id": "Invalid type [31]",
    "warning_line_no": 80,
    "warning_line": "def error_wrapper(fn, error_class):  # type: (Callable or None, Exception) -> ..."
  },
  {
    "project": "aws/sagemaker-training-toolkit",
    "commit": "2de0eda123c9589503740a10cd0cdb87560e1e58",
    "filename": "src/sagemaker_training/_mapping.py",
    "min_patch_found": false,
    "full_warning_msg": "src/sagemaker_training/_mapping.py:97:17 Invalid type [31]: Expression `\"bytes or str or unicode or object\"` is not a valid type.",
    "exception": "PatchSet should only have 1 Patch, but it has 0",
    "dd_fail": true
  },
  {
    "project": "aws/sagemaker-training-toolkit",
    "commit": "2de0eda123c9589503740a10cd0cdb87560e1e58",
    "filename": "src/sagemaker_training/_mapping.py",
    "min_patch_found": false,
    "full_warning_msg": "src/sagemaker_training/_mapping.py:121:16 Incompatible variable type [9]: keys is declared to have type `typing.Dict[typing.Any, typing.Any]` but is used as type `None`.",
    "exception": "PatchSet should only have 1 Patch, but it has 0",
    "dd_fail": true
  },
  {
    "project": "aws/sagemaker-training-toolkit",
    "commit": "2de0eda123c9589503740a10cd0cdb87560e1e58",
    "filename": "src/sagemaker_training/_mapping.py",
    "min_patch_found": false,
    "full_warning_msg": "src/sagemaker_training/_mapping.py:122:2 Invalid type [31]: Expression `\"set or list or tuple\"` is not a valid type.",
    "exception": "PatchSet should only have 1 Patch, but it has 0",
    "dd_fail": true
  },
  {
    "project": "aws/sagemaker-training-toolkit",
    "commit": "2de0eda123c9589503740a10cd0cdb87560e1e58",
    "filename": "src/sagemaker_training/_mapping.py",
    "min_patch_found": false,
    "full_warning_msg": "src/sagemaker_training/_mapping.py:138:4 Incompatible variable type [9]: keys is declared to have type `typing.Dict[typing.Any, typing.Any]` but is used as type `typing.Union[typing.Dict[typing.Any, typing.Any], typing.List[Variable[_T]]]`.",
    "exception": "PatchSet should only have 1 Patch, but it has 0",
    "dd_fail": true
  },
  {
    "project": "aws/sagemaker-training-toolkit",
    "commit": "2de0eda123c9589503740a10cd0cdb87560e1e58",
    "filename": "src/sagemaker_training/_mapping.py",
    "min_patch_found": false,
    "full_warning_msg": "src/sagemaker_training/_mapping.py:139:4 Incompatible variable type [9]: keys is declared to have type `typing.Dict[typing.Any, typing.Any]` but is used as type `typing.Set[typing.Any]`.",
    "exception": "PatchSet should only have 1 Patch, but it has 0",
    "dd_fail": true
  },
  {
    "project": "aws/sagemaker-training-toolkit",
    "commit": "2de0eda123c9589503740a10cd0cdb87560e1e58",
    "filename": "src/sagemaker_training/_modules.py",
    "filename_after_commit": "/home/chowyi/TypeAnnotation_Study/GitHub/aws-sagemaker-training-toolkit/src/sagemaker_training/modules.py",
    "file_hunks_size": 15,
    "min_patch_found": false,
    "single_hunk": false,
    "fit_TFix": false,
    "delete_only_patch": false,
    "has_suppression_all_hunks": false,
    "full_warning_msg": "src/sagemaker_training/_modules.py:166:21 Incompatible variable type [9]: args is declared to have type `typing.List[typing.Any]` but is used as type `None`.",
    "message": " args is declared to have type `typing.List[typing.Any]` but is used as type `None`.",
    "rule_id": "Incompatible variable type [9]",
    "warning_line_no": 166,
    "warning_line": "def run(module_name, args=None, env_vars=None, wait=True, capture_error=False):"
  },
  {
    "project": "aws/sagemaker-training-toolkit",
    "commit": "2de0eda123c9589503740a10cd0cdb87560e1e58",
    "filename": "src/sagemaker_training/_modules.py",
    "filename_after_commit": "/home/chowyi/TypeAnnotation_Study/GitHub/aws-sagemaker-training-toolkit/src/sagemaker_training/modules.py",
    "file_hunks_size": 15,
    "min_patch_found": false,
    "single_hunk": false,
    "fit_TFix": false,
    "delete_only_patch": false,
    "has_suppression_all_hunks": false,
    "full_warning_msg": "src/sagemaker_training/_modules.py:166:32 Incompatible variable type [9]: env_vars is declared to have type `typing.Dict[typing.Any, typing.Any]` but is used as type `None`.",
    "message": " env_vars is declared to have type `typing.Dict[typing.Any, typing.Any]` but is used as type `None`.",
    "rule_id": "Incompatible variable type [9]",
    "warning_line_no": 166,
    "warning_line": "def run(module_name, args=None, env_vars=None, wait=True, capture_error=False):"
  },
  {
    "project": "aws/sagemaker-training-toolkit",
    "commit": "2de0eda123c9589503740a10cd0cdb87560e1e58",
    "filename": "src/sagemaker_training/_modules.py",
    "filename_after_commit": "/home/chowyi/TypeAnnotation_Study/GitHub/aws-sagemaker-training-toolkit/src/sagemaker_training/modules.py",
    "file_hunks_size": 15,
    "min_patch_found": false,
    "single_hunk": false,
    "fit_TFix": false,
    "delete_only_patch": false,
    "has_suppression_all_hunks": false,
    "full_warning_msg": "src/sagemaker_training/_modules.py:239:49 Incompatible variable type [9]: cache is declared to have type `bool` but is used as type `None`.",
    "message": " cache is declared to have type `bool` but is used as type `None`.",
    "rule_id": "Incompatible variable type [9]",
    "warning_line_no": 239,
    "warning_line": "def import_module(uri, name=DEFAULT_MODULE_NAME, cache=None):  # type: (str, str, bool) -> module"
  },
  {
    "project": "aws/sagemaker-training-toolkit",
    "commit": "2de0eda123c9589503740a10cd0cdb87560e1e58",
    "filename": "src/sagemaker_training/_modules.py",
    "filename_after_commit": "/home/chowyi/TypeAnnotation_Study/GitHub/aws-sagemaker-training-toolkit/src/sagemaker_training/modules.py",
    "file_hunks_size": 15,
    "min_patch_found": false,
    "single_hunk": false,
    "fit_TFix": false,
    "delete_only_patch": false,
    "has_suppression_all_hunks": false,
    "full_warning_msg": "src/sagemaker_training/_modules.py:269:15 Incompatible variable type [9]: env_vars is declared to have type `typing.Dict[typing.Any, typing.Any]` but is used as type `None`.",
    "message": " env_vars is declared to have type `typing.Dict[typing.Any, typing.Any]` but is used as type `None`.",
    "rule_id": "Incompatible variable type [9]",
    "warning_line_no": 269,
    "warning_line": "    uri, args, env_vars=None, name=DEFAULT_MODULE_NAME, cache=None, wait=True, capture_error=False"
  },
  {
    "project": "aws/sagemaker-training-toolkit",
    "commit": "2de0eda123c9589503740a10cd0cdb87560e1e58",
    "filename": "src/sagemaker_training/_modules.py",
    "filename_after_commit": "/home/chowyi/TypeAnnotation_Study/GitHub/aws-sagemaker-training-toolkit/src/sagemaker_training/modules.py",
    "file_hunks_size": 15,
    "min_patch_found": false,
    "single_hunk": false,
    "fit_TFix": false,
    "delete_only_patch": false,
    "has_suppression_all_hunks": false,
    "full_warning_msg": "src/sagemaker_training/_modules.py:269:56 Incompatible variable type [9]: cache is declared to have type `bool` but is used as type `None`.",
    "message": " cache is declared to have type `bool` but is used as type `None`.",
    "rule_id": "Incompatible variable type [9]",
    "warning_line_no": 269,
    "warning_line": "    uri, args, env_vars=None, name=DEFAULT_MODULE_NAME, cache=None, wait=True, capture_error=False"
  },
  {
    "project": "aws/sagemaker-training-toolkit",
    "commit": "2de0eda123c9589503740a10cd0cdb87560e1e58",
    "filename": "src/sagemaker_training/_params.py",
    "min_patch_found": false,
    "full_warning_msg": "src/sagemaker_training/_params.py:56:0 Incompatible variable type [9]: MPI_PROCESSES_PER_HOST is declared to have type `int` but is used as type `str`.",
    "exception": "PatchSet should only have 1 Patch, but it has 0",
    "dd_fail": true
  },
  {
    "project": "aws/sagemaker-training-toolkit",
    "commit": "2de0eda123c9589503740a10cd0cdb87560e1e58",
    "filename": "src/sagemaker_training/_params.py",
    "min_patch_found": false,
    "full_warning_msg": "src/sagemaker_training/_params.py:57:0 Incompatible variable type [9]: MPI_NUM_PROCESSES is declared to have type `int` but is used as type `str`.",
    "exception": "PatchSet should only have 1 Patch, but it has 0",
    "dd_fail": true
  },
  {
    "project": "aws/sagemaker-training-toolkit",
    "commit": "2de0eda123c9589503740a10cd0cdb87560e1e58",
    "filename": "src/sagemaker_training/_runner.py",
    "filename_after_commit": "/home/chowyi/TypeAnnotation_Study/GitHub/aws-sagemaker-training-toolkit/src/sagemaker_training/runner.py",
    "file_hunks_size": 4,
    "min_patch_found": false,
    "single_hunk": false,
    "fit_TFix": false,
    "delete_only_patch": false,
    "has_suppression_all_hunks": false,
    "full_warning_msg": "src/sagemaker_training/_runner.py:34:20 Incompatible variable type [9]: user_entry_point is declared to have type `RunnerType` but is used as type `None`.",
    "message": " user_entry_point is declared to have type `RunnerType` but is used as type `None`.",
    "rule_id": "Incompatible variable type [9]",
    "warning_line_no": 34,
    "warning_line": "def get(identifier, user_entry_point=None, args=None, env_vars=None, extra_opts=None):"
  },
  {
    "project": "aws/sagemaker-training-toolkit",
    "commit": "2de0eda123c9589503740a10cd0cdb87560e1e58",
    "filename": "src/sagemaker_training/_runner.py",
    "filename_after_commit": "/home/chowyi/TypeAnnotation_Study/GitHub/aws-sagemaker-training-toolkit/src/sagemaker_training/runner.py",
    "file_hunks_size": 4,
    "min_patch_found": false,
    "single_hunk": false,
    "fit_TFix": false,
    "delete_only_patch": false,
    "has_suppression_all_hunks": false,
    "full_warning_msg": "src/sagemaker_training/_runner.py:34:43 Incompatible variable type [9]: args is declared to have type `str` but is used as type `None`.",
    "message": " args is declared to have type `str` but is used as type `None`.",
    "rule_id": "Incompatible variable type [9]",
    "warning_line_no": 34,
    "warning_line": "def get(identifier, user_entry_point=None, args=None, env_vars=None, extra_opts=None):"
  },
  {
    "project": "aws/sagemaker-training-toolkit",
    "commit": "2de0eda123c9589503740a10cd0cdb87560e1e58",
    "filename": "src/sagemaker_training/_runner.py",
    "filename_after_commit": "/home/chowyi/TypeAnnotation_Study/GitHub/aws-sagemaker-training-toolkit/src/sagemaker_training/runner.py",
    "file_hunks_size": 4,
    "min_patch_found": false,
    "single_hunk": false,
    "fit_TFix": false,
    "delete_only_patch": false,
    "has_suppression_all_hunks": false,
    "full_warning_msg": "src/sagemaker_training/_runner.py:34:54 Incompatible variable type [9]: env_vars is declared to have type `List[str]` but is used as type `None`.",
    "message": " env_vars is declared to have type `List[str]` but is used as type `None`.",
    "rule_id": "Incompatible variable type [9]",
    "warning_line_no": 34,
    "warning_line": "def get(identifier, user_entry_point=None, args=None, env_vars=None, extra_opts=None):"
  },
  {
    "project": "aws/sagemaker-training-toolkit",
    "commit": "2de0eda123c9589503740a10cd0cdb87560e1e58",
    "filename": "src/sagemaker_training/_runner.py",
    "filename_after_commit": "/home/chowyi/TypeAnnotation_Study/GitHub/aws-sagemaker-training-toolkit/src/sagemaker_training/runner.py",
    "file_hunks_size": 4,
    "min_patch_found": false,
    "single_hunk": false,
    "fit_TFix": false,
    "delete_only_patch": false,
    "has_suppression_all_hunks": false,
    "full_warning_msg": "src/sagemaker_training/_runner.py:34:69 Incompatible variable type [9]: extra_opts is declared to have type `Dict[typing.Any, typing.Any]` but is used as type `None`.",
    "message": " extra_opts is declared to have type `Dict[typing.Any, typing.Any]` but is used as type `None`.",
    "rule_id": "Incompatible variable type [9]",
    "warning_line_no": 34,
    "warning_line": "def get(identifier, user_entry_point=None, args=None, env_vars=None, extra_opts=None):"
  },
  {
    "project": "aws/sagemaker-training-toolkit",
    "commit": "2de0eda123c9589503740a10cd0cdb87560e1e58",
    "filename": "src/sagemaker_training/_worker.py",
    "filename_after_commit": "/home/chowyi/TypeAnnotation_Study/GitHub/aws-sagemaker-training-toolkit/src/sagemaker_training/worker.py",
    "file_hunks_size": 9,
    "min_patch_found": false,
    "single_hunk": false,
    "fit_TFix": false,
    "delete_only_patch": false,
    "has_suppression_all_hunks": false,
    "full_warning_msg": "src/sagemaker_training/_worker.py:168:23 Incompatible variable type [9]: environ is declared to have type `typing.Dict[typing.Any, typing.Any]` but is used as type `None`.",
    "message": " environ is declared to have type `typing.Dict[typing.Any, typing.Any]` but is used as type `None`.",
    "rule_id": "Incompatible variable type [9]",
    "warning_line_no": 168,
    "warning_line": "    def __init__(self, environ=None, serving_env=None):  # type: (dict, _env.ServingEnv) -> None"
  }
]