[
  {
    "project": "ankitects/anki",
    "commit": "1b236acb3dabd9c1157676057f4dfcbafc59b278",
    "filename": "qt/aqt/addons.py",
    "filename_after_commit": "/home/chowyi/TypeAnnotation_Study/GitHub/ankitects-anki/qt/aqt/addons.py",
    "file_hunks_size": 1,
    "min_patch_found": true,
    "single_hunk": true,
    "fit_TFix": false,
    "delete_only_patch": false,
    "has_suppression_all_hunks": false,
    "full_warning_msg": "qt/aqt/addons.py:238:72 Incompatible parameter type [6]: Expected `typing_extensions.SupportsIndex` for 1st positional only parameter to call `list.__getitem__` but got `str`.",
    "message": " Expected `typing_extensions.SupportsIndex` for 1st positional only parameter to call `list.__getitem__` but got `str`.",
    "rule_id": "Incompatible parameter type [6]",
    "warning_line_no": 238,
    "warning_line": "            k: v for k, v in manifest.items() if k in schema and schema[k][\"meta\"]",
    "min_patch": [
      {
        "hunk_fit_TFix": false,
        "inside_window": false,
        "delete_only": false,
        "has_suppression": false,
        "source_code": "\n    ext = \".ankiaddon\"\n    _manifest_schema = {\n        \"type\": \"object\",\n",
        "source_code_len": 75,
        "target_code": "\n    ext: str = \".ankiaddon\"\n    _manifest_schema: dict = {\n        \"type\": \"object\",\n",
        "target_code_len": 86,
        "diff_format": "@@ -49,4 +49,4 @@\n \n-    ext = \".ankiaddon\"\n-    _manifest_schema = {\n+    ext: str = \".ankiaddon\"\n+    _manifest_schema: dict = {\n         \"type\": \"object\",\n",
        "source_code_with_indent": "\n    <IND>ext = \".ankiaddon\"\n    _manifest_schema = {\n        \"type\": \"object\",\n",
        "source_code_with_indent_exact_match": true,
        "target_code_with_indent": "\n    <IND>ext: str = \".ankiaddon\"\n    _manifest_schema: dict = {\n        \"type\": \"object\",\n",
        "target_code_with_indent_exact_match": true
      }
    ]
  },
  {
    "project": "ankitects/anki",
    "commit": "1b236acb3dabd9c1157676057f4dfcbafc59b278",
    "filename": "qt/aqt/addons.py",
    "filename_after_commit": "/home/chowyi/TypeAnnotation_Study/GitHub/ankitects-anki/qt/aqt/addons.py",
    "file_hunks_size": 1,
    "min_patch_found": true,
    "single_hunk": true,
    "fit_TFix": false,
    "delete_only_patch": false,
    "has_suppression_all_hunks": false,
    "full_warning_msg": "qt/aqt/addons.py:238:75 Incompatible parameter type [6]: Expected `Union[int, slice]` for 1st positional only parameter to call `str.__getitem__` but got `str`.",
    "message": " Expected `Union[int, slice]` for 1st positional only parameter to call `str.__getitem__` but got `str`.",
    "rule_id": "Incompatible parameter type [6]",
    "warning_line_no": 238,
    "warning_line": "            k: v for k, v in manifest.items() if k in schema and schema[k][\"meta\"]",
    "min_patch": [
      {
        "hunk_fit_TFix": false,
        "inside_window": false,
        "delete_only": false,
        "has_suppression": false,
        "source_code": "\n    ext = \".ankiaddon\"\n    _manifest_schema = {\n        \"type\": \"object\",\n",
        "source_code_len": 75,
        "target_code": "\n    ext: str = \".ankiaddon\"\n    _manifest_schema: dict = {\n        \"type\": \"object\",\n",
        "target_code_len": 86,
        "diff_format": "@@ -49,4 +49,4 @@\n \n-    ext = \".ankiaddon\"\n-    _manifest_schema = {\n+    ext: str = \".ankiaddon\"\n+    _manifest_schema: dict = {\n         \"type\": \"object\",\n",
        "source_code_with_indent": "\n    <IND>ext = \".ankiaddon\"\n    _manifest_schema = {\n        \"type\": \"object\",\n",
        "source_code_with_indent_exact_match": true,
        "target_code_with_indent": "\n    <IND>ext: str = \".ankiaddon\"\n    _manifest_schema: dict = {\n        \"type\": \"object\",\n",
        "target_code_with_indent_exact_match": true
      }
    ]
  }
]