[
  {
    "project": "blender/blender-addons",
    "commit": "80853daea9394b9135bef342eefa0150a1c1a5f8",
    "filename": "add_curve_extra_objects/add_curve_torus_knots.py",
    "filename_after_commit": "/home/chowyi/TypeAnnotation_Study/GitHub/blender-blender-addons/add_curve_extra_objects/add_curve_torus_knots.py",
    "file_hunks_size": 12,
    "min_patch_found": false,
    "single_hunk": false,
    "fit_TFix": false,
    "delete_only_patch": false,
    "has_suppression_all_hunks": false,
    "full_warning_msg": "add_curve_extra_objects/add_curve_torus_knots.py:105:19 Unbound name [10]: Name `BoolProperty` is used but not defined in the current scope.",
    "message": " Name `BoolProperty` is used but not defined in the current scope.",
    "rule_id": "Unbound name [10]",
    "warning_line_no": 105,
    "warning_line": "    options_plus = BoolProperty(name=\"plus options\","
  },
  {
    "project": "blender/blender-addons",
    "commit": "80853daea9394b9135bef342eefa0150a1c1a5f8",
    "filename": "add_curve_extra_objects/add_curve_torus_knots.py",
    "filename_after_commit": "/home/chowyi/TypeAnnotation_Study/GitHub/blender-blender-addons/add_curve_extra_objects/add_curve_torus_knots.py",
    "file_hunks_size": 12,
    "min_patch_found": false,
    "single_hunk": false,
    "fit_TFix": false,
    "delete_only_patch": false,
    "has_suppression_all_hunks": false,
    "full_warning_msg": "add_curve_extra_objects/add_curve_torus_knots.py:112:17 Unbound name [10]: Name `FloatProperty` is used but not defined in the current scope.",
    "message": " Name `FloatProperty` is used but not defined in the current scope.",
    "rule_id": "Unbound name [10]",
    "warning_line_no": 112,
    "warning_line": "    geo_bDepth = FloatProperty(name=\"bevel\","
  },
  {
    "project": "blender/blender-addons",
    "commit": "80853daea9394b9135bef342eefa0150a1c1a5f8",
    "filename": "add_curve_extra_objects/add_curve_torus_knots.py",
    "filename_after_commit": "/home/chowyi/TypeAnnotation_Study/GitHub/blender-blender-addons/add_curve_extra_objects/add_curve_torus_knots.py",
    "file_hunks_size": 12,
    "min_patch_found": false,
    "single_hunk": false,
    "fit_TFix": false,
    "delete_only_patch": false,
    "has_suppression_all_hunks": false,
    "full_warning_msg": "add_curve_extra_objects/add_curve_torus_knots.py:115:15 Unbound name [10]: Name `IntProperty` is used but not defined in the current scope.",
    "message": " Name `IntProperty` is used but not defined in the current scope.",
    "rule_id": "Unbound name [10]",
    "warning_line_no": 115,
    "warning_line": "    geo_bRes = IntProperty(name=\"bevel res\","
  }
]