[
  {
    "project": "ApeWorX/ape",
    "commit": "6d641270e2932eac3cd6a6914a992d714b63c4d9",
    "filename": "src/ape/plugins/cli.py",
    "min_patch_found": false,
    "full_warning_msg": "src/ape/plugins/cli.py:11:8 Incompatible return type [7]: Expected `Union[click.core.Command, click.core.Group]` but got implicit return value of `None`.",
    "exception": "[Errno 2] No such file or directory: '/home/chowyi/TypeAnnotation_Study/GitHub/ApeWorX-ape/src/ape/plugins/cli.py'",
    "dd_fail": true
  }
]