[
  {
    "project": "aws/sagemaker-inference-toolkit",
    "commit": "b4fc5aefc229e1df316eb36c4d606e2a29246e44",
    "filename": "src/sagemaker_inference/decoder.py",
    "filename_after_commit": "/home/chowyi/TypeAnnotation_Study/GitHub/aws-sagemaker-inference-toolkit/src/sagemaker_inference/decoder.py",
    "file_hunks_size": 2,
    "min_patch_found": true,
    "single_hunk": true,
    "fit_TFix": false,
    "delete_only_patch": true,
    "has_suppression_all_hunks": false,
    "full_warning_msg": "src/sagemaker_inference/decoder.py:81:30 Invalid type [31]: Expression `\"numpy.array or typing.Iterable or int or float\"` is not a valid type.",
    "message": " Expression `\"numpy.array or typing.Iterable or int or float\"` is not a valid type.",
    "rule_id": "Invalid type [31]",
    "warning_line_no": 81,
    "warning_line": "def decode(obj, content_type):",
    "min_patch": [
      {
        "hunk_fit_TFix": true,
        "inside_window": true,
        "delete_only": true,
        "has_suppression": false,
        "source_code": "def decode(obj, content_type):\n    # type: (np.array or Iterable or int or float, str) -> np.array\n    \"\"\"Decode an object to one of the default content types to a numpy array.\n",
        "source_code_len": 177,
        "target_code": "def decode(obj, content_type):\n    \"\"\"Decode an object to one of the default content types to a numpy array.\n",
        "target_code_len": 109,
        "diff_format": "@@ -81,3 +80,2 @@\n def decode(obj, content_type):\n-    # type: (np.array or Iterable or int or float, str) -> np.array\n     \"\"\"Decode an object to one of the default content types to a numpy array.\n",
        "source_code_with_indent_exact_match": false,
        "target_code_with_indent_exact_match": false,
        "source_code_with_indent": "def decode(obj, content_type):\n    # type: (np.array or Iterable or int or float, str) -> np.array\n    <IND>",
        "target_code_with_indent": "def decode(obj, content_type):\n    <IND>"
      }
    ]
  },
  {
    "project": "aws/sagemaker-inference-toolkit",
    "commit": "b4fc5aefc229e1df316eb36c4d606e2a29246e44",
    "filename": "src/sagemaker_inference/encoder.py",
    "filename_after_commit": "/home/chowyi/TypeAnnotation_Study/GitHub/aws-sagemaker-inference-toolkit/src/sagemaker_inference/encoder.py",
    "file_hunks_size": 5,
    "min_patch_found": true,
    "single_hunk": true,
    "fit_TFix": true,
    "delete_only_patch": false,
    "has_suppression_all_hunks": false,
    "full_warning_msg": "src/sagemaker_inference/encoder.py:26:31 Invalid type [31]: Expression `\"numpy.array or typing.Iterable or int or float\"` is not a valid type.",
    "message": " Expression `\"numpy.array or typing.Iterable or int or float\"` is not a valid type.",
    "rule_id": "Invalid type [31]",
    "warning_line_no": 26,
    "warning_line": "def _array_to_json(array_like):  # type: (np.array or Iterable or int or float) -> str",
    "min_patch": [
      {
        "hunk_fit_TFix": true,
        "inside_window": true,
        "delete_only": false,
        "has_suppression": false,
        "source_code": "\ndef _array_to_json(array_like):  # type: (np.array or Iterable or int or float) -> str\n    \"\"\"Convert an array-like object to JSON.\n",
        "source_code_len": 133,
        "target_code": "\ndef _array_to_json(array_like):\n    \"\"\"Convert an array-like object to JSON.\n",
        "target_code_len": 78,
        "diff_format": "@@ -25,3 +24,3 @@\n \n-def _array_to_json(array_like):  # type: (np.array or Iterable or int or float) -> str\n+def _array_to_json(array_like):\n     \"\"\"Convert an array-like object to JSON.\n",
        "source_code_with_indent_exact_match": false,
        "target_code_with_indent_exact_match": false,
        "source_code_with_indent": "\ndef _array_to_json(array_like):  # type: (np.array or Iterable or int or float) -> str\n    <IND>",
        "target_code_with_indent": "\ndef _array_to_json(array_like):\n    <IND>"
      }
    ]
  },
  {
    "project": "aws/sagemaker-inference-toolkit",
    "commit": "b4fc5aefc229e1df316eb36c4d606e2a29246e44",
    "filename": "src/sagemaker_inference/encoder.py",
    "filename_after_commit": "/home/chowyi/TypeAnnotation_Study/GitHub/aws-sagemaker-inference-toolkit/src/sagemaker_inference/encoder.py",
    "file_hunks_size": 5,
    "min_patch_found": true,
    "single_hunk": true,
    "fit_TFix": true,
    "delete_only_patch": false,
    "has_suppression_all_hunks": false,
    "full_warning_msg": "src/sagemaker_inference/encoder.py:48:30 Invalid type [31]: Expression `\"numpy.array or typing.Iterable or int or float\"` is not a valid type.",
    "message": " Expression `\"numpy.array or typing.Iterable or int or float\"` is not a valid type.",
    "rule_id": "Invalid type [31]",
    "warning_line_no": 48,
    "warning_line": "def _array_to_npy(array_like):  # type: (np.array or Iterable or int or float) -> object",
    "min_patch": [
      {
        "hunk_fit_TFix": true,
        "inside_window": true,
        "delete_only": false,
        "has_suppression": false,
        "source_code": "\ndef _array_to_npy(array_like):  # type: (np.array or Iterable or int or float) -> object\n    \"\"\"Convert an array-like object to the NPY format.\n",
        "source_code_len": 145,
        "target_code": "\ndef _array_to_npy(array_like):\n    \"\"\"Convert an array-like object to the NPY format.\n",
        "target_code_len": 87,
        "diff_format": "@@ -47,3 +46,3 @@\n \n-def _array_to_npy(array_like):  # type: (np.array or Iterable or int or float) -> object\n+def _array_to_npy(array_like):\n     \"\"\"Convert an array-like object to the NPY format.\n",
        "source_code_with_indent_exact_match": false,
        "target_code_with_indent_exact_match": false,
        "source_code_with_indent": "\n<DED>def _array_to_npy(array_like):  # type: (np.array or Iterable or int or float) -> object\n    <IND>",
        "target_code_with_indent": "\n<DED>def _array_to_npy(array_like):\n    <IND>"
      }
    ]
  },
  {
    "project": "aws/sagemaker-inference-toolkit",
    "commit": "b4fc5aefc229e1df316eb36c4d606e2a29246e44",
    "filename": "src/sagemaker_inference/encoder.py",
    "filename_after_commit": "/home/chowyi/TypeAnnotation_Study/GitHub/aws-sagemaker-inference-toolkit/src/sagemaker_inference/encoder.py",
    "file_hunks_size": 5,
    "min_patch_found": true,
    "single_hunk": true,
    "fit_TFix": true,
    "delete_only_patch": false,
    "has_suppression_all_hunks": false,
    "full_warning_msg": "src/sagemaker_inference/encoder.py:66:30 Invalid type [31]: Expression `\"numpy.array or typing.Iterable or int or float\"` is not a valid type.",
    "message": " Expression `\"numpy.array or typing.Iterable or int or float\"` is not a valid type.",
    "rule_id": "Invalid type [31]",
    "warning_line_no": 66,
    "warning_line": "def _array_to_csv(array_like):  # type: (np.array or Iterable or int or float) -> str",
    "min_patch": [
      {
        "hunk_fit_TFix": true,
        "inside_window": true,
        "delete_only": false,
        "has_suppression": false,
        "source_code": "\ndef _array_to_csv(array_like):  # type: (np.array or Iterable or int or float) -> str\n    \"\"\"Convert an array-like object to CSV.\n",
        "source_code_len": 131,
        "target_code": "\ndef _array_to_csv(array_like):\n    \"\"\"Convert an array-like object to CSV.\n",
        "target_code_len": 76,
        "diff_format": "@@ -65,3 +64,3 @@\n \n-def _array_to_csv(array_like):  # type: (np.array or Iterable or int or float) -> str\n+def _array_to_csv(array_like):\n     \"\"\"Convert an array-like object to CSV.\n",
        "source_code_with_indent_exact_match": false,
        "target_code_with_indent_exact_match": false,
        "source_code_with_indent": "\n<DED>def _array_to_csv(array_like):  # type: (np.array or Iterable or int or float) -> str\n    <IND>",
        "target_code_with_indent": "\n<DED>def _array_to_csv(array_like):\n    <IND>"
      }
    ]
  },
  {
    "project": "aws/sagemaker-inference-toolkit",
    "commit": "b4fc5aefc229e1df316eb36c4d606e2a29246e44",
    "filename": "src/sagemaker_inference/encoder.py",
    "filename_after_commit": "/home/chowyi/TypeAnnotation_Study/GitHub/aws-sagemaker-inference-toolkit/src/sagemaker_inference/encoder.py",
    "file_hunks_size": 5,
    "min_patch_found": true,
    "single_hunk": true,
    "fit_TFix": false,
    "delete_only_patch": true,
    "has_suppression_all_hunks": false,
    "full_warning_msg": "src/sagemaker_inference/encoder.py:91:37 Invalid type [31]: Expression `\"numpy.array or typing.Iterable or int or float\"` is not a valid type.",
    "message": " Expression `\"numpy.array or typing.Iterable or int or float\"` is not a valid type.",
    "rule_id": "Invalid type [31]",
    "warning_line_no": 91,
    "warning_line": "def encode(array_like, content_type):",
    "min_patch": [
      {
        "hunk_fit_TFix": true,
        "inside_window": true,
        "delete_only": true,
        "has_suppression": false,
        "source_code": "def encode(array_like, content_type):\n    # type: (np.array or Iterable or int or float, str) -> np.array\n    \"\"\"Encode an array-like object in a specific content_type to a numpy array.\n",
        "source_code_len": 186,
        "target_code": "def encode(array_like, content_type):\n    \"\"\"Encode an array-like object in a specific content_type to a numpy array.\n",
        "target_code_len": 118,
        "diff_format": "@@ -91,3 +90,2 @@\n def encode(array_like, content_type):\n-    # type: (np.array or Iterable or int or float, str) -> np.array\n     \"\"\"Encode an array-like object in a specific content_type to a numpy array.\n",
        "source_code_with_indent_exact_match": false,
        "target_code_with_indent_exact_match": false,
        "source_code_with_indent": "def encode(array_like, content_type):\n    # type: (np.array or Iterable or int or float, str) -> np.array\n    <IND>",
        "target_code_with_indent": "def encode(array_like, content_type):\n    <IND>"
      }
    ]
  }
]