[
  {
    "project": "alisaifee/limits",
    "commit": "e7b62715b03ccd21c21e6f8f7bb15bf9e0d9788a",
    "filename": "limits/_async/storage/memory.py",
    "filename_after_commit": "/home/chowyi/TypeAnnotation_Study/GitHub/alisaifee-limits/limits/_async/storage/memory.py",
    "file_hunks_size": 20,
    "min_patch_found": false,
    "single_hunk": false,
    "fit_TFix": false,
    "delete_only_patch": false,
    "has_suppression_all_hunks": false,
    "full_warning_msg": "limits/_async/storage/memory.py:58:4 Inconsistent override [15]: `limits._async.storage.memory.AsyncMemoryStorage.incr` overrides method defined in `Storage` inconsistently. Returned type `typing.Coroutine[typing.Any, typing.Any, int]` is not a subtype of the overridden return `int`.",
    "message": " `limits._async.storage.memory.AsyncMemoryStorage.incr` overrides method defined in `Storage` inconsistently. Returned type `typing.Coroutine[typing.Any, typing.Any, int]` is not a subtype of the overridden return `int`.",
    "rule_id": "Inconsistent override [15]",
    "warning_line_no": 58,
    "warning_line": "    async def incr("
  },
  {
    "project": "alisaifee/limits",
    "commit": "e7b62715b03ccd21c21e6f8f7bb15bf9e0d9788a",
    "filename": "limits/_async/storage/memory.py",
    "filename_after_commit": "/home/chowyi/TypeAnnotation_Study/GitHub/alisaifee-limits/limits/_async/storage/memory.py",
    "file_hunks_size": 20,
    "min_patch_found": false,
    "single_hunk": false,
    "fit_TFix": false,
    "delete_only_patch": false,
    "has_suppression_all_hunks": false,
    "full_warning_msg": "limits/_async/storage/memory.py:76:4 Inconsistent override [15]: `limits._async.storage.memory.AsyncMemoryStorage.get` overrides method defined in `Storage` inconsistently. Returned type `typing.Coroutine[typing.Any, typing.Any, int]` is not a subtype of the overridden return `int`.",
    "message": " `limits._async.storage.memory.AsyncMemoryStorage.get` overrides method defined in `Storage` inconsistently. Returned type `typing.Coroutine[typing.Any, typing.Any, int]` is not a subtype of the overridden return `int`.",
    "rule_id": "Inconsistent override [15]",
    "warning_line_no": 76,
    "warning_line": "    async def get(self, key: str) -> int:"
  },
  {
    "project": "alisaifee/limits",
    "commit": "e7b62715b03ccd21c21e6f8f7bb15bf9e0d9788a",
    "filename": "limits/_async/storage/memory.py",
    "filename_after_commit": "/home/chowyi/TypeAnnotation_Study/GitHub/alisaifee-limits/limits/_async/storage/memory.py",
    "file_hunks_size": 20,
    "min_patch_found": false,
    "single_hunk": false,
    "fit_TFix": false,
    "delete_only_patch": false,
    "has_suppression_all_hunks": false,
    "full_warning_msg": "limits/_async/storage/memory.py:118:4 Inconsistent override [15]: `limits._async.storage.memory.AsyncMemoryStorage.get_expiry` overrides method defined in `Storage` inconsistently. Returned type `typing.Coroutine[typing.Any, typing.Any, int]` is not a subtype of the overridden return `int`.",
    "message": " `limits._async.storage.memory.AsyncMemoryStorage.get_expiry` overrides method defined in `Storage` inconsistently. Returned type `typing.Coroutine[typing.Any, typing.Any, int]` is not a subtype of the overridden return `int`.",
    "rule_id": "Inconsistent override [15]",
    "warning_line_no": 118,
    "warning_line": "    async def get_expiry(self, key: str) -> int:"
  },
  {
    "project": "alisaifee/limits",
    "commit": "e7b62715b03ccd21c21e6f8f7bb15bf9e0d9788a",
    "filename": "limits/_async/storage/memory.py",
    "filename_after_commit": "/home/chowyi/TypeAnnotation_Study/GitHub/alisaifee-limits/limits/_async/storage/memory.py",
    "file_hunks_size": 20,
    "min_patch_found": false,
    "single_hunk": false,
    "fit_TFix": false,
    "delete_only_patch": false,
    "has_suppression_all_hunks": false,
    "full_warning_msg": "limits/_async/storage/memory.py:157:4 Inconsistent override [15]: `limits._async.storage.memory.AsyncMemoryStorage.check` overrides method defined in `Storage` inconsistently. Returned type `typing.Coroutine[typing.Any, typing.Any, bool]` is not a subtype of the overridden return `bool`.",
    "message": " `limits._async.storage.memory.AsyncMemoryStorage.check` overrides method defined in `Storage` inconsistently. Returned type `typing.Coroutine[typing.Any, typing.Any, bool]` is not a subtype of the overridden return `bool`.",
    "rule_id": "Inconsistent override [15]",
    "warning_line_no": 157,
    "warning_line": "    async def check(self) -> bool:"
  },
  {
    "project": "alisaifee/limits",
    "commit": "e7b62715b03ccd21c21e6f8f7bb15bf9e0d9788a",
    "filename": "limits/_async/storage/redis.py",
    "filename_after_commit": "/home/chowyi/TypeAnnotation_Study/GitHub/alisaifee-limits/limits/_async/storage/redis.py",
    "file_hunks_size": 31,
    "min_patch_found": false,
    "single_hunk": false,
    "fit_TFix": false,
    "delete_only_patch": false,
    "has_suppression_all_hunks": false,
    "full_warning_msg": "limits/_async/storage/redis.py:192:4 Inconsistent override [14]: `limits._async.storage.redis.AsyncRedisStorage.incr` overrides method defined in `AsyncRedisInteractor` inconsistently. Could not find parameter `connection` in overriding signature.",
    "message": " `limits._async.storage.redis.AsyncRedisStorage.incr` overrides method defined in `AsyncRedisInteractor` inconsistently. Could not find parameter `connection` in overriding signature.",
    "rule_id": "Inconsistent override [14]",
    "warning_line_no": 192,
    "warning_line": "    async def incr("
  },
  {
    "project": "alisaifee/limits",
    "commit": "e7b62715b03ccd21c21e6f8f7bb15bf9e0d9788a",
    "filename": "limits/_async/storage/redis.py",
    "filename_after_commit": "/home/chowyi/TypeAnnotation_Study/GitHub/alisaifee-limits/limits/_async/storage/redis.py",
    "file_hunks_size": 31,
    "min_patch_found": false,
    "single_hunk": false,
    "fit_TFix": false,
    "delete_only_patch": false,
    "has_suppression_all_hunks": false,
    "full_warning_msg": "limits/_async/storage/redis.py:208:4 Inconsistent override [14]: `limits._async.storage.redis.AsyncRedisStorage.get` overrides method defined in `AsyncRedisInteractor` inconsistently. Could not find parameter `connection` in overriding signature.",
    "message": " `limits._async.storage.redis.AsyncRedisStorage.get` overrides method defined in `AsyncRedisInteractor` inconsistently. Could not find parameter `connection` in overriding signature.",
    "rule_id": "Inconsistent override [14]",
    "warning_line_no": 208,
    "warning_line": "    async def get(self, key: str) -> int:"
  },
  {
    "project": "alisaifee/limits",
    "commit": "e7b62715b03ccd21c21e6f8f7bb15bf9e0d9788a",
    "filename": "limits/_async/storage/redis.py",
    "filename_after_commit": "/home/chowyi/TypeAnnotation_Study/GitHub/alisaifee-limits/limits/_async/storage/redis.py",
    "file_hunks_size": 31,
    "min_patch_found": false,
    "single_hunk": false,
    "fit_TFix": false,
    "delete_only_patch": false,
    "has_suppression_all_hunks": false,
    "full_warning_msg": "limits/_async/storage/redis.py:214:4 Inconsistent override [14]: `limits._async.storage.redis.AsyncRedisStorage.clear` overrides method defined in `AsyncRedisInteractor` inconsistently. Could not find parameter `connection` in overriding signature.",
    "message": " `limits._async.storage.redis.AsyncRedisStorage.clear` overrides method defined in `AsyncRedisInteractor` inconsistently. Could not find parameter `connection` in overriding signature.",
    "rule_id": "Inconsistent override [14]",
    "warning_line_no": 214,
    "warning_line": "    async def clear(self, key: str) -> None:"
  },
  {
    "project": "alisaifee/limits",
    "commit": "e7b62715b03ccd21c21e6f8f7bb15bf9e0d9788a",
    "filename": "limits/_async/storage/redis.py",
    "filename_after_commit": "/home/chowyi/TypeAnnotation_Study/GitHub/alisaifee-limits/limits/_async/storage/redis.py",
    "file_hunks_size": 31,
    "min_patch_found": false,
    "single_hunk": false,
    "fit_TFix": false,
    "delete_only_patch": false,
    "has_suppression_all_hunks": false,
    "full_warning_msg": "limits/_async/storage/redis.py:220:4 Inconsistent override [14]: `limits._async.storage.redis.AsyncRedisStorage.acquire_entry` overrides method defined in `AsyncRedisInteractor` inconsistently. Could not find parameter `connection` in overriding signature.",
    "message": " `limits._async.storage.redis.AsyncRedisStorage.acquire_entry` overrides method defined in `AsyncRedisInteractor` inconsistently. Could not find parameter `connection` in overriding signature.",
    "rule_id": "Inconsistent override [14]",
    "warning_line_no": 220,
    "warning_line": "    async def acquire_entry(self, key, limit, expiry, no_add=False) -> bool:"
  },
  {
    "project": "alisaifee/limits",
    "commit": "e7b62715b03ccd21c21e6f8f7bb15bf9e0d9788a",
    "filename": "limits/_async/storage/redis.py",
    "filename_after_commit": "/home/chowyi/TypeAnnotation_Study/GitHub/alisaifee-limits/limits/_async/storage/redis.py",
    "file_hunks_size": 31,
    "min_patch_found": false,
    "single_hunk": false,
    "fit_TFix": false,
    "delete_only_patch": false,
    "has_suppression_all_hunks": false,
    "full_warning_msg": "limits/_async/storage/redis.py:233:4 Inconsistent override [14]: `limits._async.storage.redis.AsyncRedisStorage.get_expiry` overrides method defined in `AsyncRedisInteractor` inconsistently. Could not find parameter `connection` in overriding signature.",
    "message": " `limits._async.storage.redis.AsyncRedisStorage.get_expiry` overrides method defined in `AsyncRedisInteractor` inconsistently. Could not find parameter `connection` in overriding signature.",
    "rule_id": "Inconsistent override [14]",
    "warning_line_no": 233,
    "warning_line": "    async def get_expiry(self, key: str) -> int:"
  },
  {
    "project": "alisaifee/limits",
    "commit": "e7b62715b03ccd21c21e6f8f7bb15bf9e0d9788a",
    "filename": "limits/_async/storage/redis.py",
    "filename_after_commit": "/home/chowyi/TypeAnnotation_Study/GitHub/alisaifee-limits/limits/_async/storage/redis.py",
    "file_hunks_size": 31,
    "min_patch_found": false,
    "single_hunk": false,
    "fit_TFix": false,
    "delete_only_patch": false,
    "has_suppression_all_hunks": false,
    "full_warning_msg": "limits/_async/storage/redis.py:241:4 Inconsistent override [14]: `limits._async.storage.redis.AsyncRedisStorage.check` overrides method defined in `AsyncRedisInteractor` inconsistently. Could not find parameter `connection` in overriding signature.",
    "message": " `limits._async.storage.redis.AsyncRedisStorage.check` overrides method defined in `AsyncRedisInteractor` inconsistently. Could not find parameter `connection` in overriding signature.",
    "rule_id": "Inconsistent override [14]",
    "warning_line_no": 241,
    "warning_line": "    async def check(self) -> bool:"
  },
  {
    "project": "alisaifee/limits",
    "commit": "e7b62715b03ccd21c21e6f8f7bb15bf9e0d9788a",
    "filename": "limits/_async/storage/redis.py",
    "filename_after_commit": "/home/chowyi/TypeAnnotation_Study/GitHub/alisaifee-limits/limits/_async/storage/redis.py",
    "file_hunks_size": 31,
    "min_patch_found": false,
    "single_hunk": false,
    "fit_TFix": false,
    "delete_only_patch": false,
    "has_suppression_all_hunks": false,
    "full_warning_msg": "limits/_async/storage/redis.py:247:4 Inconsistent override [15]: `limits._async.storage.redis.AsyncRedisStorage.reset` overrides method defined in `AsyncStorage` inconsistently. Returned type `typing.Coroutine[typing.Any, typing.Any, int]` is not a subtype of the overridden return `typing.Coroutine[typing.Any, typing.Any, None]`.",
    "message": " `limits._async.storage.redis.AsyncRedisStorage.reset` overrides method defined in `AsyncStorage` inconsistently. Returned type `typing.Coroutine[typing.Any, typing.Any, int]` is not a subtype of the overridden return `typing.Coroutine[typing.Any, typing.Any, None]`.",
    "rule_id": "Inconsistent override [15]",
    "warning_line_no": 247,
    "warning_line": "    async def reset(self) -> int:"
  },
  {
    "project": "alisaifee/limits",
    "commit": "e7b62715b03ccd21c21e6f8f7bb15bf9e0d9788a",
    "filename": "limits/_async/strategies.py",
    "filename_after_commit": "/home/chowyi/TypeAnnotation_Study/GitHub/alisaifee-limits/limits/_async/strategies.py",
    "file_hunks_size": 8,
    "min_patch_found": true,
    "single_hunk": true,
    "fit_TFix": false,
    "delete_only_patch": false,
    "has_suppression_all_hunks": false,
    "full_warning_msg": "limits/_async/strategies.py:89:4 Inconsistent override [15]: `limits._async.strategies.AsyncMovingWindowRateLimiter.test` overrides method defined in `AsyncRateLimiter` inconsistently. Returned type `typing.Coroutine[typing.Any, typing.Any, bool]` is not a subtype of the overridden return `typing.Coroutine[typing.Any, typing.Any, None]`.",
    "message": " `limits._async.strategies.AsyncMovingWindowRateLimiter.test` overrides method defined in `AsyncRateLimiter` inconsistently. Returned type `typing.Coroutine[typing.Any, typing.Any, bool]` is not a subtype of the overridden return `typing.Coroutine[typing.Any, typing.Any, None]`.",
    "rule_id": "Inconsistent override [15]",
    "warning_line_no": 89,
    "warning_line": "    async def test(self, item: RateLimitItem, *identifiers) -> bool:",
    "min_patch": [
      {
        "hunk_fit_TFix": false,
        "inside_window": true,
        "delete_only": false,
        "has_suppression": false,
        "source_code": "    @abstractmethod\n    async def test(self, item: RateLimitItem, *identifiers) -> None:\n        \"\"\"\n",
        "source_code_len": 101,
        "target_code": "    @abstractmethod\n    async def test(self, item: RateLimitItem, *identifiers) -> bool:\n        \"\"\"\n",
        "target_code_len": 101,
        "diff_format": "@@ -29,3 +29,3 @@\n     @abstractmethod\n-    async def test(self, item: RateLimitItem, *identifiers) -> None:\n+    async def test(self, item: RateLimitItem, *identifiers) -> bool:\n         \"\"\"\n",
        "source_code_with_indent_exact_match": false,
        "target_code_with_indent_exact_match": false,
        "source_code_with_indent": "    <DED>@abstractmethod\n    async def test(self, item: RateLimitItem, *identifiers) -> None:\n        <IND>",
        "target_code_with_indent": "    <DED>@abstractmethod\n    async def test(self, item: RateLimitItem, *identifiers) -> bool:\n        <IND>"
      }
    ]
  }
]