[
  {
    "project": "asyml/forte",
    "commit": "e851f5d3804e6858acdc81ca2389add82cb7bf42",
    "filename": "nlp/pipeline/data/data_pack.py",
    "filename_after_commit": "/home/chowyi/TypeAnnotation_Study/GitHub/asyml-forte/nlp/pipeline/data/data_pack.py",
    "file_hunks_size": 34,
    "min_patch_found": false,
    "single_hunk": false,
    "fit_TFix": false,
    "delete_only_patch": false,
    "has_suppression_all_hunks": false,
    "full_warning_msg": "nlp/pipeline/data/data_pack.py:516:54 Incompatible parameter type [6]: Expected `Optional[Sentence]` for 4th positional only parameter to call `DataPack._generate_annotation_entry_data` but got `nlp.pipeline.data.ontology.top.Annotation`.",
    "message": " Expected `Optional[Sentence]` for 4th positional only parameter to call `DataPack._generate_annotation_entry_data` but got `nlp.pipeline.data.ontology.top.Annotation`.",
    "rule_id": "Incompatible parameter type [6]",
    "warning_line_no": 516,
    "warning_line": "                                a_type, a_args, data, sent"
  },
  {
    "project": "asyml/forte",
    "commit": "e851f5d3804e6858acdc81ca2389add82cb7bf42",
    "filename": "nlp/pipeline/data/data_pack.py",
    "filename_after_commit": "/home/chowyi/TypeAnnotation_Study/GitHub/asyml-forte/nlp/pipeline/data/data_pack.py",
    "file_hunks_size": 34,
    "min_patch_found": false,
    "single_hunk": false,
    "fit_TFix": false,
    "delete_only_patch": false,
    "has_suppression_all_hunks": false,
    "full_warning_msg": "nlp/pipeline/data/data_pack.py:521:50 Incompatible parameter type [6]: Expected `Optional[Sentence]` for 4th positional only parameter to call `DataPack._generate_link_entry_data` but got `nlp.pipeline.data.ontology.top.Annotation`.",
    "message": " Expected `Optional[Sentence]` for 4th positional only parameter to call `DataPack._generate_link_entry_data` but got `nlp.pipeline.data.ontology.top.Annotation`.",
    "rule_id": "Incompatible parameter type [6]",
    "warning_line_no": 521,
    "warning_line": "                            l_type, l_args, data, sent"
  }
]