[
  {
    "project": "aiven/karapace",
    "commit": "dada377352730c93d5d4f3e2c997942348410b99",
    "filename": "karapace/kafka_rest_apis/admin.py",
    "filename_after_commit": "/home/chowyi/TypeAnnotation_Study/GitHub/aiven-karapace/karapace/kafka_rest_apis/admin.py",
    "file_hunks_size": 5,
    "min_patch_found": false,
    "single_hunk": false,
    "fit_TFix": false,
    "delete_only_patch": false,
    "has_suppression_all_hunks": false,
    "full_warning_msg": "karapace/kafka_rest_apis/admin.py:55:30 Incompatible parameter type [6]: Expected `typing.Dict[typing.Any, typing.Any]` for 2nd positional only parameter to call `dict.__setitem__` but got `List[typing.Any]`.",
    "message": " Expected `typing.Dict[typing.Any, typing.Any]` for 2nd positional only parameter to call `dict.__setitem__` but got `List[typing.Any]`.",
    "rule_id": "Incompatible parameter type [6]",
    "warning_line_no": 55,
    "warning_line": "            resp[\"brokers\"] = list(brokers)"
  }
]