[
  {
    "project": "barseghyanartur/django-fobi",
    "commit": "1a6ecbbbebbc71b4f6ca3e25747d849cd90add93",
    "filename": "src/fobi/contrib/plugins/form_elements/fields/select_multiple_with_max/fobi_form_elements.py",
    "filename_after_commit": "/home/chowyi/TypeAnnotation_Study/GitHub/barseghyanartur-django-fobi/src/fobi/contrib/plugins/form_elements/fields/select_multiple_with_max/fobi_form_elements.py",
    "file_hunks_size": 1,
    "min_patch_found": true,
    "single_hunk": true,
    "fit_TFix": false,
    "delete_only_patch": false,
    "has_suppression_all_hunks": false,
    "full_warning_msg": "src/fobi/contrib/plugins/form_elements/fields/select_multiple_with_max/fobi_form_elements.py:97:38 Unbound name [10]: Name `SelectMultipleWithMaxInputPlugin` is used but not defined in the current scope.",
    "message": " Name `SelectMultipleWithMaxInputPlugin` is used but not defined in the current scope.",
    "rule_id": "Unbound name [10]",
    "warning_line_no": 97,
    "warning_line": "form_element_plugin_registry.register(SelectMultipleWithMaxInputPlugin)",
    "min_patch": [
      {
        "hunk_fit_TFix": false,
        "inside_window": true,
        "delete_only": false,
        "has_suppression": false,
        "source_code": "\nclass SelectMultipleInputWithMaxPlugin(FormFieldPlugin):\n    \"\"\"\n",
        "source_code_len": 66,
        "target_code": "\nclass SelectMultipleWithMaxInputPlugin(FormFieldPlugin):\n    \"\"\"\n",
        "target_code_len": 66,
        "diff_format": "@@ -22,3 +22,3 @@\n \n-class SelectMultipleInputWithMaxPlugin(FormFieldPlugin):\n+class SelectMultipleWithMaxInputPlugin(FormFieldPlugin):\n     \"\"\"\n",
        "source_code_with_indent_exact_match": false,
        "target_code_with_indent_exact_match": false,
        "source_code_with_indent": "\nclass SelectMultipleInputWithMaxPlugin(FormFieldPlugin):\n    <IND>",
        "target_code_with_indent": "\nclass SelectMultipleWithMaxInputPlugin(FormFieldPlugin):\n    <IND>"
      }
    ]
  }
]