[
  {
    "project": "autorope/donkeycar",
    "commit": "b544241fec146edcbb708edf58c813cef0b727b2",
    "filename": "donkeycar/parts/tflite.py",
    "min_patch_found": false,
    "full_warning_msg": "donkeycar/parts/tflite.py:84:39 Incompatible parameter type [6]: Expected `KerasLinear` for 1st positional only parameter to call `KerasLinear.y_translate` but got `TFLitePilot`.",
    "exception": "[Errno 2] No such file or directory: '/home/chowyi/TypeAnnotation_Study/GitHub/autorope-donkeycar/donkeycar/parts/tflite.py'",
    "dd_fail": true
  }
]