[
  {
    "project": "awtkns/fastapi-crudrouter",
    "commit": "ecd8c3950236b57fafa025a0e383d27aadec4cf6",
    "filename": "fastapi_crudrouter/core/databases.py",
    "filename_after_commit": "/home/chowyi/TypeAnnotation_Study/GitHub/awtkns-fastapi-crudrouter/fastapi_crudrouter/core/databases.py",
    "file_hunks_size": 10,
    "min_patch_found": false,
    "single_hunk": false,
    "fit_TFix": false,
    "delete_only_patch": false,
    "has_suppression_all_hunks": false,
    "full_warning_msg": "fastapi_crudrouter/core/databases.py:36:4 Inconsistent override [14]: `fastapi_crudrouter.core.databases.DatabasesCRUDRouter._get_all` overrides method defined in `fastapi_crudrouter.core._base.CRUDGenerator` inconsistently. Could not find parameter `Variable(unknown)` in overriding signature.",
    "message": " `fastapi_crudrouter.core.databases.DatabasesCRUDRouter._get_all` overrides method defined in `fastapi_crudrouter.core._base.CRUDGenerator` inconsistently. Could not find parameter `Variable(unknown)` in overriding signature.",
    "rule_id": "Inconsistent override [14]",
    "warning_line_no": 36,
    "warning_line": "    def _get_all(self) -> Callable:"
  },
  {
    "project": "awtkns/fastapi-crudrouter",
    "commit": "ecd8c3950236b57fafa025a0e383d27aadec4cf6",
    "filename": "fastapi_crudrouter/core/databases.py",
    "filename_after_commit": "/home/chowyi/TypeAnnotation_Study/GitHub/awtkns-fastapi-crudrouter/fastapi_crudrouter/core/databases.py",
    "file_hunks_size": 10,
    "min_patch_found": false,
    "single_hunk": false,
    "fit_TFix": false,
    "delete_only_patch": false,
    "has_suppression_all_hunks": false,
    "full_warning_msg": "fastapi_crudrouter/core/databases.py:36:4 Inconsistent override [14]: `fastapi_crudrouter.core.databases.DatabasesCRUDRouter._get_all` overrides method defined in `fastapi_crudrouter.core._base.CRUDGenerator` inconsistently. Could not find parameter `Keywords(unknown)` in overriding signature.",
    "message": " `fastapi_crudrouter.core.databases.DatabasesCRUDRouter._get_all` overrides method defined in `fastapi_crudrouter.core._base.CRUDGenerator` inconsistently. Could not find parameter `Keywords(unknown)` in overriding signature.",
    "rule_id": "Inconsistent override [14]",
    "warning_line_no": 36,
    "warning_line": "    def _get_all(self) -> Callable:"
  },
  {
    "project": "awtkns/fastapi-crudrouter",
    "commit": "ecd8c3950236b57fafa025a0e383d27aadec4cf6",
    "filename": "fastapi_crudrouter/core/databases.py",
    "filename_after_commit": "/home/chowyi/TypeAnnotation_Study/GitHub/awtkns-fastapi-crudrouter/fastapi_crudrouter/core/databases.py",
    "file_hunks_size": 10,
    "min_patch_found": false,
    "single_hunk": false,
    "fit_TFix": false,
    "delete_only_patch": false,
    "has_suppression_all_hunks": false,
    "full_warning_msg": "fastapi_crudrouter/core/databases.py:45:4 Inconsistent override [14]: `fastapi_crudrouter.core.databases.DatabasesCRUDRouter._get_one` overrides method defined in `fastapi_crudrouter.core._base.CRUDGenerator` inconsistently. Could not find parameter `Variable(unknown)` in overriding signature.",
    "message": " `fastapi_crudrouter.core.databases.DatabasesCRUDRouter._get_one` overrides method defined in `fastapi_crudrouter.core._base.CRUDGenerator` inconsistently. Could not find parameter `Variable(unknown)` in overriding signature.",
    "rule_id": "Inconsistent override [14]",
    "warning_line_no": 45,
    "warning_line": "    def _get_one(self) -> Callable:"
  },
  {
    "project": "awtkns/fastapi-crudrouter",
    "commit": "ecd8c3950236b57fafa025a0e383d27aadec4cf6",
    "filename": "fastapi_crudrouter/core/databases.py",
    "filename_after_commit": "/home/chowyi/TypeAnnotation_Study/GitHub/awtkns-fastapi-crudrouter/fastapi_crudrouter/core/databases.py",
    "file_hunks_size": 10,
    "min_patch_found": false,
    "single_hunk": false,
    "fit_TFix": false,
    "delete_only_patch": false,
    "has_suppression_all_hunks": false,
    "full_warning_msg": "fastapi_crudrouter/core/databases.py:45:4 Inconsistent override [14]: `fastapi_crudrouter.core.databases.DatabasesCRUDRouter._get_one` overrides method defined in `fastapi_crudrouter.core._base.CRUDGenerator` inconsistently. Could not find parameter `Keywords(unknown)` in overriding signature.",
    "message": " `fastapi_crudrouter.core.databases.DatabasesCRUDRouter._get_one` overrides method defined in `fastapi_crudrouter.core._base.CRUDGenerator` inconsistently. Could not find parameter `Keywords(unknown)` in overriding signature.",
    "rule_id": "Inconsistent override [14]",
    "warning_line_no": 45,
    "warning_line": "    def _get_one(self) -> Callable:"
  },
  {
    "project": "awtkns/fastapi-crudrouter",
    "commit": "ecd8c3950236b57fafa025a0e383d27aadec4cf6",
    "filename": "fastapi_crudrouter/core/databases.py",
    "filename_after_commit": "/home/chowyi/TypeAnnotation_Study/GitHub/awtkns-fastapi-crudrouter/fastapi_crudrouter/core/databases.py",
    "file_hunks_size": 10,
    "min_patch_found": false,
    "single_hunk": false,
    "fit_TFix": false,
    "delete_only_patch": false,
    "has_suppression_all_hunks": false,
    "full_warning_msg": "fastapi_crudrouter/core/databases.py:57:4 Inconsistent override [14]: `fastapi_crudrouter.core.databases.DatabasesCRUDRouter._create` overrides method defined in `fastapi_crudrouter.core._base.CRUDGenerator` inconsistently. Could not find parameter `Variable(unknown)` in overriding signature.",
    "message": " `fastapi_crudrouter.core.databases.DatabasesCRUDRouter._create` overrides method defined in `fastapi_crudrouter.core._base.CRUDGenerator` inconsistently. Could not find parameter `Variable(unknown)` in overriding signature.",
    "rule_id": "Inconsistent override [14]",
    "warning_line_no": 57,
    "warning_line": "    def _create(self) -> Callable:"
  },
  {
    "project": "awtkns/fastapi-crudrouter",
    "commit": "ecd8c3950236b57fafa025a0e383d27aadec4cf6",
    "filename": "fastapi_crudrouter/core/databases.py",
    "filename_after_commit": "/home/chowyi/TypeAnnotation_Study/GitHub/awtkns-fastapi-crudrouter/fastapi_crudrouter/core/databases.py",
    "file_hunks_size": 10,
    "min_patch_found": false,
    "single_hunk": false,
    "fit_TFix": false,
    "delete_only_patch": false,
    "has_suppression_all_hunks": false,
    "full_warning_msg": "fastapi_crudrouter/core/databases.py:57:4 Inconsistent override [14]: `fastapi_crudrouter.core.databases.DatabasesCRUDRouter._create` overrides method defined in `fastapi_crudrouter.core._base.CRUDGenerator` inconsistently. Could not find parameter `Keywords(unknown)` in overriding signature.",
    "message": " `fastapi_crudrouter.core.databases.DatabasesCRUDRouter._create` overrides method defined in `fastapi_crudrouter.core._base.CRUDGenerator` inconsistently. Could not find parameter `Keywords(unknown)` in overriding signature.",
    "rule_id": "Inconsistent override [14]",
    "warning_line_no": 57,
    "warning_line": "    def _create(self) -> Callable:"
  },
  {
    "project": "awtkns/fastapi-crudrouter",
    "commit": "ecd8c3950236b57fafa025a0e383d27aadec4cf6",
    "filename": "fastapi_crudrouter/core/databases.py",
    "filename_after_commit": "/home/chowyi/TypeAnnotation_Study/GitHub/awtkns-fastapi-crudrouter/fastapi_crudrouter/core/databases.py",
    "file_hunks_size": 10,
    "min_patch_found": false,
    "single_hunk": false,
    "fit_TFix": false,
    "delete_only_patch": false,
    "has_suppression_all_hunks": false,
    "full_warning_msg": "fastapi_crudrouter/core/databases.py:68:4 Inconsistent override [14]: `fastapi_crudrouter.core.databases.DatabasesCRUDRouter._update` overrides method defined in `fastapi_crudrouter.core._base.CRUDGenerator` inconsistently. Could not find parameter `Variable(unknown)` in overriding signature.",
    "message": " `fastapi_crudrouter.core.databases.DatabasesCRUDRouter._update` overrides method defined in `fastapi_crudrouter.core._base.CRUDGenerator` inconsistently. Could not find parameter `Variable(unknown)` in overriding signature.",
    "rule_id": "Inconsistent override [14]",
    "warning_line_no": 68,
    "warning_line": "    def _update(self) -> Callable:"
  },
  {
    "project": "awtkns/fastapi-crudrouter",
    "commit": "ecd8c3950236b57fafa025a0e383d27aadec4cf6",
    "filename": "fastapi_crudrouter/core/databases.py",
    "filename_after_commit": "/home/chowyi/TypeAnnotation_Study/GitHub/awtkns-fastapi-crudrouter/fastapi_crudrouter/core/databases.py",
    "file_hunks_size": 10,
    "min_patch_found": false,
    "single_hunk": false,
    "fit_TFix": false,
    "delete_only_patch": false,
    "has_suppression_all_hunks": false,
    "full_warning_msg": "fastapi_crudrouter/core/databases.py:68:4 Inconsistent override [14]: `fastapi_crudrouter.core.databases.DatabasesCRUDRouter._update` overrides method defined in `fastapi_crudrouter.core._base.CRUDGenerator` inconsistently. Could not find parameter `Keywords(unknown)` in overriding signature.",
    "message": " `fastapi_crudrouter.core.databases.DatabasesCRUDRouter._update` overrides method defined in `fastapi_crudrouter.core._base.CRUDGenerator` inconsistently. Could not find parameter `Keywords(unknown)` in overriding signature.",
    "rule_id": "Inconsistent override [14]",
    "warning_line_no": 68,
    "warning_line": "    def _update(self) -> Callable:"
  },
  {
    "project": "awtkns/fastapi-crudrouter",
    "commit": "ecd8c3950236b57fafa025a0e383d27aadec4cf6",
    "filename": "fastapi_crudrouter/core/databases.py",
    "filename_after_commit": "/home/chowyi/TypeAnnotation_Study/GitHub/awtkns-fastapi-crudrouter/fastapi_crudrouter/core/databases.py",
    "file_hunks_size": 10,
    "min_patch_found": false,
    "single_hunk": false,
    "fit_TFix": false,
    "delete_only_patch": false,
    "has_suppression_all_hunks": false,
    "full_warning_msg": "fastapi_crudrouter/core/databases.py:80:4 Inconsistent override [14]: `fastapi_crudrouter.core.databases.DatabasesCRUDRouter._delete_all` overrides method defined in `fastapi_crudrouter.core._base.CRUDGenerator` inconsistently. Could not find parameter `Variable(unknown)` in overriding signature.",
    "message": " `fastapi_crudrouter.core.databases.DatabasesCRUDRouter._delete_all` overrides method defined in `fastapi_crudrouter.core._base.CRUDGenerator` inconsistently. Could not find parameter `Variable(unknown)` in overriding signature.",
    "rule_id": "Inconsistent override [14]",
    "warning_line_no": 80,
    "warning_line": "    def _delete_all(self) -> Callable:"
  },
  {
    "project": "awtkns/fastapi-crudrouter",
    "commit": "ecd8c3950236b57fafa025a0e383d27aadec4cf6",
    "filename": "fastapi_crudrouter/core/databases.py",
    "filename_after_commit": "/home/chowyi/TypeAnnotation_Study/GitHub/awtkns-fastapi-crudrouter/fastapi_crudrouter/core/databases.py",
    "file_hunks_size": 10,
    "min_patch_found": false,
    "single_hunk": false,
    "fit_TFix": false,
    "delete_only_patch": false,
    "has_suppression_all_hunks": false,
    "full_warning_msg": "fastapi_crudrouter/core/databases.py:80:4 Inconsistent override [14]: `fastapi_crudrouter.core.databases.DatabasesCRUDRouter._delete_all` overrides method defined in `fastapi_crudrouter.core._base.CRUDGenerator` inconsistently. Could not find parameter `Keywords(unknown)` in overriding signature.",
    "message": " `fastapi_crudrouter.core.databases.DatabasesCRUDRouter._delete_all` overrides method defined in `fastapi_crudrouter.core._base.CRUDGenerator` inconsistently. Could not find parameter `Keywords(unknown)` in overriding signature.",
    "rule_id": "Inconsistent override [14]",
    "warning_line_no": 80,
    "warning_line": "    def _delete_all(self) -> Callable:"
  },
  {
    "project": "awtkns/fastapi-crudrouter",
    "commit": "ecd8c3950236b57fafa025a0e383d27aadec4cf6",
    "filename": "fastapi_crudrouter/core/databases.py",
    "filename_after_commit": "/home/chowyi/TypeAnnotation_Study/GitHub/awtkns-fastapi-crudrouter/fastapi_crudrouter/core/databases.py",
    "file_hunks_size": 10,
    "min_patch_found": false,
    "single_hunk": false,
    "fit_TFix": false,
    "delete_only_patch": false,
    "has_suppression_all_hunks": false,
    "full_warning_msg": "fastapi_crudrouter/core/databases.py:92:4 Inconsistent override [14]: `fastapi_crudrouter.core.databases.DatabasesCRUDRouter._delete_one` overrides method defined in `fastapi_crudrouter.core._base.CRUDGenerator` inconsistently. Could not find parameter `Variable(unknown)` in overriding signature.",
    "message": " `fastapi_crudrouter.core.databases.DatabasesCRUDRouter._delete_one` overrides method defined in `fastapi_crudrouter.core._base.CRUDGenerator` inconsistently. Could not find parameter `Variable(unknown)` in overriding signature.",
    "rule_id": "Inconsistent override [14]",
    "warning_line_no": 92,
    "warning_line": "    def _delete_one(self) -> Callable:"
  },
  {
    "project": "awtkns/fastapi-crudrouter",
    "commit": "ecd8c3950236b57fafa025a0e383d27aadec4cf6",
    "filename": "fastapi_crudrouter/core/databases.py",
    "filename_after_commit": "/home/chowyi/TypeAnnotation_Study/GitHub/awtkns-fastapi-crudrouter/fastapi_crudrouter/core/databases.py",
    "file_hunks_size": 10,
    "min_patch_found": false,
    "single_hunk": false,
    "fit_TFix": false,
    "delete_only_patch": false,
    "has_suppression_all_hunks": false,
    "full_warning_msg": "fastapi_crudrouter/core/databases.py:92:4 Inconsistent override [14]: `fastapi_crudrouter.core.databases.DatabasesCRUDRouter._delete_one` overrides method defined in `fastapi_crudrouter.core._base.CRUDGenerator` inconsistently. Could not find parameter `Keywords(unknown)` in overriding signature.",
    "message": " `fastapi_crudrouter.core.databases.DatabasesCRUDRouter._delete_one` overrides method defined in `fastapi_crudrouter.core._base.CRUDGenerator` inconsistently. Could not find parameter `Keywords(unknown)` in overriding signature.",
    "rule_id": "Inconsistent override [14]",
    "warning_line_no": 92,
    "warning_line": "    def _delete_one(self) -> Callable:"
  },
  {
    "project": "awtkns/fastapi-crudrouter",
    "commit": "ecd8c3950236b57fafa025a0e383d27aadec4cf6",
    "filename": "fastapi_crudrouter/core/mem.py",
    "filename_after_commit": "/home/chowyi/TypeAnnotation_Study/GitHub/awtkns-fastapi-crudrouter/fastapi_crudrouter/core/mem.py",
    "file_hunks_size": 6,
    "min_patch_found": false,
    "single_hunk": false,
    "fit_TFix": false,
    "delete_only_patch": false,
    "has_suppression_all_hunks": false,
    "full_warning_msg": "fastapi_crudrouter/core/mem.py:15:4 Inconsistent override [14]: `fastapi_crudrouter.core.mem.MemoryCRUDRouter._get_all` overrides method defined in `fastapi_crudrouter.core._base.CRUDGenerator` inconsistently. Could not find parameter `Variable(unknown)` in overriding signature.",
    "message": " `fastapi_crudrouter.core.mem.MemoryCRUDRouter._get_all` overrides method defined in `fastapi_crudrouter.core._base.CRUDGenerator` inconsistently. Could not find parameter `Variable(unknown)` in overriding signature.",
    "rule_id": "Inconsistent override [14]",
    "warning_line_no": 15,
    "warning_line": "    def _get_all(self) -> Callable:"
  },
  {
    "project": "awtkns/fastapi-crudrouter",
    "commit": "ecd8c3950236b57fafa025a0e383d27aadec4cf6",
    "filename": "fastapi_crudrouter/core/mem.py",
    "filename_after_commit": "/home/chowyi/TypeAnnotation_Study/GitHub/awtkns-fastapi-crudrouter/fastapi_crudrouter/core/mem.py",
    "file_hunks_size": 6,
    "min_patch_found": false,
    "single_hunk": false,
    "fit_TFix": false,
    "delete_only_patch": false,
    "has_suppression_all_hunks": false,
    "full_warning_msg": "fastapi_crudrouter/core/mem.py:15:4 Inconsistent override [14]: `fastapi_crudrouter.core.mem.MemoryCRUDRouter._get_all` overrides method defined in `fastapi_crudrouter.core._base.CRUDGenerator` inconsistently. Could not find parameter `Keywords(unknown)` in overriding signature.",
    "message": " `fastapi_crudrouter.core.mem.MemoryCRUDRouter._get_all` overrides method defined in `fastapi_crudrouter.core._base.CRUDGenerator` inconsistently. Could not find parameter `Keywords(unknown)` in overriding signature.",
    "rule_id": "Inconsistent override [14]",
    "warning_line_no": 15,
    "warning_line": "    def _get_all(self) -> Callable:"
  },
  {
    "project": "awtkns/fastapi-crudrouter",
    "commit": "ecd8c3950236b57fafa025a0e383d27aadec4cf6",
    "filename": "fastapi_crudrouter/core/mem.py",
    "filename_after_commit": "/home/chowyi/TypeAnnotation_Study/GitHub/awtkns-fastapi-crudrouter/fastapi_crudrouter/core/mem.py",
    "file_hunks_size": 6,
    "min_patch_found": false,
    "single_hunk": false,
    "fit_TFix": false,
    "delete_only_patch": false,
    "has_suppression_all_hunks": false,
    "full_warning_msg": "fastapi_crudrouter/core/mem.py:26:4 Inconsistent override [14]: `fastapi_crudrouter.core.mem.MemoryCRUDRouter._get_one` overrides method defined in `fastapi_crudrouter.core._base.CRUDGenerator` inconsistently. Could not find parameter `Variable(unknown)` in overriding signature.",
    "message": " `fastapi_crudrouter.core.mem.MemoryCRUDRouter._get_one` overrides method defined in `fastapi_crudrouter.core._base.CRUDGenerator` inconsistently. Could not find parameter `Variable(unknown)` in overriding signature.",
    "rule_id": "Inconsistent override [14]",
    "warning_line_no": 26,
    "warning_line": "    def _get_one(self) -> Callable:"
  },
  {
    "project": "awtkns/fastapi-crudrouter",
    "commit": "ecd8c3950236b57fafa025a0e383d27aadec4cf6",
    "filename": "fastapi_crudrouter/core/mem.py",
    "filename_after_commit": "/home/chowyi/TypeAnnotation_Study/GitHub/awtkns-fastapi-crudrouter/fastapi_crudrouter/core/mem.py",
    "file_hunks_size": 6,
    "min_patch_found": false,
    "single_hunk": false,
    "fit_TFix": false,
    "delete_only_patch": false,
    "has_suppression_all_hunks": false,
    "full_warning_msg": "fastapi_crudrouter/core/mem.py:26:4 Inconsistent override [14]: `fastapi_crudrouter.core.mem.MemoryCRUDRouter._get_one` overrides method defined in `fastapi_crudrouter.core._base.CRUDGenerator` inconsistently. Could not find parameter `Keywords(unknown)` in overriding signature.",
    "message": " `fastapi_crudrouter.core.mem.MemoryCRUDRouter._get_one` overrides method defined in `fastapi_crudrouter.core._base.CRUDGenerator` inconsistently. Could not find parameter `Keywords(unknown)` in overriding signature.",
    "rule_id": "Inconsistent override [14]",
    "warning_line_no": 26,
    "warning_line": "    def _get_one(self) -> Callable:"
  },
  {
    "project": "awtkns/fastapi-crudrouter",
    "commit": "ecd8c3950236b57fafa025a0e383d27aadec4cf6",
    "filename": "fastapi_crudrouter/core/mem.py",
    "filename_after_commit": "/home/chowyi/TypeAnnotation_Study/GitHub/awtkns-fastapi-crudrouter/fastapi_crudrouter/core/mem.py",
    "file_hunks_size": 6,
    "min_patch_found": false,
    "single_hunk": false,
    "fit_TFix": false,
    "delete_only_patch": false,
    "has_suppression_all_hunks": false,
    "full_warning_msg": "fastapi_crudrouter/core/mem.py:36:4 Inconsistent override [14]: `fastapi_crudrouter.core.mem.MemoryCRUDRouter._create` overrides method defined in `fastapi_crudrouter.core._base.CRUDGenerator` inconsistently. Could not find parameter `Variable(unknown)` in overriding signature.",
    "message": " `fastapi_crudrouter.core.mem.MemoryCRUDRouter._create` overrides method defined in `fastapi_crudrouter.core._base.CRUDGenerator` inconsistently. Could not find parameter `Variable(unknown)` in overriding signature.",
    "rule_id": "Inconsistent override [14]",
    "warning_line_no": 36,
    "warning_line": "    def _create(self) -> Callable:"
  },
  {
    "project": "awtkns/fastapi-crudrouter",
    "commit": "ecd8c3950236b57fafa025a0e383d27aadec4cf6",
    "filename": "fastapi_crudrouter/core/mem.py",
    "filename_after_commit": "/home/chowyi/TypeAnnotation_Study/GitHub/awtkns-fastapi-crudrouter/fastapi_crudrouter/core/mem.py",
    "file_hunks_size": 6,
    "min_patch_found": false,
    "single_hunk": false,
    "fit_TFix": false,
    "delete_only_patch": false,
    "has_suppression_all_hunks": false,
    "full_warning_msg": "fastapi_crudrouter/core/mem.py:36:4 Inconsistent override [14]: `fastapi_crudrouter.core.mem.MemoryCRUDRouter._create` overrides method defined in `fastapi_crudrouter.core._base.CRUDGenerator` inconsistently. Could not find parameter `Keywords(unknown)` in overriding signature.",
    "message": " `fastapi_crudrouter.core.mem.MemoryCRUDRouter._create` overrides method defined in `fastapi_crudrouter.core._base.CRUDGenerator` inconsistently. Could not find parameter `Keywords(unknown)` in overriding signature.",
    "rule_id": "Inconsistent override [14]",
    "warning_line_no": 36,
    "warning_line": "    def _create(self) -> Callable:"
  },
  {
    "project": "awtkns/fastapi-crudrouter",
    "commit": "ecd8c3950236b57fafa025a0e383d27aadec4cf6",
    "filename": "fastapi_crudrouter/core/mem.py",
    "filename_after_commit": "/home/chowyi/TypeAnnotation_Study/GitHub/awtkns-fastapi-crudrouter/fastapi_crudrouter/core/mem.py",
    "file_hunks_size": 6,
    "min_patch_found": false,
    "single_hunk": false,
    "fit_TFix": false,
    "delete_only_patch": false,
    "has_suppression_all_hunks": false,
    "full_warning_msg": "fastapi_crudrouter/core/mem.py:44:4 Inconsistent override [14]: `fastapi_crudrouter.core.mem.MemoryCRUDRouter._update` overrides method defined in `fastapi_crudrouter.core._base.CRUDGenerator` inconsistently. Could not find parameter `Variable(unknown)` in overriding signature.",
    "message": " `fastapi_crudrouter.core.mem.MemoryCRUDRouter._update` overrides method defined in `fastapi_crudrouter.core._base.CRUDGenerator` inconsistently. Could not find parameter `Variable(unknown)` in overriding signature.",
    "rule_id": "Inconsistent override [14]",
    "warning_line_no": 44,
    "warning_line": "    def _update(self) -> Callable:"
  },
  {
    "project": "awtkns/fastapi-crudrouter",
    "commit": "ecd8c3950236b57fafa025a0e383d27aadec4cf6",
    "filename": "fastapi_crudrouter/core/mem.py",
    "filename_after_commit": "/home/chowyi/TypeAnnotation_Study/GitHub/awtkns-fastapi-crudrouter/fastapi_crudrouter/core/mem.py",
    "file_hunks_size": 6,
    "min_patch_found": false,
    "single_hunk": false,
    "fit_TFix": false,
    "delete_only_patch": false,
    "has_suppression_all_hunks": false,
    "full_warning_msg": "fastapi_crudrouter/core/mem.py:44:4 Inconsistent override [14]: `fastapi_crudrouter.core.mem.MemoryCRUDRouter._update` overrides method defined in `fastapi_crudrouter.core._base.CRUDGenerator` inconsistently. Could not find parameter `Keywords(unknown)` in overriding signature.",
    "message": " `fastapi_crudrouter.core.mem.MemoryCRUDRouter._update` overrides method defined in `fastapi_crudrouter.core._base.CRUDGenerator` inconsistently. Could not find parameter `Keywords(unknown)` in overriding signature.",
    "rule_id": "Inconsistent override [14]",
    "warning_line_no": 44,
    "warning_line": "    def _update(self) -> Callable:"
  },
  {
    "project": "awtkns/fastapi-crudrouter",
    "commit": "ecd8c3950236b57fafa025a0e383d27aadec4cf6",
    "filename": "fastapi_crudrouter/core/mem.py",
    "filename_after_commit": "/home/chowyi/TypeAnnotation_Study/GitHub/awtkns-fastapi-crudrouter/fastapi_crudrouter/core/mem.py",
    "file_hunks_size": 6,
    "min_patch_found": false,
    "single_hunk": false,
    "fit_TFix": false,
    "delete_only_patch": false,
    "has_suppression_all_hunks": false,
    "full_warning_msg": "fastapi_crudrouter/core/mem.py:54:4 Inconsistent override [14]: `fastapi_crudrouter.core.mem.MemoryCRUDRouter._delete_all` overrides method defined in `fastapi_crudrouter.core._base.CRUDGenerator` inconsistently. Could not find parameter `Variable(unknown)` in overriding signature.",
    "message": " `fastapi_crudrouter.core.mem.MemoryCRUDRouter._delete_all` overrides method defined in `fastapi_crudrouter.core._base.CRUDGenerator` inconsistently. Could not find parameter `Variable(unknown)` in overriding signature.",
    "rule_id": "Inconsistent override [14]",
    "warning_line_no": 54,
    "warning_line": "    def _delete_all(self) -> Callable:"
  },
  {
    "project": "awtkns/fastapi-crudrouter",
    "commit": "ecd8c3950236b57fafa025a0e383d27aadec4cf6",
    "filename": "fastapi_crudrouter/core/mem.py",
    "filename_after_commit": "/home/chowyi/TypeAnnotation_Study/GitHub/awtkns-fastapi-crudrouter/fastapi_crudrouter/core/mem.py",
    "file_hunks_size": 6,
    "min_patch_found": false,
    "single_hunk": false,
    "fit_TFix": false,
    "delete_only_patch": false,
    "has_suppression_all_hunks": false,
    "full_warning_msg": "fastapi_crudrouter/core/mem.py:54:4 Inconsistent override [14]: `fastapi_crudrouter.core.mem.MemoryCRUDRouter._delete_all` overrides method defined in `fastapi_crudrouter.core._base.CRUDGenerator` inconsistently. Could not find parameter `Keywords(unknown)` in overriding signature.",
    "message": " `fastapi_crudrouter.core.mem.MemoryCRUDRouter._delete_all` overrides method defined in `fastapi_crudrouter.core._base.CRUDGenerator` inconsistently. Could not find parameter `Keywords(unknown)` in overriding signature.",
    "rule_id": "Inconsistent override [14]",
    "warning_line_no": 54,
    "warning_line": "    def _delete_all(self) -> Callable:"
  },
  {
    "project": "awtkns/fastapi-crudrouter",
    "commit": "ecd8c3950236b57fafa025a0e383d27aadec4cf6",
    "filename": "fastapi_crudrouter/core/mem.py",
    "filename_after_commit": "/home/chowyi/TypeAnnotation_Study/GitHub/awtkns-fastapi-crudrouter/fastapi_crudrouter/core/mem.py",
    "file_hunks_size": 6,
    "min_patch_found": false,
    "single_hunk": false,
    "fit_TFix": false,
    "delete_only_patch": false,
    "has_suppression_all_hunks": false,
    "full_warning_msg": "fastapi_crudrouter/core/mem.py:61:4 Inconsistent override [14]: `fastapi_crudrouter.core.mem.MemoryCRUDRouter._delete_one` overrides method defined in `fastapi_crudrouter.core._base.CRUDGenerator` inconsistently. Could not find parameter `Variable(unknown)` in overriding signature.",
    "message": " `fastapi_crudrouter.core.mem.MemoryCRUDRouter._delete_one` overrides method defined in `fastapi_crudrouter.core._base.CRUDGenerator` inconsistently. Could not find parameter `Variable(unknown)` in overriding signature.",
    "rule_id": "Inconsistent override [14]",
    "warning_line_no": 61,
    "warning_line": "    def _delete_one(self) -> Callable:"
  },
  {
    "project": "awtkns/fastapi-crudrouter",
    "commit": "ecd8c3950236b57fafa025a0e383d27aadec4cf6",
    "filename": "fastapi_crudrouter/core/mem.py",
    "filename_after_commit": "/home/chowyi/TypeAnnotation_Study/GitHub/awtkns-fastapi-crudrouter/fastapi_crudrouter/core/mem.py",
    "file_hunks_size": 6,
    "min_patch_found": false,
    "single_hunk": false,
    "fit_TFix": false,
    "delete_only_patch": false,
    "has_suppression_all_hunks": false,
    "full_warning_msg": "fastapi_crudrouter/core/mem.py:61:4 Inconsistent override [14]: `fastapi_crudrouter.core.mem.MemoryCRUDRouter._delete_one` overrides method defined in `fastapi_crudrouter.core._base.CRUDGenerator` inconsistently. Could not find parameter `Keywords(unknown)` in overriding signature.",
    "message": " `fastapi_crudrouter.core.mem.MemoryCRUDRouter._delete_one` overrides method defined in `fastapi_crudrouter.core._base.CRUDGenerator` inconsistently. Could not find parameter `Keywords(unknown)` in overriding signature.",
    "rule_id": "Inconsistent override [14]",
    "warning_line_no": 61,
    "warning_line": "    def _delete_one(self) -> Callable:"
  },
  {
    "project": "awtkns/fastapi-crudrouter",
    "commit": "ecd8c3950236b57fafa025a0e383d27aadec4cf6",
    "filename": "fastapi_crudrouter/core/sqlalchemy.py",
    "filename_after_commit": "/home/chowyi/TypeAnnotation_Study/GitHub/awtkns-fastapi-crudrouter/fastapi_crudrouter/core/sqlalchemy.py",
    "file_hunks_size": 11,
    "min_patch_found": false,
    "single_hunk": false,
    "fit_TFix": false,
    "delete_only_patch": false,
    "has_suppression_all_hunks": false,
    "full_warning_msg": "fastapi_crudrouter/core/sqlalchemy.py:38:4 Inconsistent override [14]: `fastapi_crudrouter.core.sqlalchemy.SQLAlchemyCRUDRouter._get_all` overrides method defined in `fastapi_crudrouter.core._base.CRUDGenerator` inconsistently. Could not find parameter `Variable(unknown)` in overriding signature.",
    "message": " `fastapi_crudrouter.core.sqlalchemy.SQLAlchemyCRUDRouter._get_all` overrides method defined in `fastapi_crudrouter.core._base.CRUDGenerator` inconsistently. Could not find parameter `Variable(unknown)` in overriding signature.",
    "rule_id": "Inconsistent override [14]",
    "warning_line_no": 38,
    "warning_line": "    def _get_all(self) -> Callable:"
  },
  {
    "project": "awtkns/fastapi-crudrouter",
    "commit": "ecd8c3950236b57fafa025a0e383d27aadec4cf6",
    "filename": "fastapi_crudrouter/core/sqlalchemy.py",
    "filename_after_commit": "/home/chowyi/TypeAnnotation_Study/GitHub/awtkns-fastapi-crudrouter/fastapi_crudrouter/core/sqlalchemy.py",
    "file_hunks_size": 11,
    "min_patch_found": false,
    "single_hunk": false,
    "fit_TFix": false,
    "delete_only_patch": false,
    "has_suppression_all_hunks": false,
    "full_warning_msg": "fastapi_crudrouter/core/sqlalchemy.py:38:4 Inconsistent override [14]: `fastapi_crudrouter.core.sqlalchemy.SQLAlchemyCRUDRouter._get_all` overrides method defined in `fastapi_crudrouter.core._base.CRUDGenerator` inconsistently. Could not find parameter `Keywords(unknown)` in overriding signature.",
    "message": " `fastapi_crudrouter.core.sqlalchemy.SQLAlchemyCRUDRouter._get_all` overrides method defined in `fastapi_crudrouter.core._base.CRUDGenerator` inconsistently. Could not find parameter `Keywords(unknown)` in overriding signature.",
    "rule_id": "Inconsistent override [14]",
    "warning_line_no": 38,
    "warning_line": "    def _get_all(self) -> Callable:"
  },
  {
    "project": "awtkns/fastapi-crudrouter",
    "commit": "ecd8c3950236b57fafa025a0e383d27aadec4cf6",
    "filename": "fastapi_crudrouter/core/sqlalchemy.py",
    "filename_after_commit": "/home/chowyi/TypeAnnotation_Study/GitHub/awtkns-fastapi-crudrouter/fastapi_crudrouter/core/sqlalchemy.py",
    "file_hunks_size": 11,
    "min_patch_found": false,
    "single_hunk": false,
    "fit_TFix": false,
    "delete_only_patch": false,
    "has_suppression_all_hunks": false,
    "full_warning_msg": "fastapi_crudrouter/core/sqlalchemy.py:46:4 Inconsistent override [14]: `fastapi_crudrouter.core.sqlalchemy.SQLAlchemyCRUDRouter._get_one` overrides method defined in `fastapi_crudrouter.core._base.CRUDGenerator` inconsistently. Could not find parameter `Variable(unknown)` in overriding signature.",
    "message": " `fastapi_crudrouter.core.sqlalchemy.SQLAlchemyCRUDRouter._get_one` overrides method defined in `fastapi_crudrouter.core._base.CRUDGenerator` inconsistently. Could not find parameter `Variable(unknown)` in overriding signature.",
    "rule_id": "Inconsistent override [14]",
    "warning_line_no": 46,
    "warning_line": "    def _get_one(self) -> Callable:"
  },
  {
    "project": "awtkns/fastapi-crudrouter",
    "commit": "ecd8c3950236b57fafa025a0e383d27aadec4cf6",
    "filename": "fastapi_crudrouter/core/sqlalchemy.py",
    "filename_after_commit": "/home/chowyi/TypeAnnotation_Study/GitHub/awtkns-fastapi-crudrouter/fastapi_crudrouter/core/sqlalchemy.py",
    "file_hunks_size": 11,
    "min_patch_found": false,
    "single_hunk": false,
    "fit_TFix": false,
    "delete_only_patch": false,
    "has_suppression_all_hunks": false,
    "full_warning_msg": "fastapi_crudrouter/core/sqlalchemy.py:46:4 Inconsistent override [14]: `fastapi_crudrouter.core.sqlalchemy.SQLAlchemyCRUDRouter._get_one` overrides method defined in `fastapi_crudrouter.core._base.CRUDGenerator` inconsistently. Could not find parameter `Keywords(unknown)` in overriding signature.",
    "message": " `fastapi_crudrouter.core.sqlalchemy.SQLAlchemyCRUDRouter._get_one` overrides method defined in `fastapi_crudrouter.core._base.CRUDGenerator` inconsistently. Could not find parameter `Keywords(unknown)` in overriding signature.",
    "rule_id": "Inconsistent override [14]",
    "warning_line_no": 46,
    "warning_line": "    def _get_one(self) -> Callable:"
  },
  {
    "project": "awtkns/fastapi-crudrouter",
    "commit": "ecd8c3950236b57fafa025a0e383d27aadec4cf6",
    "filename": "fastapi_crudrouter/core/sqlalchemy.py",
    "filename_after_commit": "/home/chowyi/TypeAnnotation_Study/GitHub/awtkns-fastapi-crudrouter/fastapi_crudrouter/core/sqlalchemy.py",
    "file_hunks_size": 11,
    "min_patch_found": false,
    "single_hunk": false,
    "fit_TFix": false,
    "delete_only_patch": false,
    "has_suppression_all_hunks": false,
    "full_warning_msg": "fastapi_crudrouter/core/sqlalchemy.py:57:4 Inconsistent override [14]: `fastapi_crudrouter.core.sqlalchemy.SQLAlchemyCRUDRouter._create` overrides method defined in `fastapi_crudrouter.core._base.CRUDGenerator` inconsistently. Could not find parameter `Variable(unknown)` in overriding signature.",
    "message": " `fastapi_crudrouter.core.sqlalchemy.SQLAlchemyCRUDRouter._create` overrides method defined in `fastapi_crudrouter.core._base.CRUDGenerator` inconsistently. Could not find parameter `Variable(unknown)` in overriding signature.",
    "rule_id": "Inconsistent override [14]",
    "warning_line_no": 57,
    "warning_line": "    def _create(self) -> Callable:"
  },
  {
    "project": "awtkns/fastapi-crudrouter",
    "commit": "ecd8c3950236b57fafa025a0e383d27aadec4cf6",
    "filename": "fastapi_crudrouter/core/sqlalchemy.py",
    "filename_after_commit": "/home/chowyi/TypeAnnotation_Study/GitHub/awtkns-fastapi-crudrouter/fastapi_crudrouter/core/sqlalchemy.py",
    "file_hunks_size": 11,
    "min_patch_found": false,
    "single_hunk": false,
    "fit_TFix": false,
    "delete_only_patch": false,
    "has_suppression_all_hunks": false,
    "full_warning_msg": "fastapi_crudrouter/core/sqlalchemy.py:57:4 Inconsistent override [14]: `fastapi_crudrouter.core.sqlalchemy.SQLAlchemyCRUDRouter._create` overrides method defined in `fastapi_crudrouter.core._base.CRUDGenerator` inconsistently. Could not find parameter `Keywords(unknown)` in overriding signature.",
    "message": " `fastapi_crudrouter.core.sqlalchemy.SQLAlchemyCRUDRouter._create` overrides method defined in `fastapi_crudrouter.core._base.CRUDGenerator` inconsistently. Could not find parameter `Keywords(unknown)` in overriding signature.",
    "rule_id": "Inconsistent override [14]",
    "warning_line_no": 57,
    "warning_line": "    def _create(self) -> Callable:"
  },
  {
    "project": "awtkns/fastapi-crudrouter",
    "commit": "ecd8c3950236b57fafa025a0e383d27aadec4cf6",
    "filename": "fastapi_crudrouter/core/sqlalchemy.py",
    "filename_after_commit": "/home/chowyi/TypeAnnotation_Study/GitHub/awtkns-fastapi-crudrouter/fastapi_crudrouter/core/sqlalchemy.py",
    "file_hunks_size": 11,
    "min_patch_found": false,
    "single_hunk": false,
    "fit_TFix": false,
    "delete_only_patch": false,
    "has_suppression_all_hunks": false,
    "full_warning_msg": "fastapi_crudrouter/core/sqlalchemy.py:71:4 Inconsistent override [14]: `fastapi_crudrouter.core.sqlalchemy.SQLAlchemyCRUDRouter._update` overrides method defined in `fastapi_crudrouter.core._base.CRUDGenerator` inconsistently. Could not find parameter `Variable(unknown)` in overriding signature.",
    "message": " `fastapi_crudrouter.core.sqlalchemy.SQLAlchemyCRUDRouter._update` overrides method defined in `fastapi_crudrouter.core._base.CRUDGenerator` inconsistently. Could not find parameter `Variable(unknown)` in overriding signature.",
    "rule_id": "Inconsistent override [14]",
    "warning_line_no": 71,
    "warning_line": "    def _update(self) -> Callable:"
  },
  {
    "project": "awtkns/fastapi-crudrouter",
    "commit": "ecd8c3950236b57fafa025a0e383d27aadec4cf6",
    "filename": "fastapi_crudrouter/core/sqlalchemy.py",
    "filename_after_commit": "/home/chowyi/TypeAnnotation_Study/GitHub/awtkns-fastapi-crudrouter/fastapi_crudrouter/core/sqlalchemy.py",
    "file_hunks_size": 11,
    "min_patch_found": false,
    "single_hunk": false,
    "fit_TFix": false,
    "delete_only_patch": false,
    "has_suppression_all_hunks": false,
    "full_warning_msg": "fastapi_crudrouter/core/sqlalchemy.py:71:4 Inconsistent override [14]: `fastapi_crudrouter.core.sqlalchemy.SQLAlchemyCRUDRouter._update` overrides method defined in `fastapi_crudrouter.core._base.CRUDGenerator` inconsistently. Could not find parameter `Keywords(unknown)` in overriding signature.",
    "message": " `fastapi_crudrouter.core.sqlalchemy.SQLAlchemyCRUDRouter._update` overrides method defined in `fastapi_crudrouter.core._base.CRUDGenerator` inconsistently. Could not find parameter `Keywords(unknown)` in overriding signature.",
    "rule_id": "Inconsistent override [14]",
    "warning_line_no": 71,
    "warning_line": "    def _update(self) -> Callable:"
  },
  {
    "project": "awtkns/fastapi-crudrouter",
    "commit": "ecd8c3950236b57fafa025a0e383d27aadec4cf6",
    "filename": "fastapi_crudrouter/core/sqlalchemy.py",
    "filename_after_commit": "/home/chowyi/TypeAnnotation_Study/GitHub/awtkns-fastapi-crudrouter/fastapi_crudrouter/core/sqlalchemy.py",
    "file_hunks_size": 11,
    "min_patch_found": false,
    "single_hunk": false,
    "fit_TFix": false,
    "delete_only_patch": false,
    "has_suppression_all_hunks": false,
    "full_warning_msg": "fastapi_crudrouter/core/sqlalchemy.py:86:4 Inconsistent override [14]: `fastapi_crudrouter.core.sqlalchemy.SQLAlchemyCRUDRouter._delete_all` overrides method defined in `fastapi_crudrouter.core._base.CRUDGenerator` inconsistently. Could not find parameter `Variable(unknown)` in overriding signature.",
    "message": " `fastapi_crudrouter.core.sqlalchemy.SQLAlchemyCRUDRouter._delete_all` overrides method defined in `fastapi_crudrouter.core._base.CRUDGenerator` inconsistently. Could not find parameter `Variable(unknown)` in overriding signature.",
    "rule_id": "Inconsistent override [14]",
    "warning_line_no": 86,
    "warning_line": "    def _delete_all(self) -> Callable:"
  },
  {
    "project": "awtkns/fastapi-crudrouter",
    "commit": "ecd8c3950236b57fafa025a0e383d27aadec4cf6",
    "filename": "fastapi_crudrouter/core/sqlalchemy.py",
    "filename_after_commit": "/home/chowyi/TypeAnnotation_Study/GitHub/awtkns-fastapi-crudrouter/fastapi_crudrouter/core/sqlalchemy.py",
    "file_hunks_size": 11,
    "min_patch_found": false,
    "single_hunk": false,
    "fit_TFix": false,
    "delete_only_patch": false,
    "has_suppression_all_hunks": false,
    "full_warning_msg": "fastapi_crudrouter/core/sqlalchemy.py:86:4 Inconsistent override [14]: `fastapi_crudrouter.core.sqlalchemy.SQLAlchemyCRUDRouter._delete_all` overrides method defined in `fastapi_crudrouter.core._base.CRUDGenerator` inconsistently. Could not find parameter `Keywords(unknown)` in overriding signature.",
    "message": " `fastapi_crudrouter.core.sqlalchemy.SQLAlchemyCRUDRouter._delete_all` overrides method defined in `fastapi_crudrouter.core._base.CRUDGenerator` inconsistently. Could not find parameter `Keywords(unknown)` in overriding signature.",
    "rule_id": "Inconsistent override [14]",
    "warning_line_no": 86,
    "warning_line": "    def _delete_all(self) -> Callable:"
  },
  {
    "project": "awtkns/fastapi-crudrouter",
    "commit": "ecd8c3950236b57fafa025a0e383d27aadec4cf6",
    "filename": "fastapi_crudrouter/core/sqlalchemy.py",
    "filename_after_commit": "/home/chowyi/TypeAnnotation_Study/GitHub/awtkns-fastapi-crudrouter/fastapi_crudrouter/core/sqlalchemy.py",
    "file_hunks_size": 11,
    "min_patch_found": false,
    "single_hunk": false,
    "fit_TFix": false,
    "delete_only_patch": false,
    "has_suppression_all_hunks": false,
    "full_warning_msg": "fastapi_crudrouter/core/sqlalchemy.py:98:4 Inconsistent override [14]: `fastapi_crudrouter.core.sqlalchemy.SQLAlchemyCRUDRouter._delete_one` overrides method defined in `fastapi_crudrouter.core._base.CRUDGenerator` inconsistently. Could not find parameter `Variable(unknown)` in overriding signature.",
    "message": " `fastapi_crudrouter.core.sqlalchemy.SQLAlchemyCRUDRouter._delete_one` overrides method defined in `fastapi_crudrouter.core._base.CRUDGenerator` inconsistently. Could not find parameter `Variable(unknown)` in overriding signature.",
    "rule_id": "Inconsistent override [14]",
    "warning_line_no": 98,
    "warning_line": "    def _delete_one(self) -> Callable:"
  },
  {
    "project": "awtkns/fastapi-crudrouter",
    "commit": "ecd8c3950236b57fafa025a0e383d27aadec4cf6",
    "filename": "fastapi_crudrouter/core/sqlalchemy.py",
    "filename_after_commit": "/home/chowyi/TypeAnnotation_Study/GitHub/awtkns-fastapi-crudrouter/fastapi_crudrouter/core/sqlalchemy.py",
    "file_hunks_size": 11,
    "min_patch_found": false,
    "single_hunk": false,
    "fit_TFix": false,
    "delete_only_patch": false,
    "has_suppression_all_hunks": false,
    "full_warning_msg": "fastapi_crudrouter/core/sqlalchemy.py:98:4 Inconsistent override [14]: `fastapi_crudrouter.core.sqlalchemy.SQLAlchemyCRUDRouter._delete_one` overrides method defined in `fastapi_crudrouter.core._base.CRUDGenerator` inconsistently. Could not find parameter `Keywords(unknown)` in overriding signature.",
    "message": " `fastapi_crudrouter.core.sqlalchemy.SQLAlchemyCRUDRouter._delete_one` overrides method defined in `fastapi_crudrouter.core._base.CRUDGenerator` inconsistently. Could not find parameter `Keywords(unknown)` in overriding signature.",
    "rule_id": "Inconsistent override [14]",
    "warning_line_no": 98,
    "warning_line": "    def _delete_one(self) -> Callable:"
  },
  {
    "project": "awtkns/fastapi-crudrouter",
    "commit": "ecd8c3950236b57fafa025a0e383d27aadec4cf6",
    "filename": "fastapi_crudrouter/core/tortoise.py",
    "filename_after_commit": "/home/chowyi/TypeAnnotation_Study/GitHub/awtkns-fastapi-crudrouter/fastapi_crudrouter/core/tortoise.py",
    "file_hunks_size": 8,
    "min_patch_found": false,
    "single_hunk": false,
    "fit_TFix": false,
    "delete_only_patch": false,
    "has_suppression_all_hunks": false,
    "full_warning_msg": "fastapi_crudrouter/core/tortoise.py:32:4 Inconsistent override [14]: `fastapi_crudrouter.core.tortoise.TortoiseCRUDRouter._get_all` overrides method defined in `fastapi_crudrouter.core._base.CRUDGenerator` inconsistently. Could not find parameter `Variable(unknown)` in overriding signature.",
    "message": " `fastapi_crudrouter.core.tortoise.TortoiseCRUDRouter._get_all` overrides method defined in `fastapi_crudrouter.core._base.CRUDGenerator` inconsistently. Could not find parameter `Variable(unknown)` in overriding signature.",
    "rule_id": "Inconsistent override [14]",
    "warning_line_no": 32,
    "warning_line": "    def _get_all(self) -> Callable:"
  },
  {
    "project": "awtkns/fastapi-crudrouter",
    "commit": "ecd8c3950236b57fafa025a0e383d27aadec4cf6",
    "filename": "fastapi_crudrouter/core/tortoise.py",
    "filename_after_commit": "/home/chowyi/TypeAnnotation_Study/GitHub/awtkns-fastapi-crudrouter/fastapi_crudrouter/core/tortoise.py",
    "file_hunks_size": 8,
    "min_patch_found": false,
    "single_hunk": false,
    "fit_TFix": false,
    "delete_only_patch": false,
    "has_suppression_all_hunks": false,
    "full_warning_msg": "fastapi_crudrouter/core/tortoise.py:32:4 Inconsistent override [14]: `fastapi_crudrouter.core.tortoise.TortoiseCRUDRouter._get_all` overrides method defined in `fastapi_crudrouter.core._base.CRUDGenerator` inconsistently. Could not find parameter `Keywords(unknown)` in overriding signature.",
    "message": " `fastapi_crudrouter.core.tortoise.TortoiseCRUDRouter._get_all` overrides method defined in `fastapi_crudrouter.core._base.CRUDGenerator` inconsistently. Could not find parameter `Keywords(unknown)` in overriding signature.",
    "rule_id": "Inconsistent override [14]",
    "warning_line_no": 32,
    "warning_line": "    def _get_all(self) -> Callable:"
  },
  {
    "project": "awtkns/fastapi-crudrouter",
    "commit": "ecd8c3950236b57fafa025a0e383d27aadec4cf6",
    "filename": "fastapi_crudrouter/core/tortoise.py",
    "filename_after_commit": "/home/chowyi/TypeAnnotation_Study/GitHub/awtkns-fastapi-crudrouter/fastapi_crudrouter/core/tortoise.py",
    "file_hunks_size": 8,
    "min_patch_found": false,
    "single_hunk": false,
    "fit_TFix": false,
    "delete_only_patch": false,
    "has_suppression_all_hunks": false,
    "full_warning_msg": "fastapi_crudrouter/core/tortoise.py:44:4 Inconsistent override [14]: `fastapi_crudrouter.core.tortoise.TortoiseCRUDRouter._get_one` overrides method defined in `fastapi_crudrouter.core._base.CRUDGenerator` inconsistently. Could not find parameter `Variable(unknown)` in overriding signature.",
    "message": " `fastapi_crudrouter.core.tortoise.TortoiseCRUDRouter._get_one` overrides method defined in `fastapi_crudrouter.core._base.CRUDGenerator` inconsistently. Could not find parameter `Variable(unknown)` in overriding signature.",
    "rule_id": "Inconsistent override [14]",
    "warning_line_no": 44,
    "warning_line": "    def _get_one(self) -> Callable:"
  },
  {
    "project": "awtkns/fastapi-crudrouter",
    "commit": "ecd8c3950236b57fafa025a0e383d27aadec4cf6",
    "filename": "fastapi_crudrouter/core/tortoise.py",
    "filename_after_commit": "/home/chowyi/TypeAnnotation_Study/GitHub/awtkns-fastapi-crudrouter/fastapi_crudrouter/core/tortoise.py",
    "file_hunks_size": 8,
    "min_patch_found": false,
    "single_hunk": false,
    "fit_TFix": false,
    "delete_only_patch": false,
    "has_suppression_all_hunks": false,
    "full_warning_msg": "fastapi_crudrouter/core/tortoise.py:44:4 Inconsistent override [14]: `fastapi_crudrouter.core.tortoise.TortoiseCRUDRouter._get_one` overrides method defined in `fastapi_crudrouter.core._base.CRUDGenerator` inconsistently. Could not find parameter `Keywords(unknown)` in overriding signature.",
    "message": " `fastapi_crudrouter.core.tortoise.TortoiseCRUDRouter._get_one` overrides method defined in `fastapi_crudrouter.core._base.CRUDGenerator` inconsistently. Could not find parameter `Keywords(unknown)` in overriding signature.",
    "rule_id": "Inconsistent override [14]",
    "warning_line_no": 44,
    "warning_line": "    def _get_one(self) -> Callable:"
  },
  {
    "project": "awtkns/fastapi-crudrouter",
    "commit": "ecd8c3950236b57fafa025a0e383d27aadec4cf6",
    "filename": "fastapi_crudrouter/core/tortoise.py",
    "filename_after_commit": "/home/chowyi/TypeAnnotation_Study/GitHub/awtkns-fastapi-crudrouter/fastapi_crudrouter/core/tortoise.py",
    "file_hunks_size": 8,
    "min_patch_found": false,
    "single_hunk": false,
    "fit_TFix": false,
    "delete_only_patch": false,
    "has_suppression_all_hunks": false,
    "full_warning_msg": "fastapi_crudrouter/core/tortoise.py:55:4 Inconsistent override [14]: `fastapi_crudrouter.core.tortoise.TortoiseCRUDRouter._create` overrides method defined in `fastapi_crudrouter.core._base.CRUDGenerator` inconsistently. Could not find parameter `Variable(unknown)` in overriding signature.",
    "message": " `fastapi_crudrouter.core.tortoise.TortoiseCRUDRouter._create` overrides method defined in `fastapi_crudrouter.core._base.CRUDGenerator` inconsistently. Could not find parameter `Variable(unknown)` in overriding signature.",
    "rule_id": "Inconsistent override [14]",
    "warning_line_no": 55,
    "warning_line": "    def _create(self) -> Callable:"
  },
  {
    "project": "awtkns/fastapi-crudrouter",
    "commit": "ecd8c3950236b57fafa025a0e383d27aadec4cf6",
    "filename": "fastapi_crudrouter/core/tortoise.py",
    "filename_after_commit": "/home/chowyi/TypeAnnotation_Study/GitHub/awtkns-fastapi-crudrouter/fastapi_crudrouter/core/tortoise.py",
    "file_hunks_size": 8,
    "min_patch_found": false,
    "single_hunk": false,
    "fit_TFix": false,
    "delete_only_patch": false,
    "has_suppression_all_hunks": false,
    "full_warning_msg": "fastapi_crudrouter/core/tortoise.py:55:4 Inconsistent override [14]: `fastapi_crudrouter.core.tortoise.TortoiseCRUDRouter._create` overrides method defined in `fastapi_crudrouter.core._base.CRUDGenerator` inconsistently. Could not find parameter `Keywords(unknown)` in overriding signature.",
    "message": " `fastapi_crudrouter.core.tortoise.TortoiseCRUDRouter._create` overrides method defined in `fastapi_crudrouter.core._base.CRUDGenerator` inconsistently. Could not find parameter `Keywords(unknown)` in overriding signature.",
    "rule_id": "Inconsistent override [14]",
    "warning_line_no": 55,
    "warning_line": "    def _create(self) -> Callable:"
  },
  {
    "project": "awtkns/fastapi-crudrouter",
    "commit": "ecd8c3950236b57fafa025a0e383d27aadec4cf6",
    "filename": "fastapi_crudrouter/core/tortoise.py",
    "filename_after_commit": "/home/chowyi/TypeAnnotation_Study/GitHub/awtkns-fastapi-crudrouter/fastapi_crudrouter/core/tortoise.py",
    "file_hunks_size": 8,
    "min_patch_found": false,
    "single_hunk": false,
    "fit_TFix": false,
    "delete_only_patch": false,
    "has_suppression_all_hunks": false,
    "full_warning_msg": "fastapi_crudrouter/core/tortoise.py:64:4 Inconsistent override [14]: `fastapi_crudrouter.core.tortoise.TortoiseCRUDRouter._update` overrides method defined in `fastapi_crudrouter.core._base.CRUDGenerator` inconsistently. Could not find parameter `Variable(unknown)` in overriding signature.",
    "message": " `fastapi_crudrouter.core.tortoise.TortoiseCRUDRouter._update` overrides method defined in `fastapi_crudrouter.core._base.CRUDGenerator` inconsistently. Could not find parameter `Variable(unknown)` in overriding signature.",
    "rule_id": "Inconsistent override [14]",
    "warning_line_no": 64,
    "warning_line": "    def _update(self) -> Callable:"
  },
  {
    "project": "awtkns/fastapi-crudrouter",
    "commit": "ecd8c3950236b57fafa025a0e383d27aadec4cf6",
    "filename": "fastapi_crudrouter/core/tortoise.py",
    "filename_after_commit": "/home/chowyi/TypeAnnotation_Study/GitHub/awtkns-fastapi-crudrouter/fastapi_crudrouter/core/tortoise.py",
    "file_hunks_size": 8,
    "min_patch_found": false,
    "single_hunk": false,
    "fit_TFix": false,
    "delete_only_patch": false,
    "has_suppression_all_hunks": false,
    "full_warning_msg": "fastapi_crudrouter/core/tortoise.py:64:4 Inconsistent override [14]: `fastapi_crudrouter.core.tortoise.TortoiseCRUDRouter._update` overrides method defined in `fastapi_crudrouter.core._base.CRUDGenerator` inconsistently. Could not find parameter `Keywords(unknown)` in overriding signature.",
    "message": " `fastapi_crudrouter.core.tortoise.TortoiseCRUDRouter._update` overrides method defined in `fastapi_crudrouter.core._base.CRUDGenerator` inconsistently. Could not find parameter `Keywords(unknown)` in overriding signature.",
    "rule_id": "Inconsistent override [14]",
    "warning_line_no": 64,
    "warning_line": "    def _update(self) -> Callable:"
  },
  {
    "project": "awtkns/fastapi-crudrouter",
    "commit": "ecd8c3950236b57fafa025a0e383d27aadec4cf6",
    "filename": "fastapi_crudrouter/core/tortoise.py",
    "filename_after_commit": "/home/chowyi/TypeAnnotation_Study/GitHub/awtkns-fastapi-crudrouter/fastapi_crudrouter/core/tortoise.py",
    "file_hunks_size": 8,
    "min_patch_found": false,
    "single_hunk": false,
    "fit_TFix": false,
    "delete_only_patch": false,
    "has_suppression_all_hunks": false,
    "full_warning_msg": "fastapi_crudrouter/core/tortoise.py:71:4 Inconsistent override [14]: `fastapi_crudrouter.core.tortoise.TortoiseCRUDRouter._delete_all` overrides method defined in `fastapi_crudrouter.core._base.CRUDGenerator` inconsistently. Could not find parameter `Variable(unknown)` in overriding signature.",
    "message": " `fastapi_crudrouter.core.tortoise.TortoiseCRUDRouter._delete_all` overrides method defined in `fastapi_crudrouter.core._base.CRUDGenerator` inconsistently. Could not find parameter `Variable(unknown)` in overriding signature.",
    "rule_id": "Inconsistent override [14]",
    "warning_line_no": 71,
    "warning_line": "    def _delete_all(self) -> Callable:"
  },
  {
    "project": "awtkns/fastapi-crudrouter",
    "commit": "ecd8c3950236b57fafa025a0e383d27aadec4cf6",
    "filename": "fastapi_crudrouter/core/tortoise.py",
    "filename_after_commit": "/home/chowyi/TypeAnnotation_Study/GitHub/awtkns-fastapi-crudrouter/fastapi_crudrouter/core/tortoise.py",
    "file_hunks_size": 8,
    "min_patch_found": false,
    "single_hunk": false,
    "fit_TFix": false,
    "delete_only_patch": false,
    "has_suppression_all_hunks": false,
    "full_warning_msg": "fastapi_crudrouter/core/tortoise.py:71:4 Inconsistent override [14]: `fastapi_crudrouter.core.tortoise.TortoiseCRUDRouter._delete_all` overrides method defined in `fastapi_crudrouter.core._base.CRUDGenerator` inconsistently. Could not find parameter `Keywords(unknown)` in overriding signature.",
    "message": " `fastapi_crudrouter.core.tortoise.TortoiseCRUDRouter._delete_all` overrides method defined in `fastapi_crudrouter.core._base.CRUDGenerator` inconsistently. Could not find parameter `Keywords(unknown)` in overriding signature.",
    "rule_id": "Inconsistent override [14]",
    "warning_line_no": 71,
    "warning_line": "    def _delete_all(self) -> Callable:"
  },
  {
    "project": "awtkns/fastapi-crudrouter",
    "commit": "ecd8c3950236b57fafa025a0e383d27aadec4cf6",
    "filename": "fastapi_crudrouter/core/tortoise.py",
    "filename_after_commit": "/home/chowyi/TypeAnnotation_Study/GitHub/awtkns-fastapi-crudrouter/fastapi_crudrouter/core/tortoise.py",
    "file_hunks_size": 8,
    "min_patch_found": false,
    "single_hunk": false,
    "fit_TFix": false,
    "delete_only_patch": false,
    "has_suppression_all_hunks": false,
    "full_warning_msg": "fastapi_crudrouter/core/tortoise.py:81:4 Inconsistent override [14]: `fastapi_crudrouter.core.tortoise.TortoiseCRUDRouter._delete_one` overrides method defined in `fastapi_crudrouter.core._base.CRUDGenerator` inconsistently. Could not find parameter `Variable(unknown)` in overriding signature.",
    "message": " `fastapi_crudrouter.core.tortoise.TortoiseCRUDRouter._delete_one` overrides method defined in `fastapi_crudrouter.core._base.CRUDGenerator` inconsistently. Could not find parameter `Variable(unknown)` in overriding signature.",
    "rule_id": "Inconsistent override [14]",
    "warning_line_no": 81,
    "warning_line": "    def _delete_one(self) -> Callable:"
  },
  {
    "project": "awtkns/fastapi-crudrouter",
    "commit": "ecd8c3950236b57fafa025a0e383d27aadec4cf6",
    "filename": "fastapi_crudrouter/core/tortoise.py",
    "filename_after_commit": "/home/chowyi/TypeAnnotation_Study/GitHub/awtkns-fastapi-crudrouter/fastapi_crudrouter/core/tortoise.py",
    "file_hunks_size": 8,
    "min_patch_found": false,
    "single_hunk": false,
    "fit_TFix": false,
    "delete_only_patch": false,
    "has_suppression_all_hunks": false,
    "full_warning_msg": "fastapi_crudrouter/core/tortoise.py:81:4 Inconsistent override [14]: `fastapi_crudrouter.core.tortoise.TortoiseCRUDRouter._delete_one` overrides method defined in `fastapi_crudrouter.core._base.CRUDGenerator` inconsistently. Could not find parameter `Keywords(unknown)` in overriding signature.",
    "message": " `fastapi_crudrouter.core.tortoise.TortoiseCRUDRouter._delete_one` overrides method defined in `fastapi_crudrouter.core._base.CRUDGenerator` inconsistently. Could not find parameter `Keywords(unknown)` in overriding signature.",
    "rule_id": "Inconsistent override [14]",
    "warning_line_no": 81,
    "warning_line": "    def _delete_one(self) -> Callable:"
  },
  {
    "project": "awtkns/fastapi-crudrouter",
    "commit": "ecd8c3950236b57fafa025a0e383d27aadec4cf6",
    "filename": "tests/test_dependencies.py",
    "filename_after_commit": "/home/chowyi/TypeAnnotation_Study/GitHub/awtkns-fastapi-crudrouter/tests/test_dependencies.py",
    "file_hunks_size": 2,
    "min_patch_found": true,
    "single_hunk": true,
    "fit_TFix": false,
    "delete_only_patch": false,
    "has_suppression_all_hunks": false,
    "full_warning_msg": "tests/test_dependencies.py:20:18 Unbound name [10]: Name `HTTPException` is used but not defined in the current scope.",
    "message": " Name `HTTPException` is used but not defined in the current scope.",
    "rule_id": "Unbound name [10]",
    "warning_line_no": 20,
    "warning_line": "            raise HTTPException(401, \"Invalid token\")",
    "min_patch": [
      {
        "hunk_fit_TFix": false,
        "inside_window": true,
        "delete_only": false,
        "has_suppression": false,
        "source_code": "import random\nimport pytest\n\nfrom fastapi import FastAPI, testclient, Depends\nfrom fastapi.security import OAuth2PasswordBearer\nfrom fastapi_crudrouter import MemoryCRUDRouter\n\nfrom tests import Potato\n\nURL = '/potato'\nAUTH = {'Authorization': 'Bearer my_token'}\n\n",
        "source_code_len": 264,
        "target_code": "from fastapi import Depends, FastAPI, HTTPException, testclient\nfrom fastapi.security import OAuth2PasswordBearer\n\nfrom fastapi_crudrouter import MemoryCRUDRouter\nfrom tests import Potato\n\nURL = \"/potato\"\nAUTH = {\"Authorization\": \"Bearer my_token\"}\n\n",
        "target_code_len": 250,
        "diff_format": "@@ -1,12 +1,9 @@\n-import random\n-import pytest\n+from fastapi import Depends, FastAPI, HTTPException, testclient\n+from fastapi.security import OAuth2PasswordBearer\n \n-from fastapi import FastAPI, testclient, Depends\n-from fastapi.security import OAuth2PasswordBearer\n from fastapi_crudrouter import MemoryCRUDRouter\n-\n from tests import Potato\n \n-URL = '/potato'\n-AUTH = {'Authorization': 'Bearer my_token'}\n+URL = \"/potato\"\n+AUTH = {\"Authorization\": \"Bearer my_token\"}\n \n",
        "source_code_with_indent": "import random\nimport pytest\n\nfrom fastapi import FastAPI, testclient, Depends\nfrom fastapi.security import OAuth2PasswordBearer\nfrom fastapi_crudrouter import MemoryCRUDRouter\n\nfrom tests import Potato\n\nURL = '/potato'\nAUTH = {'Authorization': 'Bearer my_token'}\n\n",
        "source_code_with_indent_exact_match": true,
        "target_code_with_indent": "from fastapi import Depends, FastAPI, HTTPException, testclient\nfrom fastapi.security import OAuth2PasswordBearer\n\nfrom fastapi_crudrouter import MemoryCRUDRouter\nfrom tests import Potato\n\nURL = \"/potato\"\nAUTH = {\"Authorization\": \"Bearer my_token\"}\n\n",
        "target_code_with_indent_exact_match": true
      }
    ]
  }
]