[
  {
    "project": "achaiah/pywick",
    "commit": "ce5a2a2dcee8cf7e1bb7cbc83cce636b697fd841",
    "filename": "pywick/models/segmentation/testnets/fc_densenet.py",
    "filename_after_commit": "/home/chowyi/TypeAnnotation_Study/GitHub/achaiah-pywick/pywick/models/segmentation/testnets/fc_densenet.py",
    "file_hunks_size": 1,
    "min_patch_found": true,
    "single_hunk": true,
    "fit_TFix": false,
    "delete_only_patch": false,
    "has_suppression_all_hunks": false,
    "full_warning_msg": "pywick/models/segmentation/testnets/fc_densenet.py:47:12 Incompatible variable type [9]: down_dense_growth_rates is declared to have type `Union[Sequence[int], int]` but is used as type `typing.Tuple[Union[Sequence[int], int], ...]`.",
    "message": " down_dense_growth_rates is declared to have type `Union[Sequence[int], int]` but is used as type `typing.Tuple[Union[Sequence[int], int], ...]`.",
    "rule_id": "Incompatible variable type [9]",
    "warning_line_no": 47,
    "warning_line": "            down_dense_growth_rates = (down_dense_growth_rates,) * 5",
    "min_patch": [
      {
        "hunk_fit_TFix": false,
        "inside_window": true,
        "delete_only": false,
        "has_suppression": false,
        "source_code": "\n        if type(down_dense_growth_rates) == int:\n            down_dense_growth_rates = (down_dense_growth_rates,) * 5\n        if down_dense_bottleneck_ratios is None or type(down_dense_bottleneck_ratios) == int:\n            down_dense_bottleneck_ratios = (down_dense_bottleneck_ratios,) * 5\n        if type(down_dense_num_layers) == int:\n            down_dense_num_layers = (down_dense_num_layers,) * 5\n        if type(down_transition_compression_factors) == float:\n            down_transition_compression_factors = (down_transition_compression_factors,) * 5\n\n        if type(up_dense_growth_rates) == int:\n            up_dense_growth_rates = (up_dense_growth_rates,) * 5\n        if up_dense_bottleneck_ratios is None or type(up_dense_bottleneck_ratios) == int:\n            up_dense_bottleneck_ratios = (up_dense_bottleneck_ratios,) * 5\n        if type(up_dense_num_layers) == int:\n            up_dense_num_layers = (up_dense_num_layers,) * 5\n",
        "source_code_len": 944,
        "target_code": "\n        if type(down_dense_growth_rates) is int:\n            down_dense_growth_rates = (down_dense_growth_rates,) * 5\n        if down_dense_bottleneck_ratios is None or type(down_dense_bottleneck_ratios) is int:\n            down_dense_bottleneck_ratios = (down_dense_bottleneck_ratios,) * 5\n        if type(down_dense_num_layers) is int:\n            down_dense_num_layers = (down_dense_num_layers,) * 5\n        if type(down_transition_compression_factors) is float:\n            down_transition_compression_factors = (down_transition_compression_factors,) * 5\n\n        if type(up_dense_growth_rates) is int:\n            up_dense_growth_rates = (up_dense_growth_rates,) * 5\n        if up_dense_bottleneck_ratios is None or type(up_dense_bottleneck_ratios) is int:\n            up_dense_bottleneck_ratios = (up_dense_bottleneck_ratios,) * 5\n        if type(up_dense_num_layers) is int:\n            up_dense_num_layers = (up_dense_num_layers,) * 5\n",
        "target_code_len": 944,
        "diff_format": "@@ -45,16 +45,16 @@\n \n-        if type(down_dense_growth_rates) == int:\n+        if type(down_dense_growth_rates) is int:\n             down_dense_growth_rates = (down_dense_growth_rates,) * 5\n-        if down_dense_bottleneck_ratios is None or type(down_dense_bottleneck_ratios) == int:\n+        if down_dense_bottleneck_ratios is None or type(down_dense_bottleneck_ratios) is int:\n             down_dense_bottleneck_ratios = (down_dense_bottleneck_ratios,) * 5\n-        if type(down_dense_num_layers) == int:\n+        if type(down_dense_num_layers) is int:\n             down_dense_num_layers = (down_dense_num_layers,) * 5\n-        if type(down_transition_compression_factors) == float:\n+        if type(down_transition_compression_factors) is float:\n             down_transition_compression_factors = (down_transition_compression_factors,) * 5\n \n-        if type(up_dense_growth_rates) == int:\n+        if type(up_dense_growth_rates) is int:\n             up_dense_growth_rates = (up_dense_growth_rates,) * 5\n-        if up_dense_bottleneck_ratios is None or type(up_dense_bottleneck_ratios) == int:\n+        if up_dense_bottleneck_ratios is None or type(up_dense_bottleneck_ratios) is int:\n             up_dense_bottleneck_ratios = (up_dense_bottleneck_ratios,) * 5\n-        if type(up_dense_num_layers) == int:\n+        if type(up_dense_num_layers) is int:\n             up_dense_num_layers = (up_dense_num_layers,) * 5\n",
        "source_code_with_indent": "\n        if type(down_dense_growth_rates) == int:\n            <IND>down_dense_growth_rates = (down_dense_growth_rates,) * 5\n        <DED>if down_dense_bottleneck_ratios is None or type(down_dense_bottleneck_ratios) == int:\n            <IND>down_dense_bottleneck_ratios = (down_dense_bottleneck_ratios,) * 5\n        <DED>if type(down_dense_num_layers) == int:\n            <IND>down_dense_num_layers = (down_dense_num_layers,) * 5\n        <DED>if type(down_transition_compression_factors) == float:\n            <IND>down_transition_compression_factors = (down_transition_compression_factors,) * 5\n\n        <DED>if type(up_dense_growth_rates) == int:\n            <IND>up_dense_growth_rates = (up_dense_growth_rates,) * 5\n        <DED>if up_dense_bottleneck_ratios is None or type(up_dense_bottleneck_ratios) == int:\n            <IND>up_dense_bottleneck_ratios = (up_dense_bottleneck_ratios,) * 5\n        <DED>if type(up_dense_num_layers) == int:\n            <IND>up_dense_num_layers = (up_dense_num_layers,) * 5\n",
        "source_code_with_indent_exact_match": true,
        "target_code_with_indent": "\n        if type(down_dense_growth_rates) is int:\n            <IND>down_dense_growth_rates = (down_dense_growth_rates,) * 5\n        <DED>if down_dense_bottleneck_ratios is None or type(down_dense_bottleneck_ratios) is int:\n            <IND>down_dense_bottleneck_ratios = (down_dense_bottleneck_ratios,) * 5\n        <DED>if type(down_dense_num_layers) is int:\n            <IND>down_dense_num_layers = (down_dense_num_layers,) * 5\n        <DED>if type(down_transition_compression_factors) is float:\n            <IND>down_transition_compression_factors = (down_transition_compression_factors,) * 5\n\n        <DED>if type(up_dense_growth_rates) is int:\n            <IND>up_dense_growth_rates = (up_dense_growth_rates,) * 5\n        <DED>if up_dense_bottleneck_ratios is None or type(up_dense_bottleneck_ratios) is int:\n            <IND>up_dense_bottleneck_ratios = (up_dense_bottleneck_ratios,) * 5\n        <DED>if type(up_dense_num_layers) is int:\n            <IND>up_dense_num_layers = (up_dense_num_layers,) * 5\n",
        "target_code_with_indent_exact_match": true
      }
    ]
  },
  {
    "project": "achaiah/pywick",
    "commit": "ce5a2a2dcee8cf7e1bb7cbc83cce636b697fd841",
    "filename": "pywick/models/segmentation/testnets/fc_densenet.py",
    "filename_after_commit": "/home/chowyi/TypeAnnotation_Study/GitHub/achaiah-pywick/pywick/models/segmentation/testnets/fc_densenet.py",
    "file_hunks_size": 1,
    "min_patch_found": true,
    "single_hunk": true,
    "fit_TFix": false,
    "delete_only_patch": false,
    "has_suppression_all_hunks": false,
    "full_warning_msg": "pywick/models/segmentation/testnets/fc_densenet.py:49:12 Incompatible variable type [9]: down_dense_bottleneck_ratios is declared to have type `Union[None, Sequence[Optional[int]], int]` but is used as type `typing.Tuple[Union[None, Sequence[Optional[int]], int], ...]`.",
    "message": " down_dense_bottleneck_ratios is declared to have type `Union[None, Sequence[Optional[int]], int]` but is used as type `typing.Tuple[Union[None, Sequence[Optional[int]], int], ...]`.",
    "rule_id": "Incompatible variable type [9]",
    "warning_line_no": 49,
    "warning_line": "            down_dense_bottleneck_ratios = (down_dense_bottleneck_ratios,) * 5",
    "min_patch": [
      {
        "hunk_fit_TFix": false,
        "inside_window": true,
        "delete_only": false,
        "has_suppression": false,
        "source_code": "\n        if type(down_dense_growth_rates) == int:\n            down_dense_growth_rates = (down_dense_growth_rates,) * 5\n        if down_dense_bottleneck_ratios is None or type(down_dense_bottleneck_ratios) == int:\n            down_dense_bottleneck_ratios = (down_dense_bottleneck_ratios,) * 5\n        if type(down_dense_num_layers) == int:\n            down_dense_num_layers = (down_dense_num_layers,) * 5\n        if type(down_transition_compression_factors) == float:\n            down_transition_compression_factors = (down_transition_compression_factors,) * 5\n\n        if type(up_dense_growth_rates) == int:\n            up_dense_growth_rates = (up_dense_growth_rates,) * 5\n        if up_dense_bottleneck_ratios is None or type(up_dense_bottleneck_ratios) == int:\n            up_dense_bottleneck_ratios = (up_dense_bottleneck_ratios,) * 5\n        if type(up_dense_num_layers) == int:\n            up_dense_num_layers = (up_dense_num_layers,) * 5\n",
        "source_code_len": 944,
        "target_code": "\n        if type(down_dense_growth_rates) is int:\n            down_dense_growth_rates = (down_dense_growth_rates,) * 5\n        if down_dense_bottleneck_ratios is None or type(down_dense_bottleneck_ratios) is int:\n            down_dense_bottleneck_ratios = (down_dense_bottleneck_ratios,) * 5\n        if type(down_dense_num_layers) is int:\n            down_dense_num_layers = (down_dense_num_layers,) * 5\n        if type(down_transition_compression_factors) is float:\n            down_transition_compression_factors = (down_transition_compression_factors,) * 5\n\n        if type(up_dense_growth_rates) is int:\n            up_dense_growth_rates = (up_dense_growth_rates,) * 5\n        if up_dense_bottleneck_ratios is None or type(up_dense_bottleneck_ratios) is int:\n            up_dense_bottleneck_ratios = (up_dense_bottleneck_ratios,) * 5\n        if type(up_dense_num_layers) is int:\n            up_dense_num_layers = (up_dense_num_layers,) * 5\n",
        "target_code_len": 944,
        "diff_format": "@@ -45,16 +45,16 @@\n \n-        if type(down_dense_growth_rates) == int:\n+        if type(down_dense_growth_rates) is int:\n             down_dense_growth_rates = (down_dense_growth_rates,) * 5\n-        if down_dense_bottleneck_ratios is None or type(down_dense_bottleneck_ratios) == int:\n+        if down_dense_bottleneck_ratios is None or type(down_dense_bottleneck_ratios) is int:\n             down_dense_bottleneck_ratios = (down_dense_bottleneck_ratios,) * 5\n-        if type(down_dense_num_layers) == int:\n+        if type(down_dense_num_layers) is int:\n             down_dense_num_layers = (down_dense_num_layers,) * 5\n-        if type(down_transition_compression_factors) == float:\n+        if type(down_transition_compression_factors) is float:\n             down_transition_compression_factors = (down_transition_compression_factors,) * 5\n \n-        if type(up_dense_growth_rates) == int:\n+        if type(up_dense_growth_rates) is int:\n             up_dense_growth_rates = (up_dense_growth_rates,) * 5\n-        if up_dense_bottleneck_ratios is None or type(up_dense_bottleneck_ratios) == int:\n+        if up_dense_bottleneck_ratios is None or type(up_dense_bottleneck_ratios) is int:\n             up_dense_bottleneck_ratios = (up_dense_bottleneck_ratios,) * 5\n-        if type(up_dense_num_layers) == int:\n+        if type(up_dense_num_layers) is int:\n             up_dense_num_layers = (up_dense_num_layers,) * 5\n",
        "source_code_with_indent": "\n        if type(down_dense_growth_rates) == int:\n            <IND>down_dense_growth_rates = (down_dense_growth_rates,) * 5\n        <DED>if down_dense_bottleneck_ratios is None or type(down_dense_bottleneck_ratios) == int:\n            <IND>down_dense_bottleneck_ratios = (down_dense_bottleneck_ratios,) * 5\n        <DED>if type(down_dense_num_layers) == int:\n            <IND>down_dense_num_layers = (down_dense_num_layers,) * 5\n        <DED>if type(down_transition_compression_factors) == float:\n            <IND>down_transition_compression_factors = (down_transition_compression_factors,) * 5\n\n        <DED>if type(up_dense_growth_rates) == int:\n            <IND>up_dense_growth_rates = (up_dense_growth_rates,) * 5\n        <DED>if up_dense_bottleneck_ratios is None or type(up_dense_bottleneck_ratios) == int:\n            <IND>up_dense_bottleneck_ratios = (up_dense_bottleneck_ratios,) * 5\n        <DED>if type(up_dense_num_layers) == int:\n            <IND>up_dense_num_layers = (up_dense_num_layers,) * 5\n",
        "source_code_with_indent_exact_match": true,
        "target_code_with_indent": "\n        if type(down_dense_growth_rates) is int:\n            <IND>down_dense_growth_rates = (down_dense_growth_rates,) * 5\n        <DED>if down_dense_bottleneck_ratios is None or type(down_dense_bottleneck_ratios) is int:\n            <IND>down_dense_bottleneck_ratios = (down_dense_bottleneck_ratios,) * 5\n        <DED>if type(down_dense_num_layers) is int:\n            <IND>down_dense_num_layers = (down_dense_num_layers,) * 5\n        <DED>if type(down_transition_compression_factors) is float:\n            <IND>down_transition_compression_factors = (down_transition_compression_factors,) * 5\n\n        <DED>if type(up_dense_growth_rates) is int:\n            <IND>up_dense_growth_rates = (up_dense_growth_rates,) * 5\n        <DED>if up_dense_bottleneck_ratios is None or type(up_dense_bottleneck_ratios) is int:\n            <IND>up_dense_bottleneck_ratios = (up_dense_bottleneck_ratios,) * 5\n        <DED>if type(up_dense_num_layers) is int:\n            <IND>up_dense_num_layers = (up_dense_num_layers,) * 5\n",
        "target_code_with_indent_exact_match": true
      }
    ]
  },
  {
    "project": "achaiah/pywick",
    "commit": "ce5a2a2dcee8cf7e1bb7cbc83cce636b697fd841",
    "filename": "pywick/models/segmentation/testnets/fc_densenet.py",
    "filename_after_commit": "/home/chowyi/TypeAnnotation_Study/GitHub/achaiah-pywick/pywick/models/segmentation/testnets/fc_densenet.py",
    "file_hunks_size": 1,
    "min_patch_found": true,
    "single_hunk": true,
    "fit_TFix": false,
    "delete_only_patch": false,
    "has_suppression_all_hunks": false,
    "full_warning_msg": "pywick/models/segmentation/testnets/fc_densenet.py:51:12 Incompatible variable type [9]: down_dense_num_layers is declared to have type `Union[Sequence[int], int]` but is used as type `typing.Tuple[Union[Sequence[int], int], ...]`.",
    "message": " down_dense_num_layers is declared to have type `Union[Sequence[int], int]` but is used as type `typing.Tuple[Union[Sequence[int], int], ...]`.",
    "rule_id": "Incompatible variable type [9]",
    "warning_line_no": 51,
    "warning_line": "            down_dense_num_layers = (down_dense_num_layers,) * 5",
    "min_patch": [
      {
        "hunk_fit_TFix": false,
        "inside_window": true,
        "delete_only": false,
        "has_suppression": false,
        "source_code": "\n        if type(down_dense_growth_rates) == int:\n            down_dense_growth_rates = (down_dense_growth_rates,) * 5\n        if down_dense_bottleneck_ratios is None or type(down_dense_bottleneck_ratios) == int:\n            down_dense_bottleneck_ratios = (down_dense_bottleneck_ratios,) * 5\n        if type(down_dense_num_layers) == int:\n            down_dense_num_layers = (down_dense_num_layers,) * 5\n        if type(down_transition_compression_factors) == float:\n            down_transition_compression_factors = (down_transition_compression_factors,) * 5\n\n        if type(up_dense_growth_rates) == int:\n            up_dense_growth_rates = (up_dense_growth_rates,) * 5\n        if up_dense_bottleneck_ratios is None or type(up_dense_bottleneck_ratios) == int:\n            up_dense_bottleneck_ratios = (up_dense_bottleneck_ratios,) * 5\n        if type(up_dense_num_layers) == int:\n            up_dense_num_layers = (up_dense_num_layers,) * 5\n",
        "source_code_len": 944,
        "target_code": "\n        if type(down_dense_growth_rates) is int:\n            down_dense_growth_rates = (down_dense_growth_rates,) * 5\n        if down_dense_bottleneck_ratios is None or type(down_dense_bottleneck_ratios) is int:\n            down_dense_bottleneck_ratios = (down_dense_bottleneck_ratios,) * 5\n        if type(down_dense_num_layers) is int:\n            down_dense_num_layers = (down_dense_num_layers,) * 5\n        if type(down_transition_compression_factors) is float:\n            down_transition_compression_factors = (down_transition_compression_factors,) * 5\n\n        if type(up_dense_growth_rates) is int:\n            up_dense_growth_rates = (up_dense_growth_rates,) * 5\n        if up_dense_bottleneck_ratios is None or type(up_dense_bottleneck_ratios) is int:\n            up_dense_bottleneck_ratios = (up_dense_bottleneck_ratios,) * 5\n        if type(up_dense_num_layers) is int:\n            up_dense_num_layers = (up_dense_num_layers,) * 5\n",
        "target_code_len": 944,
        "diff_format": "@@ -45,16 +45,16 @@\n \n-        if type(down_dense_growth_rates) == int:\n+        if type(down_dense_growth_rates) is int:\n             down_dense_growth_rates = (down_dense_growth_rates,) * 5\n-        if down_dense_bottleneck_ratios is None or type(down_dense_bottleneck_ratios) == int:\n+        if down_dense_bottleneck_ratios is None or type(down_dense_bottleneck_ratios) is int:\n             down_dense_bottleneck_ratios = (down_dense_bottleneck_ratios,) * 5\n-        if type(down_dense_num_layers) == int:\n+        if type(down_dense_num_layers) is int:\n             down_dense_num_layers = (down_dense_num_layers,) * 5\n-        if type(down_transition_compression_factors) == float:\n+        if type(down_transition_compression_factors) is float:\n             down_transition_compression_factors = (down_transition_compression_factors,) * 5\n \n-        if type(up_dense_growth_rates) == int:\n+        if type(up_dense_growth_rates) is int:\n             up_dense_growth_rates = (up_dense_growth_rates,) * 5\n-        if up_dense_bottleneck_ratios is None or type(up_dense_bottleneck_ratios) == int:\n+        if up_dense_bottleneck_ratios is None or type(up_dense_bottleneck_ratios) is int:\n             up_dense_bottleneck_ratios = (up_dense_bottleneck_ratios,) * 5\n-        if type(up_dense_num_layers) == int:\n+        if type(up_dense_num_layers) is int:\n             up_dense_num_layers = (up_dense_num_layers,) * 5\n",
        "source_code_with_indent": "\n        if type(down_dense_growth_rates) == int:\n            <IND>down_dense_growth_rates = (down_dense_growth_rates,) * 5\n        <DED>if down_dense_bottleneck_ratios is None or type(down_dense_bottleneck_ratios) == int:\n            <IND>down_dense_bottleneck_ratios = (down_dense_bottleneck_ratios,) * 5\n        <DED>if type(down_dense_num_layers) == int:\n            <IND>down_dense_num_layers = (down_dense_num_layers,) * 5\n        <DED>if type(down_transition_compression_factors) == float:\n            <IND>down_transition_compression_factors = (down_transition_compression_factors,) * 5\n\n        <DED>if type(up_dense_growth_rates) == int:\n            <IND>up_dense_growth_rates = (up_dense_growth_rates,) * 5\n        <DED>if up_dense_bottleneck_ratios is None or type(up_dense_bottleneck_ratios) == int:\n            <IND>up_dense_bottleneck_ratios = (up_dense_bottleneck_ratios,) * 5\n        <DED>if type(up_dense_num_layers) == int:\n            <IND>up_dense_num_layers = (up_dense_num_layers,) * 5\n",
        "source_code_with_indent_exact_match": true,
        "target_code_with_indent": "\n        if type(down_dense_growth_rates) is int:\n            <IND>down_dense_growth_rates = (down_dense_growth_rates,) * 5\n        <DED>if down_dense_bottleneck_ratios is None or type(down_dense_bottleneck_ratios) is int:\n            <IND>down_dense_bottleneck_ratios = (down_dense_bottleneck_ratios,) * 5\n        <DED>if type(down_dense_num_layers) is int:\n            <IND>down_dense_num_layers = (down_dense_num_layers,) * 5\n        <DED>if type(down_transition_compression_factors) is float:\n            <IND>down_transition_compression_factors = (down_transition_compression_factors,) * 5\n\n        <DED>if type(up_dense_growth_rates) is int:\n            <IND>up_dense_growth_rates = (up_dense_growth_rates,) * 5\n        <DED>if up_dense_bottleneck_ratios is None or type(up_dense_bottleneck_ratios) is int:\n            <IND>up_dense_bottleneck_ratios = (up_dense_bottleneck_ratios,) * 5\n        <DED>if type(up_dense_num_layers) is int:\n            <IND>up_dense_num_layers = (up_dense_num_layers,) * 5\n",
        "target_code_with_indent_exact_match": true
      }
    ]
  },
  {
    "project": "achaiah/pywick",
    "commit": "ce5a2a2dcee8cf7e1bb7cbc83cce636b697fd841",
    "filename": "pywick/models/segmentation/testnets/fc_densenet.py",
    "filename_after_commit": "/home/chowyi/TypeAnnotation_Study/GitHub/achaiah-pywick/pywick/models/segmentation/testnets/fc_densenet.py",
    "file_hunks_size": 1,
    "min_patch_found": true,
    "single_hunk": true,
    "fit_TFix": false,
    "delete_only_patch": false,
    "has_suppression_all_hunks": false,
    "full_warning_msg": "pywick/models/segmentation/testnets/fc_densenet.py:53:12 Incompatible variable type [9]: down_transition_compression_factors is declared to have type `Union[Sequence[float], float]` but is used as type `typing.Tuple[Union[Sequence[float], float], ...]`.",
    "message": " down_transition_compression_factors is declared to have type `Union[Sequence[float], float]` but is used as type `typing.Tuple[Union[Sequence[float], float], ...]`.",
    "rule_id": "Incompatible variable type [9]",
    "warning_line_no": 53,
    "warning_line": "            down_transition_compression_factors = (down_transition_compression_factors,) * 5",
    "min_patch": [
      {
        "hunk_fit_TFix": false,
        "inside_window": true,
        "delete_only": false,
        "has_suppression": false,
        "source_code": "\n        if type(down_dense_growth_rates) == int:\n            down_dense_growth_rates = (down_dense_growth_rates,) * 5\n        if down_dense_bottleneck_ratios is None or type(down_dense_bottleneck_ratios) == int:\n            down_dense_bottleneck_ratios = (down_dense_bottleneck_ratios,) * 5\n        if type(down_dense_num_layers) == int:\n            down_dense_num_layers = (down_dense_num_layers,) * 5\n        if type(down_transition_compression_factors) == float:\n            down_transition_compression_factors = (down_transition_compression_factors,) * 5\n\n        if type(up_dense_growth_rates) == int:\n            up_dense_growth_rates = (up_dense_growth_rates,) * 5\n        if up_dense_bottleneck_ratios is None or type(up_dense_bottleneck_ratios) == int:\n            up_dense_bottleneck_ratios = (up_dense_bottleneck_ratios,) * 5\n        if type(up_dense_num_layers) == int:\n            up_dense_num_layers = (up_dense_num_layers,) * 5\n",
        "source_code_len": 944,
        "target_code": "\n        if type(down_dense_growth_rates) is int:\n            down_dense_growth_rates = (down_dense_growth_rates,) * 5\n        if down_dense_bottleneck_ratios is None or type(down_dense_bottleneck_ratios) is int:\n            down_dense_bottleneck_ratios = (down_dense_bottleneck_ratios,) * 5\n        if type(down_dense_num_layers) is int:\n            down_dense_num_layers = (down_dense_num_layers,) * 5\n        if type(down_transition_compression_factors) is float:\n            down_transition_compression_factors = (down_transition_compression_factors,) * 5\n\n        if type(up_dense_growth_rates) is int:\n            up_dense_growth_rates = (up_dense_growth_rates,) * 5\n        if up_dense_bottleneck_ratios is None or type(up_dense_bottleneck_ratios) is int:\n            up_dense_bottleneck_ratios = (up_dense_bottleneck_ratios,) * 5\n        if type(up_dense_num_layers) is int:\n            up_dense_num_layers = (up_dense_num_layers,) * 5\n",
        "target_code_len": 944,
        "diff_format": "@@ -45,16 +45,16 @@\n \n-        if type(down_dense_growth_rates) == int:\n+        if type(down_dense_growth_rates) is int:\n             down_dense_growth_rates = (down_dense_growth_rates,) * 5\n-        if down_dense_bottleneck_ratios is None or type(down_dense_bottleneck_ratios) == int:\n+        if down_dense_bottleneck_ratios is None or type(down_dense_bottleneck_ratios) is int:\n             down_dense_bottleneck_ratios = (down_dense_bottleneck_ratios,) * 5\n-        if type(down_dense_num_layers) == int:\n+        if type(down_dense_num_layers) is int:\n             down_dense_num_layers = (down_dense_num_layers,) * 5\n-        if type(down_transition_compression_factors) == float:\n+        if type(down_transition_compression_factors) is float:\n             down_transition_compression_factors = (down_transition_compression_factors,) * 5\n \n-        if type(up_dense_growth_rates) == int:\n+        if type(up_dense_growth_rates) is int:\n             up_dense_growth_rates = (up_dense_growth_rates,) * 5\n-        if up_dense_bottleneck_ratios is None or type(up_dense_bottleneck_ratios) == int:\n+        if up_dense_bottleneck_ratios is None or type(up_dense_bottleneck_ratios) is int:\n             up_dense_bottleneck_ratios = (up_dense_bottleneck_ratios,) * 5\n-        if type(up_dense_num_layers) == int:\n+        if type(up_dense_num_layers) is int:\n             up_dense_num_layers = (up_dense_num_layers,) * 5\n",
        "source_code_with_indent": "\n        if type(down_dense_growth_rates) == int:\n            <IND>down_dense_growth_rates = (down_dense_growth_rates,) * 5\n        <DED>if down_dense_bottleneck_ratios is None or type(down_dense_bottleneck_ratios) == int:\n            <IND>down_dense_bottleneck_ratios = (down_dense_bottleneck_ratios,) * 5\n        <DED>if type(down_dense_num_layers) == int:\n            <IND>down_dense_num_layers = (down_dense_num_layers,) * 5\n        <DED>if type(down_transition_compression_factors) == float:\n            <IND>down_transition_compression_factors = (down_transition_compression_factors,) * 5\n\n        <DED>if type(up_dense_growth_rates) == int:\n            <IND>up_dense_growth_rates = (up_dense_growth_rates,) * 5\n        <DED>if up_dense_bottleneck_ratios is None or type(up_dense_bottleneck_ratios) == int:\n            <IND>up_dense_bottleneck_ratios = (up_dense_bottleneck_ratios,) * 5\n        <DED>if type(up_dense_num_layers) == int:\n            <IND>up_dense_num_layers = (up_dense_num_layers,) * 5\n",
        "source_code_with_indent_exact_match": true,
        "target_code_with_indent": "\n        if type(down_dense_growth_rates) is int:\n            <IND>down_dense_growth_rates = (down_dense_growth_rates,) * 5\n        <DED>if down_dense_bottleneck_ratios is None or type(down_dense_bottleneck_ratios) is int:\n            <IND>down_dense_bottleneck_ratios = (down_dense_bottleneck_ratios,) * 5\n        <DED>if type(down_dense_num_layers) is int:\n            <IND>down_dense_num_layers = (down_dense_num_layers,) * 5\n        <DED>if type(down_transition_compression_factors) is float:\n            <IND>down_transition_compression_factors = (down_transition_compression_factors,) * 5\n\n        <DED>if type(up_dense_growth_rates) is int:\n            <IND>up_dense_growth_rates = (up_dense_growth_rates,) * 5\n        <DED>if up_dense_bottleneck_ratios is None or type(up_dense_bottleneck_ratios) is int:\n            <IND>up_dense_bottleneck_ratios = (up_dense_bottleneck_ratios,) * 5\n        <DED>if type(up_dense_num_layers) is int:\n            <IND>up_dense_num_layers = (up_dense_num_layers,) * 5\n",
        "target_code_with_indent_exact_match": true
      }
    ]
  },
  {
    "project": "achaiah/pywick",
    "commit": "ce5a2a2dcee8cf7e1bb7cbc83cce636b697fd841",
    "filename": "pywick/models/segmentation/testnets/fc_densenet.py",
    "filename_after_commit": "/home/chowyi/TypeAnnotation_Study/GitHub/achaiah-pywick/pywick/models/segmentation/testnets/fc_densenet.py",
    "file_hunks_size": 1,
    "min_patch_found": true,
    "single_hunk": true,
    "fit_TFix": false,
    "delete_only_patch": false,
    "has_suppression_all_hunks": false,
    "full_warning_msg": "pywick/models/segmentation/testnets/fc_densenet.py:56:12 Incompatible variable type [9]: up_dense_growth_rates is declared to have type `Union[Sequence[int], int]` but is used as type `typing.Tuple[Union[Sequence[int], int], ...]`.",
    "message": " up_dense_growth_rates is declared to have type `Union[Sequence[int], int]` but is used as type `typing.Tuple[Union[Sequence[int], int], ...]`.",
    "rule_id": "Incompatible variable type [9]",
    "warning_line_no": 56,
    "warning_line": "            up_dense_growth_rates = (up_dense_growth_rates,) * 5",
    "min_patch": [
      {
        "hunk_fit_TFix": false,
        "inside_window": true,
        "delete_only": false,
        "has_suppression": false,
        "source_code": "\n        if type(down_dense_growth_rates) == int:\n            down_dense_growth_rates = (down_dense_growth_rates,) * 5\n        if down_dense_bottleneck_ratios is None or type(down_dense_bottleneck_ratios) == int:\n            down_dense_bottleneck_ratios = (down_dense_bottleneck_ratios,) * 5\n        if type(down_dense_num_layers) == int:\n            down_dense_num_layers = (down_dense_num_layers,) * 5\n        if type(down_transition_compression_factors) == float:\n            down_transition_compression_factors = (down_transition_compression_factors,) * 5\n\n        if type(up_dense_growth_rates) == int:\n            up_dense_growth_rates = (up_dense_growth_rates,) * 5\n        if up_dense_bottleneck_ratios is None or type(up_dense_bottleneck_ratios) == int:\n            up_dense_bottleneck_ratios = (up_dense_bottleneck_ratios,) * 5\n        if type(up_dense_num_layers) == int:\n            up_dense_num_layers = (up_dense_num_layers,) * 5\n",
        "source_code_len": 944,
        "target_code": "\n        if type(down_dense_growth_rates) is int:\n            down_dense_growth_rates = (down_dense_growth_rates,) * 5\n        if down_dense_bottleneck_ratios is None or type(down_dense_bottleneck_ratios) is int:\n            down_dense_bottleneck_ratios = (down_dense_bottleneck_ratios,) * 5\n        if type(down_dense_num_layers) is int:\n            down_dense_num_layers = (down_dense_num_layers,) * 5\n        if type(down_transition_compression_factors) is float:\n            down_transition_compression_factors = (down_transition_compression_factors,) * 5\n\n        if type(up_dense_growth_rates) is int:\n            up_dense_growth_rates = (up_dense_growth_rates,) * 5\n        if up_dense_bottleneck_ratios is None or type(up_dense_bottleneck_ratios) is int:\n            up_dense_bottleneck_ratios = (up_dense_bottleneck_ratios,) * 5\n        if type(up_dense_num_layers) is int:\n            up_dense_num_layers = (up_dense_num_layers,) * 5\n",
        "target_code_len": 944,
        "diff_format": "@@ -45,16 +45,16 @@\n \n-        if type(down_dense_growth_rates) == int:\n+        if type(down_dense_growth_rates) is int:\n             down_dense_growth_rates = (down_dense_growth_rates,) * 5\n-        if down_dense_bottleneck_ratios is None or type(down_dense_bottleneck_ratios) == int:\n+        if down_dense_bottleneck_ratios is None or type(down_dense_bottleneck_ratios) is int:\n             down_dense_bottleneck_ratios = (down_dense_bottleneck_ratios,) * 5\n-        if type(down_dense_num_layers) == int:\n+        if type(down_dense_num_layers) is int:\n             down_dense_num_layers = (down_dense_num_layers,) * 5\n-        if type(down_transition_compression_factors) == float:\n+        if type(down_transition_compression_factors) is float:\n             down_transition_compression_factors = (down_transition_compression_factors,) * 5\n \n-        if type(up_dense_growth_rates) == int:\n+        if type(up_dense_growth_rates) is int:\n             up_dense_growth_rates = (up_dense_growth_rates,) * 5\n-        if up_dense_bottleneck_ratios is None or type(up_dense_bottleneck_ratios) == int:\n+        if up_dense_bottleneck_ratios is None or type(up_dense_bottleneck_ratios) is int:\n             up_dense_bottleneck_ratios = (up_dense_bottleneck_ratios,) * 5\n-        if type(up_dense_num_layers) == int:\n+        if type(up_dense_num_layers) is int:\n             up_dense_num_layers = (up_dense_num_layers,) * 5\n",
        "source_code_with_indent": "\n        if type(down_dense_growth_rates) == int:\n            <IND>down_dense_growth_rates = (down_dense_growth_rates,) * 5\n        <DED>if down_dense_bottleneck_ratios is None or type(down_dense_bottleneck_ratios) == int:\n            <IND>down_dense_bottleneck_ratios = (down_dense_bottleneck_ratios,) * 5\n        <DED>if type(down_dense_num_layers) == int:\n            <IND>down_dense_num_layers = (down_dense_num_layers,) * 5\n        <DED>if type(down_transition_compression_factors) == float:\n            <IND>down_transition_compression_factors = (down_transition_compression_factors,) * 5\n\n        <DED>if type(up_dense_growth_rates) == int:\n            <IND>up_dense_growth_rates = (up_dense_growth_rates,) * 5\n        <DED>if up_dense_bottleneck_ratios is None or type(up_dense_bottleneck_ratios) == int:\n            <IND>up_dense_bottleneck_ratios = (up_dense_bottleneck_ratios,) * 5\n        <DED>if type(up_dense_num_layers) == int:\n            <IND>up_dense_num_layers = (up_dense_num_layers,) * 5\n",
        "source_code_with_indent_exact_match": true,
        "target_code_with_indent": "\n        if type(down_dense_growth_rates) is int:\n            <IND>down_dense_growth_rates = (down_dense_growth_rates,) * 5\n        <DED>if down_dense_bottleneck_ratios is None or type(down_dense_bottleneck_ratios) is int:\n            <IND>down_dense_bottleneck_ratios = (down_dense_bottleneck_ratios,) * 5\n        <DED>if type(down_dense_num_layers) is int:\n            <IND>down_dense_num_layers = (down_dense_num_layers,) * 5\n        <DED>if type(down_transition_compression_factors) is float:\n            <IND>down_transition_compression_factors = (down_transition_compression_factors,) * 5\n\n        <DED>if type(up_dense_growth_rates) is int:\n            <IND>up_dense_growth_rates = (up_dense_growth_rates,) * 5\n        <DED>if up_dense_bottleneck_ratios is None or type(up_dense_bottleneck_ratios) is int:\n            <IND>up_dense_bottleneck_ratios = (up_dense_bottleneck_ratios,) * 5\n        <DED>if type(up_dense_num_layers) is int:\n            <IND>up_dense_num_layers = (up_dense_num_layers,) * 5\n",
        "target_code_with_indent_exact_match": true
      }
    ]
  },
  {
    "project": "achaiah/pywick",
    "commit": "ce5a2a2dcee8cf7e1bb7cbc83cce636b697fd841",
    "filename": "pywick/models/segmentation/testnets/fc_densenet.py",
    "filename_after_commit": "/home/chowyi/TypeAnnotation_Study/GitHub/achaiah-pywick/pywick/models/segmentation/testnets/fc_densenet.py",
    "file_hunks_size": 1,
    "min_patch_found": true,
    "single_hunk": true,
    "fit_TFix": false,
    "delete_only_patch": false,
    "has_suppression_all_hunks": false,
    "full_warning_msg": "pywick/models/segmentation/testnets/fc_densenet.py:58:12 Incompatible variable type [9]: up_dense_bottleneck_ratios is declared to have type `Union[None, Sequence[Optional[int]], int]` but is used as type `typing.Tuple[Union[None, Sequence[Optional[int]], int], ...]`.",
    "message": " up_dense_bottleneck_ratios is declared to have type `Union[None, Sequence[Optional[int]], int]` but is used as type `typing.Tuple[Union[None, Sequence[Optional[int]], int], ...]`.",
    "rule_id": "Incompatible variable type [9]",
    "warning_line_no": 58,
    "warning_line": "            up_dense_bottleneck_ratios = (up_dense_bottleneck_ratios,) * 5",
    "min_patch": [
      {
        "hunk_fit_TFix": false,
        "inside_window": true,
        "delete_only": false,
        "has_suppression": false,
        "source_code": "\n        if type(down_dense_growth_rates) == int:\n            down_dense_growth_rates = (down_dense_growth_rates,) * 5\n        if down_dense_bottleneck_ratios is None or type(down_dense_bottleneck_ratios) == int:\n            down_dense_bottleneck_ratios = (down_dense_bottleneck_ratios,) * 5\n        if type(down_dense_num_layers) == int:\n            down_dense_num_layers = (down_dense_num_layers,) * 5\n        if type(down_transition_compression_factors) == float:\n            down_transition_compression_factors = (down_transition_compression_factors,) * 5\n\n        if type(up_dense_growth_rates) == int:\n            up_dense_growth_rates = (up_dense_growth_rates,) * 5\n        if up_dense_bottleneck_ratios is None or type(up_dense_bottleneck_ratios) == int:\n            up_dense_bottleneck_ratios = (up_dense_bottleneck_ratios,) * 5\n        if type(up_dense_num_layers) == int:\n            up_dense_num_layers = (up_dense_num_layers,) * 5\n",
        "source_code_len": 944,
        "target_code": "\n        if type(down_dense_growth_rates) is int:\n            down_dense_growth_rates = (down_dense_growth_rates,) * 5\n        if down_dense_bottleneck_ratios is None or type(down_dense_bottleneck_ratios) is int:\n            down_dense_bottleneck_ratios = (down_dense_bottleneck_ratios,) * 5\n        if type(down_dense_num_layers) is int:\n            down_dense_num_layers = (down_dense_num_layers,) * 5\n        if type(down_transition_compression_factors) is float:\n            down_transition_compression_factors = (down_transition_compression_factors,) * 5\n\n        if type(up_dense_growth_rates) is int:\n            up_dense_growth_rates = (up_dense_growth_rates,) * 5\n        if up_dense_bottleneck_ratios is None or type(up_dense_bottleneck_ratios) is int:\n            up_dense_bottleneck_ratios = (up_dense_bottleneck_ratios,) * 5\n        if type(up_dense_num_layers) is int:\n            up_dense_num_layers = (up_dense_num_layers,) * 5\n",
        "target_code_len": 944,
        "diff_format": "@@ -45,16 +45,16 @@\n \n-        if type(down_dense_growth_rates) == int:\n+        if type(down_dense_growth_rates) is int:\n             down_dense_growth_rates = (down_dense_growth_rates,) * 5\n-        if down_dense_bottleneck_ratios is None or type(down_dense_bottleneck_ratios) == int:\n+        if down_dense_bottleneck_ratios is None or type(down_dense_bottleneck_ratios) is int:\n             down_dense_bottleneck_ratios = (down_dense_bottleneck_ratios,) * 5\n-        if type(down_dense_num_layers) == int:\n+        if type(down_dense_num_layers) is int:\n             down_dense_num_layers = (down_dense_num_layers,) * 5\n-        if type(down_transition_compression_factors) == float:\n+        if type(down_transition_compression_factors) is float:\n             down_transition_compression_factors = (down_transition_compression_factors,) * 5\n \n-        if type(up_dense_growth_rates) == int:\n+        if type(up_dense_growth_rates) is int:\n             up_dense_growth_rates = (up_dense_growth_rates,) * 5\n-        if up_dense_bottleneck_ratios is None or type(up_dense_bottleneck_ratios) == int:\n+        if up_dense_bottleneck_ratios is None or type(up_dense_bottleneck_ratios) is int:\n             up_dense_bottleneck_ratios = (up_dense_bottleneck_ratios,) * 5\n-        if type(up_dense_num_layers) == int:\n+        if type(up_dense_num_layers) is int:\n             up_dense_num_layers = (up_dense_num_layers,) * 5\n",
        "source_code_with_indent": "\n        if type(down_dense_growth_rates) == int:\n            <IND>down_dense_growth_rates = (down_dense_growth_rates,) * 5\n        <DED>if down_dense_bottleneck_ratios is None or type(down_dense_bottleneck_ratios) == int:\n            <IND>down_dense_bottleneck_ratios = (down_dense_bottleneck_ratios,) * 5\n        <DED>if type(down_dense_num_layers) == int:\n            <IND>down_dense_num_layers = (down_dense_num_layers,) * 5\n        <DED>if type(down_transition_compression_factors) == float:\n            <IND>down_transition_compression_factors = (down_transition_compression_factors,) * 5\n\n        <DED>if type(up_dense_growth_rates) == int:\n            <IND>up_dense_growth_rates = (up_dense_growth_rates,) * 5\n        <DED>if up_dense_bottleneck_ratios is None or type(up_dense_bottleneck_ratios) == int:\n            <IND>up_dense_bottleneck_ratios = (up_dense_bottleneck_ratios,) * 5\n        <DED>if type(up_dense_num_layers) == int:\n            <IND>up_dense_num_layers = (up_dense_num_layers,) * 5\n",
        "source_code_with_indent_exact_match": true,
        "target_code_with_indent": "\n        if type(down_dense_growth_rates) is int:\n            <IND>down_dense_growth_rates = (down_dense_growth_rates,) * 5\n        <DED>if down_dense_bottleneck_ratios is None or type(down_dense_bottleneck_ratios) is int:\n            <IND>down_dense_bottleneck_ratios = (down_dense_bottleneck_ratios,) * 5\n        <DED>if type(down_dense_num_layers) is int:\n            <IND>down_dense_num_layers = (down_dense_num_layers,) * 5\n        <DED>if type(down_transition_compression_factors) is float:\n            <IND>down_transition_compression_factors = (down_transition_compression_factors,) * 5\n\n        <DED>if type(up_dense_growth_rates) is int:\n            <IND>up_dense_growth_rates = (up_dense_growth_rates,) * 5\n        <DED>if up_dense_bottleneck_ratios is None or type(up_dense_bottleneck_ratios) is int:\n            <IND>up_dense_bottleneck_ratios = (up_dense_bottleneck_ratios,) * 5\n        <DED>if type(up_dense_num_layers) is int:\n            <IND>up_dense_num_layers = (up_dense_num_layers,) * 5\n",
        "target_code_with_indent_exact_match": true
      }
    ]
  },
  {
    "project": "achaiah/pywick",
    "commit": "ce5a2a2dcee8cf7e1bb7cbc83cce636b697fd841",
    "filename": "pywick/models/segmentation/testnets/fc_densenet.py",
    "filename_after_commit": "/home/chowyi/TypeAnnotation_Study/GitHub/achaiah-pywick/pywick/models/segmentation/testnets/fc_densenet.py",
    "file_hunks_size": 1,
    "min_patch_found": true,
    "single_hunk": true,
    "fit_TFix": false,
    "delete_only_patch": false,
    "has_suppression_all_hunks": false,
    "full_warning_msg": "pywick/models/segmentation/testnets/fc_densenet.py:60:12 Incompatible variable type [9]: up_dense_num_layers is declared to have type `Union[Sequence[int], int]` but is used as type `typing.Tuple[Union[Sequence[int], int], ...]`.",
    "message": " up_dense_num_layers is declared to have type `Union[Sequence[int], int]` but is used as type `typing.Tuple[Union[Sequence[int], int], ...]`.",
    "rule_id": "Incompatible variable type [9]",
    "warning_line_no": 60,
    "warning_line": "            up_dense_num_layers = (up_dense_num_layers,) * 5",
    "min_patch": [
      {
        "hunk_fit_TFix": false,
        "inside_window": true,
        "delete_only": false,
        "has_suppression": false,
        "source_code": "\n        if type(down_dense_growth_rates) == int:\n            down_dense_growth_rates = (down_dense_growth_rates,) * 5\n        if down_dense_bottleneck_ratios is None or type(down_dense_bottleneck_ratios) == int:\n            down_dense_bottleneck_ratios = (down_dense_bottleneck_ratios,) * 5\n        if type(down_dense_num_layers) == int:\n            down_dense_num_layers = (down_dense_num_layers,) * 5\n        if type(down_transition_compression_factors) == float:\n            down_transition_compression_factors = (down_transition_compression_factors,) * 5\n\n        if type(up_dense_growth_rates) == int:\n            up_dense_growth_rates = (up_dense_growth_rates,) * 5\n        if up_dense_bottleneck_ratios is None or type(up_dense_bottleneck_ratios) == int:\n            up_dense_bottleneck_ratios = (up_dense_bottleneck_ratios,) * 5\n        if type(up_dense_num_layers) == int:\n            up_dense_num_layers = (up_dense_num_layers,) * 5\n",
        "source_code_len": 944,
        "target_code": "\n        if type(down_dense_growth_rates) is int:\n            down_dense_growth_rates = (down_dense_growth_rates,) * 5\n        if down_dense_bottleneck_ratios is None or type(down_dense_bottleneck_ratios) is int:\n            down_dense_bottleneck_ratios = (down_dense_bottleneck_ratios,) * 5\n        if type(down_dense_num_layers) is int:\n            down_dense_num_layers = (down_dense_num_layers,) * 5\n        if type(down_transition_compression_factors) is float:\n            down_transition_compression_factors = (down_transition_compression_factors,) * 5\n\n        if type(up_dense_growth_rates) is int:\n            up_dense_growth_rates = (up_dense_growth_rates,) * 5\n        if up_dense_bottleneck_ratios is None or type(up_dense_bottleneck_ratios) is int:\n            up_dense_bottleneck_ratios = (up_dense_bottleneck_ratios,) * 5\n        if type(up_dense_num_layers) is int:\n            up_dense_num_layers = (up_dense_num_layers,) * 5\n",
        "target_code_len": 944,
        "diff_format": "@@ -45,16 +45,16 @@\n \n-        if type(down_dense_growth_rates) == int:\n+        if type(down_dense_growth_rates) is int:\n             down_dense_growth_rates = (down_dense_growth_rates,) * 5\n-        if down_dense_bottleneck_ratios is None or type(down_dense_bottleneck_ratios) == int:\n+        if down_dense_bottleneck_ratios is None or type(down_dense_bottleneck_ratios) is int:\n             down_dense_bottleneck_ratios = (down_dense_bottleneck_ratios,) * 5\n-        if type(down_dense_num_layers) == int:\n+        if type(down_dense_num_layers) is int:\n             down_dense_num_layers = (down_dense_num_layers,) * 5\n-        if type(down_transition_compression_factors) == float:\n+        if type(down_transition_compression_factors) is float:\n             down_transition_compression_factors = (down_transition_compression_factors,) * 5\n \n-        if type(up_dense_growth_rates) == int:\n+        if type(up_dense_growth_rates) is int:\n             up_dense_growth_rates = (up_dense_growth_rates,) * 5\n-        if up_dense_bottleneck_ratios is None or type(up_dense_bottleneck_ratios) == int:\n+        if up_dense_bottleneck_ratios is None or type(up_dense_bottleneck_ratios) is int:\n             up_dense_bottleneck_ratios = (up_dense_bottleneck_ratios,) * 5\n-        if type(up_dense_num_layers) == int:\n+        if type(up_dense_num_layers) is int:\n             up_dense_num_layers = (up_dense_num_layers,) * 5\n",
        "source_code_with_indent": "\n        if type(down_dense_growth_rates) == int:\n            <IND>down_dense_growth_rates = (down_dense_growth_rates,) * 5\n        <DED>if down_dense_bottleneck_ratios is None or type(down_dense_bottleneck_ratios) == int:\n            <IND>down_dense_bottleneck_ratios = (down_dense_bottleneck_ratios,) * 5\n        <DED>if type(down_dense_num_layers) == int:\n            <IND>down_dense_num_layers = (down_dense_num_layers,) * 5\n        <DED>if type(down_transition_compression_factors) == float:\n            <IND>down_transition_compression_factors = (down_transition_compression_factors,) * 5\n\n        <DED>if type(up_dense_growth_rates) == int:\n            <IND>up_dense_growth_rates = (up_dense_growth_rates,) * 5\n        <DED>if up_dense_bottleneck_ratios is None or type(up_dense_bottleneck_ratios) == int:\n            <IND>up_dense_bottleneck_ratios = (up_dense_bottleneck_ratios,) * 5\n        <DED>if type(up_dense_num_layers) == int:\n            <IND>up_dense_num_layers = (up_dense_num_layers,) * 5\n",
        "source_code_with_indent_exact_match": true,
        "target_code_with_indent": "\n        if type(down_dense_growth_rates) is int:\n            <IND>down_dense_growth_rates = (down_dense_growth_rates,) * 5\n        <DED>if down_dense_bottleneck_ratios is None or type(down_dense_bottleneck_ratios) is int:\n            <IND>down_dense_bottleneck_ratios = (down_dense_bottleneck_ratios,) * 5\n        <DED>if type(down_dense_num_layers) is int:\n            <IND>down_dense_num_layers = (down_dense_num_layers,) * 5\n        <DED>if type(down_transition_compression_factors) is float:\n            <IND>down_transition_compression_factors = (down_transition_compression_factors,) * 5\n\n        <DED>if type(up_dense_growth_rates) is int:\n            <IND>up_dense_growth_rates = (up_dense_growth_rates,) * 5\n        <DED>if up_dense_bottleneck_ratios is None or type(up_dense_bottleneck_ratios) is int:\n            <IND>up_dense_bottleneck_ratios = (up_dense_bottleneck_ratios,) * 5\n        <DED>if type(up_dense_num_layers) is int:\n            <IND>up_dense_num_layers = (up_dense_num_layers,) * 5\n",
        "target_code_with_indent_exact_match": true
      }
    ]
  },
  {
    "project": "achaiah/pywick",
    "commit": "ce5a2a2dcee8cf7e1bb7cbc83cce636b697fd841",
    "filename": "pywick/models/segmentation/testnets/fc_densenet.py",
    "filename_after_commit": "/home/chowyi/TypeAnnotation_Study/GitHub/achaiah-pywick/pywick/models/segmentation/testnets/fc_densenet.py",
    "file_hunks_size": 1,
    "min_patch_found": true,
    "single_hunk": true,
    "fit_TFix": false,
    "delete_only_patch": false,
    "has_suppression_all_hunks": false,
    "full_warning_msg": "pywick/models/segmentation/testnets/fc_densenet.py:82:16 Incompatible parameter type [6]: Expected `typing.Iterable[Variable[_T1]]` for 1st positional only parameter to call `zip.__new__` but got `Union[Sequence[int], int]`.",
    "message": " Expected `typing.Iterable[Variable[_T1]]` for 1st positional only parameter to call `zip.__new__` but got `Union[Sequence[int], int]`.",
    "rule_id": "Incompatible parameter type [6]",
    "warning_line_no": 82,
    "warning_line": "            zip(down_dense_growth_rates, down_dense_num_layers, down_dense_bottleneck_ratios)",
    "min_patch": [
      {
        "hunk_fit_TFix": false,
        "inside_window": false,
        "delete_only": false,
        "has_suppression": false,
        "source_code": "\n        if type(down_dense_growth_rates) == int:\n            down_dense_growth_rates = (down_dense_growth_rates,) * 5\n        if down_dense_bottleneck_ratios is None or type(down_dense_bottleneck_ratios) == int:\n            down_dense_bottleneck_ratios = (down_dense_bottleneck_ratios,) * 5\n        if type(down_dense_num_layers) == int:\n            down_dense_num_layers = (down_dense_num_layers,) * 5\n        if type(down_transition_compression_factors) == float:\n            down_transition_compression_factors = (down_transition_compression_factors,) * 5\n\n        if type(up_dense_growth_rates) == int:\n            up_dense_growth_rates = (up_dense_growth_rates,) * 5\n        if up_dense_bottleneck_ratios is None or type(up_dense_bottleneck_ratios) == int:\n            up_dense_bottleneck_ratios = (up_dense_bottleneck_ratios,) * 5\n        if type(up_dense_num_layers) == int:\n            up_dense_num_layers = (up_dense_num_layers,) * 5\n",
        "source_code_len": 944,
        "target_code": "\n        if type(down_dense_growth_rates) is int:\n            down_dense_growth_rates = (down_dense_growth_rates,) * 5\n        if down_dense_bottleneck_ratios is None or type(down_dense_bottleneck_ratios) is int:\n            down_dense_bottleneck_ratios = (down_dense_bottleneck_ratios,) * 5\n        if type(down_dense_num_layers) is int:\n            down_dense_num_layers = (down_dense_num_layers,) * 5\n        if type(down_transition_compression_factors) is float:\n            down_transition_compression_factors = (down_transition_compression_factors,) * 5\n\n        if type(up_dense_growth_rates) is int:\n            up_dense_growth_rates = (up_dense_growth_rates,) * 5\n        if up_dense_bottleneck_ratios is None or type(up_dense_bottleneck_ratios) is int:\n            up_dense_bottleneck_ratios = (up_dense_bottleneck_ratios,) * 5\n        if type(up_dense_num_layers) is int:\n            up_dense_num_layers = (up_dense_num_layers,) * 5\n",
        "target_code_len": 944,
        "diff_format": "@@ -45,16 +45,16 @@\n \n-        if type(down_dense_growth_rates) == int:\n+        if type(down_dense_growth_rates) is int:\n             down_dense_growth_rates = (down_dense_growth_rates,) * 5\n-        if down_dense_bottleneck_ratios is None or type(down_dense_bottleneck_ratios) == int:\n+        if down_dense_bottleneck_ratios is None or type(down_dense_bottleneck_ratios) is int:\n             down_dense_bottleneck_ratios = (down_dense_bottleneck_ratios,) * 5\n-        if type(down_dense_num_layers) == int:\n+        if type(down_dense_num_layers) is int:\n             down_dense_num_layers = (down_dense_num_layers,) * 5\n-        if type(down_transition_compression_factors) == float:\n+        if type(down_transition_compression_factors) is float:\n             down_transition_compression_factors = (down_transition_compression_factors,) * 5\n \n-        if type(up_dense_growth_rates) == int:\n+        if type(up_dense_growth_rates) is int:\n             up_dense_growth_rates = (up_dense_growth_rates,) * 5\n-        if up_dense_bottleneck_ratios is None or type(up_dense_bottleneck_ratios) == int:\n+        if up_dense_bottleneck_ratios is None or type(up_dense_bottleneck_ratios) is int:\n             up_dense_bottleneck_ratios = (up_dense_bottleneck_ratios,) * 5\n-        if type(up_dense_num_layers) == int:\n+        if type(up_dense_num_layers) is int:\n             up_dense_num_layers = (up_dense_num_layers,) * 5\n",
        "source_code_with_indent": "\n        if type(down_dense_growth_rates) == int:\n            <IND>down_dense_growth_rates = (down_dense_growth_rates,) * 5\n        <DED>if down_dense_bottleneck_ratios is None or type(down_dense_bottleneck_ratios) == int:\n            <IND>down_dense_bottleneck_ratios = (down_dense_bottleneck_ratios,) * 5\n        <DED>if type(down_dense_num_layers) == int:\n            <IND>down_dense_num_layers = (down_dense_num_layers,) * 5\n        <DED>if type(down_transition_compression_factors) == float:\n            <IND>down_transition_compression_factors = (down_transition_compression_factors,) * 5\n\n        <DED>if type(up_dense_growth_rates) == int:\n            <IND>up_dense_growth_rates = (up_dense_growth_rates,) * 5\n        <DED>if up_dense_bottleneck_ratios is None or type(up_dense_bottleneck_ratios) == int:\n            <IND>up_dense_bottleneck_ratios = (up_dense_bottleneck_ratios,) * 5\n        <DED>if type(up_dense_num_layers) == int:\n            <IND>up_dense_num_layers = (up_dense_num_layers,) * 5\n",
        "source_code_with_indent_exact_match": true,
        "target_code_with_indent": "\n        if type(down_dense_growth_rates) is int:\n            <IND>down_dense_growth_rates = (down_dense_growth_rates,) * 5\n        <DED>if down_dense_bottleneck_ratios is None or type(down_dense_bottleneck_ratios) is int:\n            <IND>down_dense_bottleneck_ratios = (down_dense_bottleneck_ratios,) * 5\n        <DED>if type(down_dense_num_layers) is int:\n            <IND>down_dense_num_layers = (down_dense_num_layers,) * 5\n        <DED>if type(down_transition_compression_factors) is float:\n            <IND>down_transition_compression_factors = (down_transition_compression_factors,) * 5\n\n        <DED>if type(up_dense_growth_rates) is int:\n            <IND>up_dense_growth_rates = (up_dense_growth_rates,) * 5\n        <DED>if up_dense_bottleneck_ratios is None or type(up_dense_bottleneck_ratios) is int:\n            <IND>up_dense_bottleneck_ratios = (up_dense_bottleneck_ratios,) * 5\n        <DED>if type(up_dense_num_layers) is int:\n            <IND>up_dense_num_layers = (up_dense_num_layers,) * 5\n",
        "target_code_with_indent_exact_match": true
      }
    ]
  },
  {
    "project": "achaiah/pywick",
    "commit": "ce5a2a2dcee8cf7e1bb7cbc83cce636b697fd841",
    "filename": "pywick/models/segmentation/testnets/fc_densenet.py",
    "filename_after_commit": "/home/chowyi/TypeAnnotation_Study/GitHub/achaiah-pywick/pywick/models/segmentation/testnets/fc_densenet.py",
    "file_hunks_size": 1,
    "min_patch_found": true,
    "single_hunk": true,
    "fit_TFix": false,
    "delete_only_patch": false,
    "has_suppression_all_hunks": false,
    "full_warning_msg": "pywick/models/segmentation/testnets/fc_densenet.py:82:41 Incompatible parameter type [6]: Expected `typing.Iterable[Variable[_T2]]` for 2nd positional only parameter to call `zip.__new__` but got `Union[Sequence[int], int]`.",
    "message": " Expected `typing.Iterable[Variable[_T2]]` for 2nd positional only parameter to call `zip.__new__` but got `Union[Sequence[int], int]`.",
    "rule_id": "Incompatible parameter type [6]",
    "warning_line_no": 82,
    "warning_line": "            zip(down_dense_growth_rates, down_dense_num_layers, down_dense_bottleneck_ratios)",
    "min_patch": [
      {
        "hunk_fit_TFix": false,
        "inside_window": false,
        "delete_only": false,
        "has_suppression": false,
        "source_code": "\n        if type(down_dense_growth_rates) == int:\n            down_dense_growth_rates = (down_dense_growth_rates,) * 5\n        if down_dense_bottleneck_ratios is None or type(down_dense_bottleneck_ratios) == int:\n            down_dense_bottleneck_ratios = (down_dense_bottleneck_ratios,) * 5\n        if type(down_dense_num_layers) == int:\n            down_dense_num_layers = (down_dense_num_layers,) * 5\n        if type(down_transition_compression_factors) == float:\n            down_transition_compression_factors = (down_transition_compression_factors,) * 5\n\n        if type(up_dense_growth_rates) == int:\n            up_dense_growth_rates = (up_dense_growth_rates,) * 5\n        if up_dense_bottleneck_ratios is None or type(up_dense_bottleneck_ratios) == int:\n            up_dense_bottleneck_ratios = (up_dense_bottleneck_ratios,) * 5\n        if type(up_dense_num_layers) == int:\n            up_dense_num_layers = (up_dense_num_layers,) * 5\n",
        "source_code_len": 944,
        "target_code": "\n        if type(down_dense_growth_rates) is int:\n            down_dense_growth_rates = (down_dense_growth_rates,) * 5\n        if down_dense_bottleneck_ratios is None or type(down_dense_bottleneck_ratios) is int:\n            down_dense_bottleneck_ratios = (down_dense_bottleneck_ratios,) * 5\n        if type(down_dense_num_layers) is int:\n            down_dense_num_layers = (down_dense_num_layers,) * 5\n        if type(down_transition_compression_factors) is float:\n            down_transition_compression_factors = (down_transition_compression_factors,) * 5\n\n        if type(up_dense_growth_rates) is int:\n            up_dense_growth_rates = (up_dense_growth_rates,) * 5\n        if up_dense_bottleneck_ratios is None or type(up_dense_bottleneck_ratios) is int:\n            up_dense_bottleneck_ratios = (up_dense_bottleneck_ratios,) * 5\n        if type(up_dense_num_layers) is int:\n            up_dense_num_layers = (up_dense_num_layers,) * 5\n",
        "target_code_len": 944,
        "diff_format": "@@ -45,16 +45,16 @@\n \n-        if type(down_dense_growth_rates) == int:\n+        if type(down_dense_growth_rates) is int:\n             down_dense_growth_rates = (down_dense_growth_rates,) * 5\n-        if down_dense_bottleneck_ratios is None or type(down_dense_bottleneck_ratios) == int:\n+        if down_dense_bottleneck_ratios is None or type(down_dense_bottleneck_ratios) is int:\n             down_dense_bottleneck_ratios = (down_dense_bottleneck_ratios,) * 5\n-        if type(down_dense_num_layers) == int:\n+        if type(down_dense_num_layers) is int:\n             down_dense_num_layers = (down_dense_num_layers,) * 5\n-        if type(down_transition_compression_factors) == float:\n+        if type(down_transition_compression_factors) is float:\n             down_transition_compression_factors = (down_transition_compression_factors,) * 5\n \n-        if type(up_dense_growth_rates) == int:\n+        if type(up_dense_growth_rates) is int:\n             up_dense_growth_rates = (up_dense_growth_rates,) * 5\n-        if up_dense_bottleneck_ratios is None or type(up_dense_bottleneck_ratios) == int:\n+        if up_dense_bottleneck_ratios is None or type(up_dense_bottleneck_ratios) is int:\n             up_dense_bottleneck_ratios = (up_dense_bottleneck_ratios,) * 5\n-        if type(up_dense_num_layers) == int:\n+        if type(up_dense_num_layers) is int:\n             up_dense_num_layers = (up_dense_num_layers,) * 5\n",
        "source_code_with_indent": "\n        if type(down_dense_growth_rates) == int:\n            <IND>down_dense_growth_rates = (down_dense_growth_rates,) * 5\n        <DED>if down_dense_bottleneck_ratios is None or type(down_dense_bottleneck_ratios) == int:\n            <IND>down_dense_bottleneck_ratios = (down_dense_bottleneck_ratios,) * 5\n        <DED>if type(down_dense_num_layers) == int:\n            <IND>down_dense_num_layers = (down_dense_num_layers,) * 5\n        <DED>if type(down_transition_compression_factors) == float:\n            <IND>down_transition_compression_factors = (down_transition_compression_factors,) * 5\n\n        <DED>if type(up_dense_growth_rates) == int:\n            <IND>up_dense_growth_rates = (up_dense_growth_rates,) * 5\n        <DED>if up_dense_bottleneck_ratios is None or type(up_dense_bottleneck_ratios) == int:\n            <IND>up_dense_bottleneck_ratios = (up_dense_bottleneck_ratios,) * 5\n        <DED>if type(up_dense_num_layers) == int:\n            <IND>up_dense_num_layers = (up_dense_num_layers,) * 5\n",
        "source_code_with_indent_exact_match": true,
        "target_code_with_indent": "\n        if type(down_dense_growth_rates) is int:\n            <IND>down_dense_growth_rates = (down_dense_growth_rates,) * 5\n        <DED>if down_dense_bottleneck_ratios is None or type(down_dense_bottleneck_ratios) is int:\n            <IND>down_dense_bottleneck_ratios = (down_dense_bottleneck_ratios,) * 5\n        <DED>if type(down_dense_num_layers) is int:\n            <IND>down_dense_num_layers = (down_dense_num_layers,) * 5\n        <DED>if type(down_transition_compression_factors) is float:\n            <IND>down_transition_compression_factors = (down_transition_compression_factors,) * 5\n\n        <DED>if type(up_dense_growth_rates) is int:\n            <IND>up_dense_growth_rates = (up_dense_growth_rates,) * 5\n        <DED>if up_dense_bottleneck_ratios is None or type(up_dense_bottleneck_ratios) is int:\n            <IND>up_dense_bottleneck_ratios = (up_dense_bottleneck_ratios,) * 5\n        <DED>if type(up_dense_num_layers) is int:\n            <IND>up_dense_num_layers = (up_dense_num_layers,) * 5\n",
        "target_code_with_indent_exact_match": true
      }
    ]
  },
  {
    "project": "achaiah/pywick",
    "commit": "ce5a2a2dcee8cf7e1bb7cbc83cce636b697fd841",
    "filename": "pywick/models/segmentation/testnets/fc_densenet.py",
    "filename_after_commit": "/home/chowyi/TypeAnnotation_Study/GitHub/achaiah-pywick/pywick/models/segmentation/testnets/fc_densenet.py",
    "file_hunks_size": 1,
    "min_patch_found": true,
    "single_hunk": true,
    "fit_TFix": false,
    "delete_only_patch": false,
    "has_suppression_all_hunks": false,
    "full_warning_msg": "pywick/models/segmentation/testnets/fc_densenet.py:82:64 Incompatible parameter type [6]: Expected `typing.Iterable[Variable[_T3]]` for 3rd positional only parameter to call `zip.__new__` but got `Union[None, Sequence[Optional[int]], int]`.",
    "message": " Expected `typing.Iterable[Variable[_T3]]` for 3rd positional only parameter to call `zip.__new__` but got `Union[None, Sequence[Optional[int]], int]`.",
    "rule_id": "Incompatible parameter type [6]",
    "warning_line_no": 82,
    "warning_line": "            zip(down_dense_growth_rates, down_dense_num_layers, down_dense_bottleneck_ratios)",
    "min_patch": [
      {
        "hunk_fit_TFix": false,
        "inside_window": false,
        "delete_only": false,
        "has_suppression": false,
        "source_code": "\n        if type(down_dense_growth_rates) == int:\n            down_dense_growth_rates = (down_dense_growth_rates,) * 5\n        if down_dense_bottleneck_ratios is None or type(down_dense_bottleneck_ratios) == int:\n            down_dense_bottleneck_ratios = (down_dense_bottleneck_ratios,) * 5\n        if type(down_dense_num_layers) == int:\n            down_dense_num_layers = (down_dense_num_layers,) * 5\n        if type(down_transition_compression_factors) == float:\n            down_transition_compression_factors = (down_transition_compression_factors,) * 5\n\n        if type(up_dense_growth_rates) == int:\n            up_dense_growth_rates = (up_dense_growth_rates,) * 5\n        if up_dense_bottleneck_ratios is None or type(up_dense_bottleneck_ratios) == int:\n            up_dense_bottleneck_ratios = (up_dense_bottleneck_ratios,) * 5\n        if type(up_dense_num_layers) == int:\n            up_dense_num_layers = (up_dense_num_layers,) * 5\n",
        "source_code_len": 944,
        "target_code": "\n        if type(down_dense_growth_rates) is int:\n            down_dense_growth_rates = (down_dense_growth_rates,) * 5\n        if down_dense_bottleneck_ratios is None or type(down_dense_bottleneck_ratios) is int:\n            down_dense_bottleneck_ratios = (down_dense_bottleneck_ratios,) * 5\n        if type(down_dense_num_layers) is int:\n            down_dense_num_layers = (down_dense_num_layers,) * 5\n        if type(down_transition_compression_factors) is float:\n            down_transition_compression_factors = (down_transition_compression_factors,) * 5\n\n        if type(up_dense_growth_rates) is int:\n            up_dense_growth_rates = (up_dense_growth_rates,) * 5\n        if up_dense_bottleneck_ratios is None or type(up_dense_bottleneck_ratios) is int:\n            up_dense_bottleneck_ratios = (up_dense_bottleneck_ratios,) * 5\n        if type(up_dense_num_layers) is int:\n            up_dense_num_layers = (up_dense_num_layers,) * 5\n",
        "target_code_len": 944,
        "diff_format": "@@ -45,16 +45,16 @@\n \n-        if type(down_dense_growth_rates) == int:\n+        if type(down_dense_growth_rates) is int:\n             down_dense_growth_rates = (down_dense_growth_rates,) * 5\n-        if down_dense_bottleneck_ratios is None or type(down_dense_bottleneck_ratios) == int:\n+        if down_dense_bottleneck_ratios is None or type(down_dense_bottleneck_ratios) is int:\n             down_dense_bottleneck_ratios = (down_dense_bottleneck_ratios,) * 5\n-        if type(down_dense_num_layers) == int:\n+        if type(down_dense_num_layers) is int:\n             down_dense_num_layers = (down_dense_num_layers,) * 5\n-        if type(down_transition_compression_factors) == float:\n+        if type(down_transition_compression_factors) is float:\n             down_transition_compression_factors = (down_transition_compression_factors,) * 5\n \n-        if type(up_dense_growth_rates) == int:\n+        if type(up_dense_growth_rates) is int:\n             up_dense_growth_rates = (up_dense_growth_rates,) * 5\n-        if up_dense_bottleneck_ratios is None or type(up_dense_bottleneck_ratios) == int:\n+        if up_dense_bottleneck_ratios is None or type(up_dense_bottleneck_ratios) is int:\n             up_dense_bottleneck_ratios = (up_dense_bottleneck_ratios,) * 5\n-        if type(up_dense_num_layers) == int:\n+        if type(up_dense_num_layers) is int:\n             up_dense_num_layers = (up_dense_num_layers,) * 5\n",
        "source_code_with_indent": "\n        if type(down_dense_growth_rates) == int:\n            <IND>down_dense_growth_rates = (down_dense_growth_rates,) * 5\n        <DED>if down_dense_bottleneck_ratios is None or type(down_dense_bottleneck_ratios) == int:\n            <IND>down_dense_bottleneck_ratios = (down_dense_bottleneck_ratios,) * 5\n        <DED>if type(down_dense_num_layers) == int:\n            <IND>down_dense_num_layers = (down_dense_num_layers,) * 5\n        <DED>if type(down_transition_compression_factors) == float:\n            <IND>down_transition_compression_factors = (down_transition_compression_factors,) * 5\n\n        <DED>if type(up_dense_growth_rates) == int:\n            <IND>up_dense_growth_rates = (up_dense_growth_rates,) * 5\n        <DED>if up_dense_bottleneck_ratios is None or type(up_dense_bottleneck_ratios) == int:\n            <IND>up_dense_bottleneck_ratios = (up_dense_bottleneck_ratios,) * 5\n        <DED>if type(up_dense_num_layers) == int:\n            <IND>up_dense_num_layers = (up_dense_num_layers,) * 5\n",
        "source_code_with_indent_exact_match": true,
        "target_code_with_indent": "\n        if type(down_dense_growth_rates) is int:\n            <IND>down_dense_growth_rates = (down_dense_growth_rates,) * 5\n        <DED>if down_dense_bottleneck_ratios is None or type(down_dense_bottleneck_ratios) is int:\n            <IND>down_dense_bottleneck_ratios = (down_dense_bottleneck_ratios,) * 5\n        <DED>if type(down_dense_num_layers) is int:\n            <IND>down_dense_num_layers = (down_dense_num_layers,) * 5\n        <DED>if type(down_transition_compression_factors) is float:\n            <IND>down_transition_compression_factors = (down_transition_compression_factors,) * 5\n\n        <DED>if type(up_dense_growth_rates) is int:\n            <IND>up_dense_growth_rates = (up_dense_growth_rates,) * 5\n        <DED>if up_dense_bottleneck_ratios is None or type(up_dense_bottleneck_ratios) is int:\n            <IND>up_dense_bottleneck_ratios = (up_dense_bottleneck_ratios,) * 5\n        <DED>if type(up_dense_num_layers) is int:\n            <IND>up_dense_num_layers = (up_dense_num_layers,) * 5\n",
        "target_code_with_indent_exact_match": true
      }
    ]
  },
  {
    "project": "achaiah/pywick",
    "commit": "ce5a2a2dcee8cf7e1bb7cbc83cce636b697fd841",
    "filename": "pywick/models/segmentation/testnets/fc_densenet.py",
    "filename_after_commit": "/home/chowyi/TypeAnnotation_Study/GitHub/achaiah-pywick/pywick/models/segmentation/testnets/fc_densenet.py",
    "file_hunks_size": 1,
    "min_patch_found": true,
    "single_hunk": true,
    "fit_TFix": false,
    "delete_only_patch": false,
    "has_suppression_all_hunks": false,
    "full_warning_msg": "pywick/models/segmentation/testnets/fc_densenet.py:139:16 Incompatible parameter type [6]: Expected `typing.Iterable[Variable[_T1]]` for 1st positional only parameter to call `zip.__new__` but got `Union[Sequence[int], int]`.",
    "message": " Expected `typing.Iterable[Variable[_T1]]` for 1st positional only parameter to call `zip.__new__` but got `Union[Sequence[int], int]`.",
    "rule_id": "Incompatible parameter type [6]",
    "warning_line_no": 139,
    "warning_line": "            zip(up_dense_growth_rates, up_dense_num_layers, up_dense_bottleneck_ratios)",
    "min_patch": [
      {
        "hunk_fit_TFix": false,
        "inside_window": false,
        "delete_only": false,
        "has_suppression": false,
        "source_code": "\n        if type(down_dense_growth_rates) == int:\n            down_dense_growth_rates = (down_dense_growth_rates,) * 5\n        if down_dense_bottleneck_ratios is None or type(down_dense_bottleneck_ratios) == int:\n            down_dense_bottleneck_ratios = (down_dense_bottleneck_ratios,) * 5\n        if type(down_dense_num_layers) == int:\n            down_dense_num_layers = (down_dense_num_layers,) * 5\n        if type(down_transition_compression_factors) == float:\n            down_transition_compression_factors = (down_transition_compression_factors,) * 5\n\n        if type(up_dense_growth_rates) == int:\n            up_dense_growth_rates = (up_dense_growth_rates,) * 5\n        if up_dense_bottleneck_ratios is None or type(up_dense_bottleneck_ratios) == int:\n            up_dense_bottleneck_ratios = (up_dense_bottleneck_ratios,) * 5\n        if type(up_dense_num_layers) == int:\n            up_dense_num_layers = (up_dense_num_layers,) * 5\n",
        "source_code_len": 944,
        "target_code": "\n        if type(down_dense_growth_rates) is int:\n            down_dense_growth_rates = (down_dense_growth_rates,) * 5\n        if down_dense_bottleneck_ratios is None or type(down_dense_bottleneck_ratios) is int:\n            down_dense_bottleneck_ratios = (down_dense_bottleneck_ratios,) * 5\n        if type(down_dense_num_layers) is int:\n            down_dense_num_layers = (down_dense_num_layers,) * 5\n        if type(down_transition_compression_factors) is float:\n            down_transition_compression_factors = (down_transition_compression_factors,) * 5\n\n        if type(up_dense_growth_rates) is int:\n            up_dense_growth_rates = (up_dense_growth_rates,) * 5\n        if up_dense_bottleneck_ratios is None or type(up_dense_bottleneck_ratios) is int:\n            up_dense_bottleneck_ratios = (up_dense_bottleneck_ratios,) * 5\n        if type(up_dense_num_layers) is int:\n            up_dense_num_layers = (up_dense_num_layers,) * 5\n",
        "target_code_len": 944,
        "diff_format": "@@ -45,16 +45,16 @@\n \n-        if type(down_dense_growth_rates) == int:\n+        if type(down_dense_growth_rates) is int:\n             down_dense_growth_rates = (down_dense_growth_rates,) * 5\n-        if down_dense_bottleneck_ratios is None or type(down_dense_bottleneck_ratios) == int:\n+        if down_dense_bottleneck_ratios is None or type(down_dense_bottleneck_ratios) is int:\n             down_dense_bottleneck_ratios = (down_dense_bottleneck_ratios,) * 5\n-        if type(down_dense_num_layers) == int:\n+        if type(down_dense_num_layers) is int:\n             down_dense_num_layers = (down_dense_num_layers,) * 5\n-        if type(down_transition_compression_factors) == float:\n+        if type(down_transition_compression_factors) is float:\n             down_transition_compression_factors = (down_transition_compression_factors,) * 5\n \n-        if type(up_dense_growth_rates) == int:\n+        if type(up_dense_growth_rates) is int:\n             up_dense_growth_rates = (up_dense_growth_rates,) * 5\n-        if up_dense_bottleneck_ratios is None or type(up_dense_bottleneck_ratios) == int:\n+        if up_dense_bottleneck_ratios is None or type(up_dense_bottleneck_ratios) is int:\n             up_dense_bottleneck_ratios = (up_dense_bottleneck_ratios,) * 5\n-        if type(up_dense_num_layers) == int:\n+        if type(up_dense_num_layers) is int:\n             up_dense_num_layers = (up_dense_num_layers,) * 5\n",
        "source_code_with_indent": "\n        if type(down_dense_growth_rates) == int:\n            <IND>down_dense_growth_rates = (down_dense_growth_rates,) * 5\n        <DED>if down_dense_bottleneck_ratios is None or type(down_dense_bottleneck_ratios) == int:\n            <IND>down_dense_bottleneck_ratios = (down_dense_bottleneck_ratios,) * 5\n        <DED>if type(down_dense_num_layers) == int:\n            <IND>down_dense_num_layers = (down_dense_num_layers,) * 5\n        <DED>if type(down_transition_compression_factors) == float:\n            <IND>down_transition_compression_factors = (down_transition_compression_factors,) * 5\n\n        <DED>if type(up_dense_growth_rates) == int:\n            <IND>up_dense_growth_rates = (up_dense_growth_rates,) * 5\n        <DED>if up_dense_bottleneck_ratios is None or type(up_dense_bottleneck_ratios) == int:\n            <IND>up_dense_bottleneck_ratios = (up_dense_bottleneck_ratios,) * 5\n        <DED>if type(up_dense_num_layers) == int:\n            <IND>up_dense_num_layers = (up_dense_num_layers,) * 5\n",
        "source_code_with_indent_exact_match": true,
        "target_code_with_indent": "\n        if type(down_dense_growth_rates) is int:\n            <IND>down_dense_growth_rates = (down_dense_growth_rates,) * 5\n        <DED>if down_dense_bottleneck_ratios is None or type(down_dense_bottleneck_ratios) is int:\n            <IND>down_dense_bottleneck_ratios = (down_dense_bottleneck_ratios,) * 5\n        <DED>if type(down_dense_num_layers) is int:\n            <IND>down_dense_num_layers = (down_dense_num_layers,) * 5\n        <DED>if type(down_transition_compression_factors) is float:\n            <IND>down_transition_compression_factors = (down_transition_compression_factors,) * 5\n\n        <DED>if type(up_dense_growth_rates) is int:\n            <IND>up_dense_growth_rates = (up_dense_growth_rates,) * 5\n        <DED>if up_dense_bottleneck_ratios is None or type(up_dense_bottleneck_ratios) is int:\n            <IND>up_dense_bottleneck_ratios = (up_dense_bottleneck_ratios,) * 5\n        <DED>if type(up_dense_num_layers) is int:\n            <IND>up_dense_num_layers = (up_dense_num_layers,) * 5\n",
        "target_code_with_indent_exact_match": true
      }
    ]
  },
  {
    "project": "achaiah/pywick",
    "commit": "ce5a2a2dcee8cf7e1bb7cbc83cce636b697fd841",
    "filename": "pywick/models/segmentation/testnets/fc_densenet.py",
    "filename_after_commit": "/home/chowyi/TypeAnnotation_Study/GitHub/achaiah-pywick/pywick/models/segmentation/testnets/fc_densenet.py",
    "file_hunks_size": 1,
    "min_patch_found": true,
    "single_hunk": true,
    "fit_TFix": false,
    "delete_only_patch": false,
    "has_suppression_all_hunks": false,
    "full_warning_msg": "pywick/models/segmentation/testnets/fc_densenet.py:139:39 Incompatible parameter type [6]: Expected `typing.Iterable[Variable[_T2]]` for 2nd positional only parameter to call `zip.__new__` but got `Union[Sequence[int], int]`.",
    "message": " Expected `typing.Iterable[Variable[_T2]]` for 2nd positional only parameter to call `zip.__new__` but got `Union[Sequence[int], int]`.",
    "rule_id": "Incompatible parameter type [6]",
    "warning_line_no": 139,
    "warning_line": "            zip(up_dense_growth_rates, up_dense_num_layers, up_dense_bottleneck_ratios)",
    "min_patch": [
      {
        "hunk_fit_TFix": false,
        "inside_window": false,
        "delete_only": false,
        "has_suppression": false,
        "source_code": "\n        if type(down_dense_growth_rates) == int:\n            down_dense_growth_rates = (down_dense_growth_rates,) * 5\n        if down_dense_bottleneck_ratios is None or type(down_dense_bottleneck_ratios) == int:\n            down_dense_bottleneck_ratios = (down_dense_bottleneck_ratios,) * 5\n        if type(down_dense_num_layers) == int:\n            down_dense_num_layers = (down_dense_num_layers,) * 5\n        if type(down_transition_compression_factors) == float:\n            down_transition_compression_factors = (down_transition_compression_factors,) * 5\n\n        if type(up_dense_growth_rates) == int:\n            up_dense_growth_rates = (up_dense_growth_rates,) * 5\n        if up_dense_bottleneck_ratios is None or type(up_dense_bottleneck_ratios) == int:\n            up_dense_bottleneck_ratios = (up_dense_bottleneck_ratios,) * 5\n        if type(up_dense_num_layers) == int:\n            up_dense_num_layers = (up_dense_num_layers,) * 5\n",
        "source_code_len": 944,
        "target_code": "\n        if type(down_dense_growth_rates) is int:\n            down_dense_growth_rates = (down_dense_growth_rates,) * 5\n        if down_dense_bottleneck_ratios is None or type(down_dense_bottleneck_ratios) is int:\n            down_dense_bottleneck_ratios = (down_dense_bottleneck_ratios,) * 5\n        if type(down_dense_num_layers) is int:\n            down_dense_num_layers = (down_dense_num_layers,) * 5\n        if type(down_transition_compression_factors) is float:\n            down_transition_compression_factors = (down_transition_compression_factors,) * 5\n\n        if type(up_dense_growth_rates) is int:\n            up_dense_growth_rates = (up_dense_growth_rates,) * 5\n        if up_dense_bottleneck_ratios is None or type(up_dense_bottleneck_ratios) is int:\n            up_dense_bottleneck_ratios = (up_dense_bottleneck_ratios,) * 5\n        if type(up_dense_num_layers) is int:\n            up_dense_num_layers = (up_dense_num_layers,) * 5\n",
        "target_code_len": 944,
        "diff_format": "@@ -45,16 +45,16 @@\n \n-        if type(down_dense_growth_rates) == int:\n+        if type(down_dense_growth_rates) is int:\n             down_dense_growth_rates = (down_dense_growth_rates,) * 5\n-        if down_dense_bottleneck_ratios is None or type(down_dense_bottleneck_ratios) == int:\n+        if down_dense_bottleneck_ratios is None or type(down_dense_bottleneck_ratios) is int:\n             down_dense_bottleneck_ratios = (down_dense_bottleneck_ratios,) * 5\n-        if type(down_dense_num_layers) == int:\n+        if type(down_dense_num_layers) is int:\n             down_dense_num_layers = (down_dense_num_layers,) * 5\n-        if type(down_transition_compression_factors) == float:\n+        if type(down_transition_compression_factors) is float:\n             down_transition_compression_factors = (down_transition_compression_factors,) * 5\n \n-        if type(up_dense_growth_rates) == int:\n+        if type(up_dense_growth_rates) is int:\n             up_dense_growth_rates = (up_dense_growth_rates,) * 5\n-        if up_dense_bottleneck_ratios is None or type(up_dense_bottleneck_ratios) == int:\n+        if up_dense_bottleneck_ratios is None or type(up_dense_bottleneck_ratios) is int:\n             up_dense_bottleneck_ratios = (up_dense_bottleneck_ratios,) * 5\n-        if type(up_dense_num_layers) == int:\n+        if type(up_dense_num_layers) is int:\n             up_dense_num_layers = (up_dense_num_layers,) * 5\n",
        "source_code_with_indent": "\n        if type(down_dense_growth_rates) == int:\n            <IND>down_dense_growth_rates = (down_dense_growth_rates,) * 5\n        <DED>if down_dense_bottleneck_ratios is None or type(down_dense_bottleneck_ratios) == int:\n            <IND>down_dense_bottleneck_ratios = (down_dense_bottleneck_ratios,) * 5\n        <DED>if type(down_dense_num_layers) == int:\n            <IND>down_dense_num_layers = (down_dense_num_layers,) * 5\n        <DED>if type(down_transition_compression_factors) == float:\n            <IND>down_transition_compression_factors = (down_transition_compression_factors,) * 5\n\n        <DED>if type(up_dense_growth_rates) == int:\n            <IND>up_dense_growth_rates = (up_dense_growth_rates,) * 5\n        <DED>if up_dense_bottleneck_ratios is None or type(up_dense_bottleneck_ratios) == int:\n            <IND>up_dense_bottleneck_ratios = (up_dense_bottleneck_ratios,) * 5\n        <DED>if type(up_dense_num_layers) == int:\n            <IND>up_dense_num_layers = (up_dense_num_layers,) * 5\n",
        "source_code_with_indent_exact_match": true,
        "target_code_with_indent": "\n        if type(down_dense_growth_rates) is int:\n            <IND>down_dense_growth_rates = (down_dense_growth_rates,) * 5\n        <DED>if down_dense_bottleneck_ratios is None or type(down_dense_bottleneck_ratios) is int:\n            <IND>down_dense_bottleneck_ratios = (down_dense_bottleneck_ratios,) * 5\n        <DED>if type(down_dense_num_layers) is int:\n            <IND>down_dense_num_layers = (down_dense_num_layers,) * 5\n        <DED>if type(down_transition_compression_factors) is float:\n            <IND>down_transition_compression_factors = (down_transition_compression_factors,) * 5\n\n        <DED>if type(up_dense_growth_rates) is int:\n            <IND>up_dense_growth_rates = (up_dense_growth_rates,) * 5\n        <DED>if up_dense_bottleneck_ratios is None or type(up_dense_bottleneck_ratios) is int:\n            <IND>up_dense_bottleneck_ratios = (up_dense_bottleneck_ratios,) * 5\n        <DED>if type(up_dense_num_layers) is int:\n            <IND>up_dense_num_layers = (up_dense_num_layers,) * 5\n",
        "target_code_with_indent_exact_match": true
      }
    ]
  },
  {
    "project": "achaiah/pywick",
    "commit": "ce5a2a2dcee8cf7e1bb7cbc83cce636b697fd841",
    "filename": "pywick/models/segmentation/testnets/fc_densenet.py",
    "filename_after_commit": "/home/chowyi/TypeAnnotation_Study/GitHub/achaiah-pywick/pywick/models/segmentation/testnets/fc_densenet.py",
    "file_hunks_size": 1,
    "min_patch_found": true,
    "single_hunk": true,
    "fit_TFix": false,
    "delete_only_patch": false,
    "has_suppression_all_hunks": false,
    "full_warning_msg": "pywick/models/segmentation/testnets/fc_densenet.py:139:60 Incompatible parameter type [6]: Expected `typing.Iterable[Variable[_T3]]` for 3rd positional only parameter to call `zip.__new__` but got `Union[None, Sequence[Optional[int]], int]`.",
    "message": " Expected `typing.Iterable[Variable[_T3]]` for 3rd positional only parameter to call `zip.__new__` but got `Union[None, Sequence[Optional[int]], int]`.",
    "rule_id": "Incompatible parameter type [6]",
    "warning_line_no": 139,
    "warning_line": "            zip(up_dense_growth_rates, up_dense_num_layers, up_dense_bottleneck_ratios)",
    "min_patch": [
      {
        "hunk_fit_TFix": false,
        "inside_window": false,
        "delete_only": false,
        "has_suppression": false,
        "source_code": "\n        if type(down_dense_growth_rates) == int:\n            down_dense_growth_rates = (down_dense_growth_rates,) * 5\n        if down_dense_bottleneck_ratios is None or type(down_dense_bottleneck_ratios) == int:\n            down_dense_bottleneck_ratios = (down_dense_bottleneck_ratios,) * 5\n        if type(down_dense_num_layers) == int:\n            down_dense_num_layers = (down_dense_num_layers,) * 5\n        if type(down_transition_compression_factors) == float:\n            down_transition_compression_factors = (down_transition_compression_factors,) * 5\n\n        if type(up_dense_growth_rates) == int:\n            up_dense_growth_rates = (up_dense_growth_rates,) * 5\n        if up_dense_bottleneck_ratios is None or type(up_dense_bottleneck_ratios) == int:\n            up_dense_bottleneck_ratios = (up_dense_bottleneck_ratios,) * 5\n        if type(up_dense_num_layers) == int:\n            up_dense_num_layers = (up_dense_num_layers,) * 5\n",
        "source_code_len": 944,
        "target_code": "\n        if type(down_dense_growth_rates) is int:\n            down_dense_growth_rates = (down_dense_growth_rates,) * 5\n        if down_dense_bottleneck_ratios is None or type(down_dense_bottleneck_ratios) is int:\n            down_dense_bottleneck_ratios = (down_dense_bottleneck_ratios,) * 5\n        if type(down_dense_num_layers) is int:\n            down_dense_num_layers = (down_dense_num_layers,) * 5\n        if type(down_transition_compression_factors) is float:\n            down_transition_compression_factors = (down_transition_compression_factors,) * 5\n\n        if type(up_dense_growth_rates) is int:\n            up_dense_growth_rates = (up_dense_growth_rates,) * 5\n        if up_dense_bottleneck_ratios is None or type(up_dense_bottleneck_ratios) is int:\n            up_dense_bottleneck_ratios = (up_dense_bottleneck_ratios,) * 5\n        if type(up_dense_num_layers) is int:\n            up_dense_num_layers = (up_dense_num_layers,) * 5\n",
        "target_code_len": 944,
        "diff_format": "@@ -45,16 +45,16 @@\n \n-        if type(down_dense_growth_rates) == int:\n+        if type(down_dense_growth_rates) is int:\n             down_dense_growth_rates = (down_dense_growth_rates,) * 5\n-        if down_dense_bottleneck_ratios is None or type(down_dense_bottleneck_ratios) == int:\n+        if down_dense_bottleneck_ratios is None or type(down_dense_bottleneck_ratios) is int:\n             down_dense_bottleneck_ratios = (down_dense_bottleneck_ratios,) * 5\n-        if type(down_dense_num_layers) == int:\n+        if type(down_dense_num_layers) is int:\n             down_dense_num_layers = (down_dense_num_layers,) * 5\n-        if type(down_transition_compression_factors) == float:\n+        if type(down_transition_compression_factors) is float:\n             down_transition_compression_factors = (down_transition_compression_factors,) * 5\n \n-        if type(up_dense_growth_rates) == int:\n+        if type(up_dense_growth_rates) is int:\n             up_dense_growth_rates = (up_dense_growth_rates,) * 5\n-        if up_dense_bottleneck_ratios is None or type(up_dense_bottleneck_ratios) == int:\n+        if up_dense_bottleneck_ratios is None or type(up_dense_bottleneck_ratios) is int:\n             up_dense_bottleneck_ratios = (up_dense_bottleneck_ratios,) * 5\n-        if type(up_dense_num_layers) == int:\n+        if type(up_dense_num_layers) is int:\n             up_dense_num_layers = (up_dense_num_layers,) * 5\n",
        "source_code_with_indent": "\n        if type(down_dense_growth_rates) == int:\n            <IND>down_dense_growth_rates = (down_dense_growth_rates,) * 5\n        <DED>if down_dense_bottleneck_ratios is None or type(down_dense_bottleneck_ratios) == int:\n            <IND>down_dense_bottleneck_ratios = (down_dense_bottleneck_ratios,) * 5\n        <DED>if type(down_dense_num_layers) == int:\n            <IND>down_dense_num_layers = (down_dense_num_layers,) * 5\n        <DED>if type(down_transition_compression_factors) == float:\n            <IND>down_transition_compression_factors = (down_transition_compression_factors,) * 5\n\n        <DED>if type(up_dense_growth_rates) == int:\n            <IND>up_dense_growth_rates = (up_dense_growth_rates,) * 5\n        <DED>if up_dense_bottleneck_ratios is None or type(up_dense_bottleneck_ratios) == int:\n            <IND>up_dense_bottleneck_ratios = (up_dense_bottleneck_ratios,) * 5\n        <DED>if type(up_dense_num_layers) == int:\n            <IND>up_dense_num_layers = (up_dense_num_layers,) * 5\n",
        "source_code_with_indent_exact_match": true,
        "target_code_with_indent": "\n        if type(down_dense_growth_rates) is int:\n            <IND>down_dense_growth_rates = (down_dense_growth_rates,) * 5\n        <DED>if down_dense_bottleneck_ratios is None or type(down_dense_bottleneck_ratios) is int:\n            <IND>down_dense_bottleneck_ratios = (down_dense_bottleneck_ratios,) * 5\n        <DED>if type(down_dense_num_layers) is int:\n            <IND>down_dense_num_layers = (down_dense_num_layers,) * 5\n        <DED>if type(down_transition_compression_factors) is float:\n            <IND>down_transition_compression_factors = (down_transition_compression_factors,) * 5\n\n        <DED>if type(up_dense_growth_rates) is int:\n            <IND>up_dense_growth_rates = (up_dense_growth_rates,) * 5\n        <DED>if up_dense_bottleneck_ratios is None or type(up_dense_bottleneck_ratios) is int:\n            <IND>up_dense_bottleneck_ratios = (up_dense_bottleneck_ratios,) * 5\n        <DED>if type(up_dense_num_layers) is int:\n            <IND>up_dense_num_layers = (up_dense_num_layers,) * 5\n",
        "target_code_with_indent_exact_match": true
      }
    ]
  }
]