[
  {
    "project": "Azure/azure-cli-extensions",
    "commit": "12fca0873ce466a0e113a82f12ab885de3a699ba",
    "filename": "src/k8s-extension/azext_k8s_extension/vendored_sdks/models/_models_py3.py",
    "filename_after_commit": "/home/chowyi/TypeAnnotation_Study/GitHub/Azure-azure-cli-extensions/src/k8s-extension/azext_k8s_extension/vendored_sdks/models/_models_py3.py",
    "file_hunks_size": 41,
    "min_patch_found": false,
    "single_hunk": false,
    "fit_TFix": false,
    "delete_only_patch": false,
    "has_suppression_all_hunks": false,
    "full_warning_msg": "src/k8s-extension/azext_k8s_extension/vendored_sdks/models/_models_py3.py:56:52 Incompatible variable type [9]: message is declared to have type `str` but is used as type `None`.",
    "message": " message is declared to have type `str` but is used as type `None`.",
    "rule_id": "Incompatible variable type [9]",
    "warning_line_no": 56,
    "warning_line": "    def __init__(self, *, last_config_applied=None, message: str=None, message_level=None, **kwargs) -> None:"
  },
  {
    "project": "Azure/azure-cli-extensions",
    "commit": "12fca0873ce466a0e113a82f12ab885de3a699ba",
    "filename": "src/k8s-extension/azext_k8s_extension/vendored_sdks/models/_models_py3.py",
    "filename_after_commit": "/home/chowyi/TypeAnnotation_Study/GitHub/Azure-azure-cli-extensions/src/k8s-extension/azext_k8s_extension/vendored_sdks/models/_models_py3.py",
    "file_hunks_size": 41,
    "min_patch_found": false,
    "single_hunk": false,
    "fit_TFix": false,
    "delete_only_patch": false,
    "has_suppression_all_hunks": false,
    "full_warning_msg": "src/k8s-extension/azext_k8s_extension/vendored_sdks/models/_models_py3.py:328:44 Incompatible variable type [9]: location is declared to have type `str` but is used as type `None`.",
    "message": " location is declared to have type `str` but is used as type `None`.",
    "rule_id": "Incompatible variable type [9]",
    "warning_line_no": 328,
    "warning_line": "    def __init__(self, *, system_data=None, location: str=None, extension_type: str=None, auto_upgrade_minor_version: bool=None, release_train: str=None, version: str=None, scope=None, configuration_settings=None, configuration_protected_settings=None, install_state=None, statuses=None, identity=None, **kwargs) -> None:"
  },
  {
    "project": "Azure/azure-cli-extensions",
    "commit": "12fca0873ce466a0e113a82f12ab885de3a699ba",
    "filename": "src/k8s-extension/azext_k8s_extension/vendored_sdks/models/_models_py3.py",
    "filename_after_commit": "/home/chowyi/TypeAnnotation_Study/GitHub/Azure-azure-cli-extensions/src/k8s-extension/azext_k8s_extension/vendored_sdks/models/_models_py3.py",
    "file_hunks_size": 41,
    "min_patch_found": false,
    "single_hunk": false,
    "fit_TFix": false,
    "delete_only_patch": false,
    "has_suppression_all_hunks": false,
    "full_warning_msg": "src/k8s-extension/azext_k8s_extension/vendored_sdks/models/_models_py3.py:328:64 Incompatible variable type [9]: extension_type is declared to have type `str` but is used as type `None`.",
    "message": " extension_type is declared to have type `str` but is used as type `None`.",
    "rule_id": "Incompatible variable type [9]",
    "warning_line_no": 328,
    "warning_line": "    def __init__(self, *, system_data=None, location: str=None, extension_type: str=None, auto_upgrade_minor_version: bool=None, release_train: str=None, version: str=None, scope=None, configuration_settings=None, configuration_protected_settings=None, install_state=None, statuses=None, identity=None, **kwargs) -> None:"
  },
  {
    "project": "Azure/azure-cli-extensions",
    "commit": "12fca0873ce466a0e113a82f12ab885de3a699ba",
    "filename": "src/k8s-extension/azext_k8s_extension/vendored_sdks/models/_models_py3.py",
    "filename_after_commit": "/home/chowyi/TypeAnnotation_Study/GitHub/Azure-azure-cli-extensions/src/k8s-extension/azext_k8s_extension/vendored_sdks/models/_models_py3.py",
    "file_hunks_size": 41,
    "min_patch_found": false,
    "single_hunk": false,
    "fit_TFix": false,
    "delete_only_patch": false,
    "has_suppression_all_hunks": false,
    "full_warning_msg": "src/k8s-extension/azext_k8s_extension/vendored_sdks/models/_models_py3.py:328:90 Incompatible variable type [9]: auto_upgrade_minor_version is declared to have type `bool` but is used as type `None`.",
    "message": " auto_upgrade_minor_version is declared to have type `bool` but is used as type `None`.",
    "rule_id": "Incompatible variable type [9]",
    "warning_line_no": 328,
    "warning_line": "    def __init__(self, *, system_data=None, location: str=None, extension_type: str=None, auto_upgrade_minor_version: bool=None, release_train: str=None, version: str=None, scope=None, configuration_settings=None, configuration_protected_settings=None, install_state=None, statuses=None, identity=None, **kwargs) -> None:"
  },
  {
    "project": "Azure/azure-cli-extensions",
    "commit": "12fca0873ce466a0e113a82f12ab885de3a699ba",
    "filename": "src/k8s-extension/azext_k8s_extension/vendored_sdks/models/_models_py3.py",
    "filename_after_commit": "/home/chowyi/TypeAnnotation_Study/GitHub/Azure-azure-cli-extensions/src/k8s-extension/azext_k8s_extension/vendored_sdks/models/_models_py3.py",
    "file_hunks_size": 41,
    "min_patch_found": false,
    "single_hunk": false,
    "fit_TFix": false,
    "delete_only_patch": false,
    "has_suppression_all_hunks": false,
    "full_warning_msg": "src/k8s-extension/azext_k8s_extension/vendored_sdks/models/_models_py3.py:328:129 Incompatible variable type [9]: release_train is declared to have type `str` but is used as type `None`.",
    "message": " release_train is declared to have type `str` but is used as type `None`.",
    "rule_id": "Incompatible variable type [9]",
    "warning_line_no": 328,
    "warning_line": "    def __init__(self, *, system_data=None, location: str=None, extension_type: str=None, auto_upgrade_minor_version: bool=None, release_train: str=None, version: str=None, scope=None, configuration_settings=None, configuration_protected_settings=None, install_state=None, statuses=None, identity=None, **kwargs) -> None:"
  },
  {
    "project": "Azure/azure-cli-extensions",
    "commit": "12fca0873ce466a0e113a82f12ab885de3a699ba",
    "filename": "src/k8s-extension/azext_k8s_extension/vendored_sdks/models/_models_py3.py",
    "filename_after_commit": "/home/chowyi/TypeAnnotation_Study/GitHub/Azure-azure-cli-extensions/src/k8s-extension/azext_k8s_extension/vendored_sdks/models/_models_py3.py",
    "file_hunks_size": 41,
    "min_patch_found": false,
    "single_hunk": false,
    "fit_TFix": false,
    "delete_only_patch": false,
    "has_suppression_all_hunks": false,
    "full_warning_msg": "src/k8s-extension/azext_k8s_extension/vendored_sdks/models/_models_py3.py:328:154 Incompatible variable type [9]: version is declared to have type `str` but is used as type `None`.",
    "message": " version is declared to have type `str` but is used as type `None`.",
    "rule_id": "Incompatible variable type [9]",
    "warning_line_no": 328,
    "warning_line": "    def __init__(self, *, system_data=None, location: str=None, extension_type: str=None, auto_upgrade_minor_version: bool=None, release_train: str=None, version: str=None, scope=None, configuration_settings=None, configuration_protected_settings=None, install_state=None, statuses=None, identity=None, **kwargs) -> None:"
  },
  {
    "project": "Azure/azure-cli-extensions",
    "commit": "12fca0873ce466a0e113a82f12ab885de3a699ba",
    "filename": "src/k8s-extension/azext_k8s_extension/vendored_sdks/models/_models_py3.py",
    "filename_after_commit": "/home/chowyi/TypeAnnotation_Study/GitHub/Azure-azure-cli-extensions/src/k8s-extension/azext_k8s_extension/vendored_sdks/models/_models_py3.py",
    "file_hunks_size": 41,
    "min_patch_found": false,
    "single_hunk": false,
    "fit_TFix": false,
    "delete_only_patch": false,
    "has_suppression_all_hunks": false,
    "full_warning_msg": "src/k8s-extension/azext_k8s_extension/vendored_sdks/models/_models_py3.py:368:26 Incompatible variable type [9]: auto_upgrade_minor_version is declared to have type `bool` but is used as type `None`.",
    "message": " auto_upgrade_minor_version is declared to have type `bool` but is used as type `None`.",
    "rule_id": "Incompatible variable type [9]",
    "warning_line_no": 368,
    "warning_line": "    def __init__(self, *, auto_upgrade_minor_version: bool=None, release_train: str=None, version: str=None, **kwargs) -> None:"
  },
  {
    "project": "Azure/azure-cli-extensions",
    "commit": "12fca0873ce466a0e113a82f12ab885de3a699ba",
    "filename": "src/k8s-extension/azext_k8s_extension/vendored_sdks/models/_models_py3.py",
    "filename_after_commit": "/home/chowyi/TypeAnnotation_Study/GitHub/Azure-azure-cli-extensions/src/k8s-extension/azext_k8s_extension/vendored_sdks/models/_models_py3.py",
    "file_hunks_size": 41,
    "min_patch_found": false,
    "single_hunk": false,
    "fit_TFix": false,
    "delete_only_patch": false,
    "has_suppression_all_hunks": false,
    "full_warning_msg": "src/k8s-extension/azext_k8s_extension/vendored_sdks/models/_models_py3.py:368:65 Incompatible variable type [9]: release_train is declared to have type `str` but is used as type `None`.",
    "message": " release_train is declared to have type `str` but is used as type `None`.",
    "rule_id": "Incompatible variable type [9]",
    "warning_line_no": 368,
    "warning_line": "    def __init__(self, *, auto_upgrade_minor_version: bool=None, release_train: str=None, version: str=None, **kwargs) -> None:"
  },
  {
    "project": "Azure/azure-cli-extensions",
    "commit": "12fca0873ce466a0e113a82f12ab885de3a699ba",
    "filename": "src/k8s-extension/azext_k8s_extension/vendored_sdks/models/_models_py3.py",
    "filename_after_commit": "/home/chowyi/TypeAnnotation_Study/GitHub/Azure-azure-cli-extensions/src/k8s-extension/azext_k8s_extension/vendored_sdks/models/_models_py3.py",
    "file_hunks_size": 41,
    "min_patch_found": false,
    "single_hunk": false,
    "fit_TFix": false,
    "delete_only_patch": false,
    "has_suppression_all_hunks": false,
    "full_warning_msg": "src/k8s-extension/azext_k8s_extension/vendored_sdks/models/_models_py3.py:368:90 Incompatible variable type [9]: version is declared to have type `str` but is used as type `None`.",
    "message": " version is declared to have type `str` but is used as type `None`.",
    "rule_id": "Incompatible variable type [9]",
    "warning_line_no": 368,
    "warning_line": "    def __init__(self, *, auto_upgrade_minor_version: bool=None, release_train: str=None, version: str=None, **kwargs) -> None:"
  },
  {
    "project": "Azure/azure-cli-extensions",
    "commit": "12fca0873ce466a0e113a82f12ab885de3a699ba",
    "filename": "src/k8s-extension/azext_k8s_extension/vendored_sdks/models/_models_py3.py",
    "filename_after_commit": "/home/chowyi/TypeAnnotation_Study/GitHub/Azure-azure-cli-extensions/src/k8s-extension/azext_k8s_extension/vendored_sdks/models/_models_py3.py",
    "file_hunks_size": 41,
    "min_patch_found": false,
    "single_hunk": false,
    "fit_TFix": false,
    "delete_only_patch": false,
    "has_suppression_all_hunks": false,
    "full_warning_msg": "src/k8s-extension/azext_k8s_extension/vendored_sdks/models/_models_py3.py:402:26 Incompatible variable type [9]: code is declared to have type `str` but is used as type `None`.",
    "message": " code is declared to have type `str` but is used as type `None`.",
    "rule_id": "Incompatible variable type [9]",
    "warning_line_no": 402,
    "warning_line": "    def __init__(self, *, code: str=None, display_status: str=None, level=\"Information\", message: str=None, time: str=None, **kwargs) -> None:"
  },
  {
    "project": "Azure/azure-cli-extensions",
    "commit": "12fca0873ce466a0e113a82f12ab885de3a699ba",
    "filename": "src/k8s-extension/azext_k8s_extension/vendored_sdks/models/_models_py3.py",
    "filename_after_commit": "/home/chowyi/TypeAnnotation_Study/GitHub/Azure-azure-cli-extensions/src/k8s-extension/azext_k8s_extension/vendored_sdks/models/_models_py3.py",
    "file_hunks_size": 41,
    "min_patch_found": false,
    "single_hunk": false,
    "fit_TFix": false,
    "delete_only_patch": false,
    "has_suppression_all_hunks": false,
    "full_warning_msg": "src/k8s-extension/azext_k8s_extension/vendored_sdks/models/_models_py3.py:402:42 Incompatible variable type [9]: display_status is declared to have type `str` but is used as type `None`.",
    "message": " display_status is declared to have type `str` but is used as type `None`.",
    "rule_id": "Incompatible variable type [9]",
    "warning_line_no": 402,
    "warning_line": "    def __init__(self, *, code: str=None, display_status: str=None, level=\"Information\", message: str=None, time: str=None, **kwargs) -> None:"
  },
  {
    "project": "Azure/azure-cli-extensions",
    "commit": "12fca0873ce466a0e113a82f12ab885de3a699ba",
    "filename": "src/k8s-extension/azext_k8s_extension/vendored_sdks/models/_models_py3.py",
    "filename_after_commit": "/home/chowyi/TypeAnnotation_Study/GitHub/Azure-azure-cli-extensions/src/k8s-extension/azext_k8s_extension/vendored_sdks/models/_models_py3.py",
    "file_hunks_size": 41,
    "min_patch_found": false,
    "single_hunk": false,
    "fit_TFix": false,
    "delete_only_patch": false,
    "has_suppression_all_hunks": false,
    "full_warning_msg": "src/k8s-extension/azext_k8s_extension/vendored_sdks/models/_models_py3.py:402:89 Incompatible variable type [9]: message is declared to have type `str` but is used as type `None`.",
    "message": " message is declared to have type `str` but is used as type `None`.",
    "rule_id": "Incompatible variable type [9]",
    "warning_line_no": 402,
    "warning_line": "    def __init__(self, *, code: str=None, display_status: str=None, level=\"Information\", message: str=None, time: str=None, **kwargs) -> None:"
  },
  {
    "project": "Azure/azure-cli-extensions",
    "commit": "12fca0873ce466a0e113a82f12ab885de3a699ba",
    "filename": "src/k8s-extension/azext_k8s_extension/vendored_sdks/models/_models_py3.py",
    "filename_after_commit": "/home/chowyi/TypeAnnotation_Study/GitHub/Azure-azure-cli-extensions/src/k8s-extension/azext_k8s_extension/vendored_sdks/models/_models_py3.py",
    "file_hunks_size": 41,
    "min_patch_found": false,
    "single_hunk": false,
    "fit_TFix": false,
    "delete_only_patch": false,
    "has_suppression_all_hunks": false,
    "full_warning_msg": "src/k8s-extension/azext_k8s_extension/vendored_sdks/models/_models_py3.py:402:108 Incompatible variable type [9]: time is declared to have type `str` but is used as type `None`.",
    "message": " time is declared to have type `str` but is used as type `None`.",
    "rule_id": "Incompatible variable type [9]",
    "warning_line_no": 402,
    "warning_line": "    def __init__(self, *, code: str=None, display_status: str=None, level=\"Information\", message: str=None, time: str=None, **kwargs) -> None:"
  },
  {
    "project": "Azure/azure-cli-extensions",
    "commit": "12fca0873ce466a0e113a82f12ab885de3a699ba",
    "filename": "src/k8s-extension/azext_k8s_extension/vendored_sdks/models/_models_py3.py",
    "filename_after_commit": "/home/chowyi/TypeAnnotation_Study/GitHub/Azure-azure-cli-extensions/src/k8s-extension/azext_k8s_extension/vendored_sdks/models/_models_py3.py",
    "file_hunks_size": 41,
    "min_patch_found": false,
    "single_hunk": false,
    "fit_TFix": false,
    "delete_only_patch": false,
    "has_suppression_all_hunks": false,
    "full_warning_msg": "src/k8s-extension/azext_k8s_extension/vendored_sdks/models/_models_py3.py:425:26 Incompatible variable type [9]: chart_version is declared to have type `str` but is used as type `None`.",
    "message": " chart_version is declared to have type `str` but is used as type `None`.",
    "rule_id": "Incompatible variable type [9]",
    "warning_line_no": 425,
    "warning_line": "    def __init__(self, *, chart_version: str=None, chart_values: str=None, **kwargs) -> None:"
  },
  {
    "project": "Azure/azure-cli-extensions",
    "commit": "12fca0873ce466a0e113a82f12ab885de3a699ba",
    "filename": "src/k8s-extension/azext_k8s_extension/vendored_sdks/models/_models_py3.py",
    "filename_after_commit": "/home/chowyi/TypeAnnotation_Study/GitHub/Azure-azure-cli-extensions/src/k8s-extension/azext_k8s_extension/vendored_sdks/models/_models_py3.py",
    "file_hunks_size": 41,
    "min_patch_found": false,
    "single_hunk": false,
    "fit_TFix": false,
    "delete_only_patch": false,
    "has_suppression_all_hunks": false,
    "full_warning_msg": "src/k8s-extension/azext_k8s_extension/vendored_sdks/models/_models_py3.py:425:51 Incompatible variable type [9]: chart_values is declared to have type `str` but is used as type `None`.",
    "message": " chart_values is declared to have type `str` but is used as type `None`.",
    "rule_id": "Incompatible variable type [9]",
    "warning_line_no": 425,
    "warning_line": "    def __init__(self, *, chart_version: str=None, chart_values: str=None, **kwargs) -> None:"
  },
  {
    "project": "Azure/azure-cli-extensions",
    "commit": "12fca0873ce466a0e113a82f12ab885de3a699ba",
    "filename": "src/k8s-extension/azext_k8s_extension/vendored_sdks/models/_models_py3.py",
    "filename_after_commit": "/home/chowyi/TypeAnnotation_Study/GitHub/Azure-azure-cli-extensions/src/k8s-extension/azext_k8s_extension/vendored_sdks/models/_models_py3.py",
    "file_hunks_size": 41,
    "min_patch_found": false,
    "single_hunk": false,
    "fit_TFix": false,
    "delete_only_patch": false,
    "has_suppression_all_hunks": false,
    "full_warning_msg": "src/k8s-extension/azext_k8s_extension/vendored_sdks/models/_models_py3.py:458:26 Incompatible variable type [9]: name is declared to have type `str` but is used as type `None`.",
    "message": " name is declared to have type `str` but is used as type `None`.",
    "rule_id": "Incompatible variable type [9]",
    "warning_line_no": 458,
    "warning_line": "    def __init__(self, *, name: str=None, display=None, **kwargs) -> None:"
  },
  {
    "project": "Azure/azure-cli-extensions",
    "commit": "12fca0873ce466a0e113a82f12ab885de3a699ba",
    "filename": "src/k8s-extension/azext_k8s_extension/vendored_sdks/models/_models_py3.py",
    "filename_after_commit": "/home/chowyi/TypeAnnotation_Study/GitHub/Azure-azure-cli-extensions/src/k8s-extension/azext_k8s_extension/vendored_sdks/models/_models_py3.py",
    "file_hunks_size": 41,
    "min_patch_found": false,
    "single_hunk": false,
    "fit_TFix": false,
    "delete_only_patch": false,
    "has_suppression_all_hunks": false,
    "full_warning_msg": "src/k8s-extension/azext_k8s_extension/vendored_sdks/models/_models_py3.py:485:26 Incompatible variable type [9]: provider is declared to have type `str` but is used as type `None`.",
    "message": " provider is declared to have type `str` but is used as type `None`.",
    "rule_id": "Incompatible variable type [9]",
    "warning_line_no": 485,
    "warning_line": "    def __init__(self, *, provider: str=None, resource: str=None, operation: str=None, description: str=None, **kwargs) -> None:"
  },
  {
    "project": "Azure/azure-cli-extensions",
    "commit": "12fca0873ce466a0e113a82f12ab885de3a699ba",
    "filename": "src/k8s-extension/azext_k8s_extension/vendored_sdks/models/_models_py3.py",
    "filename_after_commit": "/home/chowyi/TypeAnnotation_Study/GitHub/Azure-azure-cli-extensions/src/k8s-extension/azext_k8s_extension/vendored_sdks/models/_models_py3.py",
    "file_hunks_size": 41,
    "min_patch_found": false,
    "single_hunk": false,
    "fit_TFix": false,
    "delete_only_patch": false,
    "has_suppression_all_hunks": false,
    "full_warning_msg": "src/k8s-extension/azext_k8s_extension/vendored_sdks/models/_models_py3.py:485:46 Incompatible variable type [9]: resource is declared to have type `str` but is used as type `None`.",
    "message": " resource is declared to have type `str` but is used as type `None`.",
    "rule_id": "Incompatible variable type [9]",
    "warning_line_no": 485,
    "warning_line": "    def __init__(self, *, provider: str=None, resource: str=None, operation: str=None, description: str=None, **kwargs) -> None:"
  },
  {
    "project": "Azure/azure-cli-extensions",
    "commit": "12fca0873ce466a0e113a82f12ab885de3a699ba",
    "filename": "src/k8s-extension/azext_k8s_extension/vendored_sdks/models/_models_py3.py",
    "filename_after_commit": "/home/chowyi/TypeAnnotation_Study/GitHub/Azure-azure-cli-extensions/src/k8s-extension/azext_k8s_extension/vendored_sdks/models/_models_py3.py",
    "file_hunks_size": 41,
    "min_patch_found": false,
    "single_hunk": false,
    "fit_TFix": false,
    "delete_only_patch": false,
    "has_suppression_all_hunks": false,
    "full_warning_msg": "src/k8s-extension/azext_k8s_extension/vendored_sdks/models/_models_py3.py:485:66 Incompatible variable type [9]: operation is declared to have type `str` but is used as type `None`.",
    "message": " operation is declared to have type `str` but is used as type `None`.",
    "rule_id": "Incompatible variable type [9]",
    "warning_line_no": 485,
    "warning_line": "    def __init__(self, *, provider: str=None, resource: str=None, operation: str=None, description: str=None, **kwargs) -> None:"
  },
  {
    "project": "Azure/azure-cli-extensions",
    "commit": "12fca0873ce466a0e113a82f12ab885de3a699ba",
    "filename": "src/k8s-extension/azext_k8s_extension/vendored_sdks/models/_models_py3.py",
    "filename_after_commit": "/home/chowyi/TypeAnnotation_Study/GitHub/Azure-azure-cli-extensions/src/k8s-extension/azext_k8s_extension/vendored_sdks/models/_models_py3.py",
    "file_hunks_size": 41,
    "min_patch_found": false,
    "single_hunk": false,
    "fit_TFix": false,
    "delete_only_patch": false,
    "has_suppression_all_hunks": false,
    "full_warning_msg": "src/k8s-extension/azext_k8s_extension/vendored_sdks/models/_models_py3.py:485:87 Incompatible variable type [9]: description is declared to have type `str` but is used as type `None`.",
    "message": " description is declared to have type `str` but is used as type `None`.",
    "rule_id": "Incompatible variable type [9]",
    "warning_line_no": 485,
    "warning_line": "    def __init__(self, *, provider: str=None, resource: str=None, operation: str=None, description: str=None, **kwargs) -> None:"
  },
  {
    "project": "Azure/azure-cli-extensions",
    "commit": "12fca0873ce466a0e113a82f12ab885de3a699ba",
    "filename": "src/k8s-extension/azext_k8s_extension/vendored_sdks/models/_models_py3.py",
    "filename_after_commit": "/home/chowyi/TypeAnnotation_Study/GitHub/Azure-azure-cli-extensions/src/k8s-extension/azext_k8s_extension/vendored_sdks/models/_models_py3.py",
    "file_hunks_size": 41,
    "min_patch_found": false,
    "single_hunk": false,
    "fit_TFix": false,
    "delete_only_patch": false,
    "has_suppression_all_hunks": false,
    "full_warning_msg": "src/k8s-extension/azext_k8s_extension/vendored_sdks/models/_models_py3.py:504:26 Incompatible variable type [9]: sample_property is declared to have type `str` but is used as type `None`.",
    "message": " sample_property is declared to have type `str` but is used as type `None`.",
    "rule_id": "Incompatible variable type [9]",
    "warning_line_no": 504,
    "warning_line": "    def __init__(self, *, sample_property: str=None, **kwargs) -> None:"
  },
  {
    "project": "Azure/azure-cli-extensions",
    "commit": "12fca0873ce466a0e113a82f12ab885de3a699ba",
    "filename": "src/k8s-extension/azext_k8s_extension/vendored_sdks/models/_models_py3.py",
    "filename_after_commit": "/home/chowyi/TypeAnnotation_Study/GitHub/Azure-azure-cli-extensions/src/k8s-extension/azext_k8s_extension/vendored_sdks/models/_models_py3.py",
    "file_hunks_size": 41,
    "min_patch_found": false,
    "single_hunk": false,
    "fit_TFix": false,
    "delete_only_patch": false,
    "has_suppression_all_hunks": false,
    "full_warning_msg": "src/k8s-extension/azext_k8s_extension/vendored_sdks/models/_models_py3.py:545:26 Incompatible variable type [9]: release_namespace is declared to have type `str` but is used as type `None`.",
    "message": " release_namespace is declared to have type `str` but is used as type `None`.",
    "rule_id": "Incompatible variable type [9]",
    "warning_line_no": 545,
    "warning_line": "    def __init__(self, *, release_namespace: str=None, **kwargs) -> None:"
  },
  {
    "project": "Azure/azure-cli-extensions",
    "commit": "12fca0873ce466a0e113a82f12ab885de3a699ba",
    "filename": "src/k8s-extension/azext_k8s_extension/vendored_sdks/models/_models_py3.py",
    "filename_after_commit": "/home/chowyi/TypeAnnotation_Study/GitHub/Azure-azure-cli-extensions/src/k8s-extension/azext_k8s_extension/vendored_sdks/models/_models_py3.py",
    "file_hunks_size": 41,
    "min_patch_found": false,
    "single_hunk": false,
    "fit_TFix": false,
    "delete_only_patch": false,
    "has_suppression_all_hunks": false,
    "full_warning_msg": "src/k8s-extension/azext_k8s_extension/vendored_sdks/models/_models_py3.py:563:26 Incompatible variable type [9]: target_namespace is declared to have type `str` but is used as type `None`.",
    "message": " target_namespace is declared to have type `str` but is used as type `None`.",
    "rule_id": "Incompatible variable type [9]",
    "warning_line_no": 563,
    "warning_line": "    def __init__(self, *, target_namespace: str=None, **kwargs) -> None:"
  },
  {
    "project": "Azure/azure-cli-extensions",
    "commit": "12fca0873ce466a0e113a82f12ab885de3a699ba",
    "filename": "src/k8s-extension/azext_k8s_extension/vendored_sdks/models/_models_py3.py",
    "filename_after_commit": "/home/chowyi/TypeAnnotation_Study/GitHub/Azure-azure-cli-extensions/src/k8s-extension/azext_k8s_extension/vendored_sdks/models/_models_py3.py",
    "file_hunks_size": 41,
    "min_patch_found": false,
    "single_hunk": false,
    "fit_TFix": false,
    "delete_only_patch": false,
    "has_suppression_all_hunks": false,
    "full_warning_msg": "src/k8s-extension/azext_k8s_extension/vendored_sdks/models/_models_py3.py:659:44 Incompatible variable type [9]: repository_url is declared to have type `str` but is used as type `None`.",
    "message": " repository_url is declared to have type `str` but is used as type `None`.",
    "rule_id": "Incompatible variable type [9]",
    "warning_line_no": 659,
    "warning_line": "    def __init__(self, *, system_data=None, repository_url: str=None, operator_namespace: str=\"default\", operator_instance_name: str=None, operator_type=None, operator_params: str=None, configuration_protected_settings=None, operator_scope=\"cluster\", ssh_known_hosts_contents: str=None, enable_helm_operator: bool=None, helm_operator_properties=None, **kwargs) -> None:"
  },
  {
    "project": "Azure/azure-cli-extensions",
    "commit": "12fca0873ce466a0e113a82f12ab885de3a699ba",
    "filename": "src/k8s-extension/azext_k8s_extension/vendored_sdks/models/_models_py3.py",
    "filename_after_commit": "/home/chowyi/TypeAnnotation_Study/GitHub/Azure-azure-cli-extensions/src/k8s-extension/azext_k8s_extension/vendored_sdks/models/_models_py3.py",
    "file_hunks_size": 41,
    "min_patch_found": false,
    "single_hunk": false,
    "fit_TFix": false,
    "delete_only_patch": false,
    "has_suppression_all_hunks": false,
    "full_warning_msg": "src/k8s-extension/azext_k8s_extension/vendored_sdks/models/_models_py3.py:659:105 Incompatible variable type [9]: operator_instance_name is declared to have type `str` but is used as type `None`.",
    "message": " operator_instance_name is declared to have type `str` but is used as type `None`.",
    "rule_id": "Incompatible variable type [9]",
    "warning_line_no": 659,
    "warning_line": "    def __init__(self, *, system_data=None, repository_url: str=None, operator_namespace: str=\"default\", operator_instance_name: str=None, operator_type=None, operator_params: str=None, configuration_protected_settings=None, operator_scope=\"cluster\", ssh_known_hosts_contents: str=None, enable_helm_operator: bool=None, helm_operator_properties=None, **kwargs) -> None:"
  },
  {
    "project": "Azure/azure-cli-extensions",
    "commit": "12fca0873ce466a0e113a82f12ab885de3a699ba",
    "filename": "src/k8s-extension/azext_k8s_extension/vendored_sdks/models/_models_py3.py",
    "filename_after_commit": "/home/chowyi/TypeAnnotation_Study/GitHub/Azure-azure-cli-extensions/src/k8s-extension/azext_k8s_extension/vendored_sdks/models/_models_py3.py",
    "file_hunks_size": 41,
    "min_patch_found": false,
    "single_hunk": false,
    "fit_TFix": false,
    "delete_only_patch": false,
    "has_suppression_all_hunks": false,
    "full_warning_msg": "src/k8s-extension/azext_k8s_extension/vendored_sdks/models/_models_py3.py:659:159 Incompatible variable type [9]: operator_params is declared to have type `str` but is used as type `None`.",
    "message": " operator_params is declared to have type `str` but is used as type `None`.",
    "rule_id": "Incompatible variable type [9]",
    "warning_line_no": 659,
    "warning_line": "    def __init__(self, *, system_data=None, repository_url: str=None, operator_namespace: str=\"default\", operator_instance_name: str=None, operator_type=None, operator_params: str=None, configuration_protected_settings=None, operator_scope=\"cluster\", ssh_known_hosts_contents: str=None, enable_helm_operator: bool=None, helm_operator_properties=None, **kwargs) -> None:"
  },
  {
    "project": "Azure/azure-cli-extensions",
    "commit": "12fca0873ce466a0e113a82f12ab885de3a699ba",
    "filename": "src/k8s-extension/azext_k8s_extension/vendored_sdks/models/_models_py3.py",
    "filename_after_commit": "/home/chowyi/TypeAnnotation_Study/GitHub/Azure-azure-cli-extensions/src/k8s-extension/azext_k8s_extension/vendored_sdks/models/_models_py3.py",
    "file_hunks_size": 41,
    "min_patch_found": false,
    "single_hunk": false,
    "fit_TFix": false,
    "delete_only_patch": false,
    "has_suppression_all_hunks": false,
    "full_warning_msg": "src/k8s-extension/azext_k8s_extension/vendored_sdks/models/_models_py3.py:659:251 Incompatible variable type [9]: ssh_known_hosts_contents is declared to have type `str` but is used as type `None`.",
    "message": " ssh_known_hosts_contents is declared to have type `str` but is used as type `None`.",
    "rule_id": "Incompatible variable type [9]",
    "warning_line_no": 659,
    "warning_line": "    def __init__(self, *, system_data=None, repository_url: str=None, operator_namespace: str=\"default\", operator_instance_name: str=None, operator_type=None, operator_params: str=None, configuration_protected_settings=None, operator_scope=\"cluster\", ssh_known_hosts_contents: str=None, enable_helm_operator: bool=None, helm_operator_properties=None, **kwargs) -> None:"
  },
  {
    "project": "Azure/azure-cli-extensions",
    "commit": "12fca0873ce466a0e113a82f12ab885de3a699ba",
    "filename": "src/k8s-extension/azext_k8s_extension/vendored_sdks/models/_models_py3.py",
    "filename_after_commit": "/home/chowyi/TypeAnnotation_Study/GitHub/Azure-azure-cli-extensions/src/k8s-extension/azext_k8s_extension/vendored_sdks/models/_models_py3.py",
    "file_hunks_size": 41,
    "min_patch_found": false,
    "single_hunk": false,
    "fit_TFix": false,
    "delete_only_patch": false,
    "has_suppression_all_hunks": false,
    "full_warning_msg": "src/k8s-extension/azext_k8s_extension/vendored_sdks/models/_models_py3.py:659:287 Incompatible variable type [9]: enable_helm_operator is declared to have type `bool` but is used as type `None`.",
    "message": " enable_helm_operator is declared to have type `bool` but is used as type `None`.",
    "rule_id": "Incompatible variable type [9]",
    "warning_line_no": 659,
    "warning_line": "    def __init__(self, *, system_data=None, repository_url: str=None, operator_namespace: str=\"default\", operator_instance_name: str=None, operator_type=None, operator_params: str=None, configuration_protected_settings=None, operator_scope=\"cluster\", ssh_known_hosts_contents: str=None, enable_helm_operator: bool=None, helm_operator_properties=None, **kwargs) -> None:"
  }
]