[
  {
    "project": "allenai/allennlp",
    "commit": "0b68e8e41d23b2fada2497102925809ede126602",
    "filename": "allennlp/data/token_indexers/dep_label_indexer.py",
    "min_patch_found": false,
    "full_warning_msg": "allennlp/data/token_indexers/dep_label_indexer.py:38:40 Incompatible parameter type [6]: Expected `str` for 1st positional only parameter to call `set.add` but got `typing.Optional[str]`.",
    "exception": "[Errno 2] No such file or directory: '/home/chowyi/TypeAnnotation_Study/GitHub/allenai-allennlp/allennlp/data/token_indexers/dep_label_indexer.py'",
    "dd_fail": true
  },
  {
    "project": "allenai/allennlp",
    "commit": "0b68e8e41d23b2fada2497102925809ede126602",
    "filename": "allennlp/data/token_indexers/pos_tag_indexer.py",
    "min_patch_found": false,
    "full_warning_msg": "allennlp/data/token_indexers/pos_tag_indexer.py:50:40 Incompatible parameter type [6]: Expected `str` for 1st positional only parameter to call `set.add` but got `typing.Optional[str]`.",
    "exception": "[Errno 2] No such file or directory: '/home/chowyi/TypeAnnotation_Study/GitHub/allenai-allennlp/allennlp/data/token_indexers/pos_tag_indexer.py'",
    "dd_fail": true
  }
]