[
  {
    "project": "adamcharnock/lightbus",
    "commit": "e997a3e699f2c77451042755d3d2fbf1b5c660ef",
    "filename": "lightbus/client.py",
    "filename_after_commit": "/home/chowyi/TypeAnnotation_Study/GitHub/adamcharnock-lightbus/lightbus/client.py",
    "file_hunks_size": 2,
    "min_patch_found": false,
    "single_hunk": false,
    "fit_TFix": false,
    "delete_only_patch": false,
    "has_suppression_all_hunks": false,
    "full_warning_msg": "lightbus/client.py:138:32 Incompatible variable type [9]: plugins is declared to have type `typing.Dict[typing.Any, typing.Any]` but is used as type `None`.",
    "message": " plugins is declared to have type `typing.Dict[typing.Any, typing.Any]` but is used as type `None`.",
    "rule_id": "Incompatible variable type [9]",
    "warning_line_no": 138,
    "warning_line": "    async def setup_async(self, plugins: dict = None):"
  },
  {
    "project": "adamcharnock/lightbus",
    "commit": "e997a3e699f2c77451042755d3d2fbf1b5c660ef",
    "filename": "lightbus/client.py",
    "filename_after_commit": "/home/chowyi/TypeAnnotation_Study/GitHub/adamcharnock-lightbus/lightbus/client.py",
    "file_hunks_size": 2,
    "min_patch_found": false,
    "single_hunk": false,
    "fit_TFix": false,
    "delete_only_patch": false,
    "has_suppression_all_hunks": false,
    "full_warning_msg": "lightbus/client.py:173:45 Incompatible parameter type [6]: Expected `List[typing.Any]` for 1st positional only parameter to call `PluginRegistry.set_plugins` but got `typing.Dict[typing.Any, typing.Any]`.",
    "message": " Expected `List[typing.Any]` for 1st positional only parameter to call `PluginRegistry.set_plugins` but got `typing.Dict[typing.Any, typing.Any]`.",
    "rule_id": "Incompatible parameter type [6]",
    "warning_line_no": 173,
    "warning_line": "            self.plugin_registry.set_plugins(plugins)"
  },
  {
    "project": "adamcharnock/lightbus",
    "commit": "e997a3e699f2c77451042755d3d2fbf1b5c660ef",
    "filename": "lightbus/client.py",
    "filename_after_commit": "/home/chowyi/TypeAnnotation_Study/GitHub/adamcharnock-lightbus/lightbus/client.py",
    "file_hunks_size": 2,
    "min_patch_found": false,
    "single_hunk": false,
    "fit_TFix": false,
    "delete_only_patch": false,
    "has_suppression_all_hunks": false,
    "full_warning_msg": "lightbus/client.py:185:20 Incompatible variable type [9]: plugins is declared to have type `typing.Dict[typing.Any, typing.Any]` but is used as type `None`.",
    "message": " plugins is declared to have type `typing.Dict[typing.Any, typing.Any]` but is used as type `None`.",
    "rule_id": "Incompatible variable type [9]",
    "warning_line_no": 185,
    "warning_line": "    def setup(self, plugins: dict = None):"
  }
]