[
  {
    "project": "awslabs/autogluon",
    "commit": "a5d0313320a026168906593c5de4d1134b481573",
    "filename": "autogluon/utils/tabular/features/auto_ml_feature_generator.py",
    "min_patch_found": false,
    "full_warning_msg": "autogluon/utils/tabular/features/auto_ml_feature_generator.py:134:120 Incompatible parameter type [6]: Expected `int` for 3rd parameter `downsample_ratio` to call `AutoMLFeatureGenerator.generate_text_ngrams` but got `typing.Optional[float]`.",
    "exception": "[Errno 2] No such file or directory: '/home/chowyi/TypeAnnotation_Study/GitHub/awslabs-autogluon/autogluon/utils/tabular/features/auto_ml_feature_generator.py'",
    "dd_fail": true
  },
  {
    "project": "awslabs/autogluon",
    "commit": "a5d0313320a026168906593c5de4d1134b481573",
    "filename": "autogluon/utils/tabular/features/auto_ml_feature_generator.py",
    "min_patch_found": false,
    "full_warning_msg": "autogluon/utils/tabular/features/auto_ml_feature_generator.py:177:60 Incompatible variable type [9]: downsample_ratio is declared to have type `int` but is used as type `None`.",
    "exception": "[Errno 2] No such file or directory: '/home/chowyi/TypeAnnotation_Study/GitHub/awslabs-autogluon/autogluon/utils/tabular/features/auto_ml_feature_generator.py'",
    "dd_fail": true
  },
  {
    "project": "awslabs/autogluon",
    "commit": "a5d0313320a026168906593c5de4d1134b481573",
    "filename": "autogluon/utils/tabular/features/auto_ml_feature_generator.py",
    "min_patch_found": false,
    "full_warning_msg": "autogluon/utils/tabular/features/auto_ml_feature_generator.py:199:24 Incompatible variable type [9]: downsample_ratio is declared to have type `int` but is used as type `float`.",
    "exception": "[Errno 2] No such file or directory: '/home/chowyi/TypeAnnotation_Study/GitHub/awslabs-autogluon/autogluon/utils/tabular/features/auto_ml_feature_generator.py'",
    "dd_fail": true
  },
  {
    "project": "awslabs/autogluon",
    "commit": "a5d0313320a026168906593c5de4d1134b481573",
    "filename": "autogluon/utils/tabular/features/feature_types_metadata.py",
    "min_patch_found": false,
    "full_warning_msg": "autogluon/utils/tabular/features/feature_types_metadata.py:16:55 Incompatible variable type [9]: feature_types_special is declared to have type `typing.DefaultDict[typing.Any, typing.Any]` but is used as type `None`.",
    "exception": "[Errno 2] No such file or directory: '/home/chowyi/TypeAnnotation_Study/GitHub/awslabs-autogluon/autogluon/utils/tabular/features/feature_types_metadata.py'",
    "dd_fail": true
  }
]