[
  {
    "project": "aiidateam/aiida-core",
    "commit": "2acffe70836d47a4e6925d4f90baba596b770095",
    "filename": "aiida/orm/nodes/process/__init__.py",
    "filename_after_commit": "/home/chowyi/TypeAnnotation_Study/GitHub/aiidateam-aiida-core/aiida/orm/nodes/process/__init__.py",
    "file_hunks_size": 1,
    "min_patch_found": true,
    "single_hunk": true,
    "fit_TFix": false,
    "delete_only_patch": false,
    "has_suppression_all_hunks": true,
    "full_warning_msg": "aiida/orm/nodes/process/__init__.py:17:11 Unbound name [10]: Name `calculation` is used but not defined in the current scope.",
    "message": " Name `calculation` is used but not defined in the current scope.",
    "rule_id": "Unbound name [10]",
    "warning_line_no": 17,
    "warning_line": "__all__ = (calculation.__all__ + process.__all__ + workflow.__all__)",
    "min_patch": [
      {
        "hunk_fit_TFix": true,
        "inside_window": true,
        "delete_only": false,
        "has_suppression": true,
        "source_code": "\n__all__ = (calculation.__all__ + process.__all__ + workflow.__all__)\n",
        "source_code_len": 70,
        "target_code": "\n__all__ = (calculation.__all__ + process.__all__ + workflow.__all__)  # type: ignore[name-defined]\n",
        "target_code_len": 100,
        "diff_format": "@@ -16,2 +16,2 @@\n \n-__all__ = (calculation.__all__ + process.__all__ + workflow.__all__)\n+__all__ = (calculation.__all__ + process.__all__ + workflow.__all__)  # type: ignore[name-defined]\n",
        "source_code_with_indent": "\n__all__ = (calculation.__all__ + process.__all__ + workflow.__all__)\n",
        "source_code_with_indent_exact_match": true,
        "target_code_with_indent": "\n__all__ = (calculation.__all__ + process.__all__ + workflow.__all__)  # type: ignore[name-defined]\n",
        "target_code_with_indent_exact_match": true
      }
    ]
  },
  {
    "project": "aiidateam/aiida-core",
    "commit": "2acffe70836d47a4e6925d4f90baba596b770095",
    "filename": "aiida/orm/nodes/process/__init__.py",
    "filename_after_commit": "/home/chowyi/TypeAnnotation_Study/GitHub/aiidateam-aiida-core/aiida/orm/nodes/process/__init__.py",
    "file_hunks_size": 1,
    "min_patch_found": true,
    "single_hunk": true,
    "fit_TFix": false,
    "delete_only_patch": false,
    "has_suppression_all_hunks": true,
    "full_warning_msg": "aiida/orm/nodes/process/__init__.py:17:33 Unbound name [10]: Name `process` is used but not defined in the current scope.",
    "message": " Name `process` is used but not defined in the current scope.",
    "rule_id": "Unbound name [10]",
    "warning_line_no": 17,
    "warning_line": "__all__ = (calculation.__all__ + process.__all__ + workflow.__all__)",
    "min_patch": [
      {
        "hunk_fit_TFix": true,
        "inside_window": true,
        "delete_only": false,
        "has_suppression": true,
        "source_code": "\n__all__ = (calculation.__all__ + process.__all__ + workflow.__all__)\n",
        "source_code_len": 70,
        "target_code": "\n__all__ = (calculation.__all__ + process.__all__ + workflow.__all__)  # type: ignore[name-defined]\n",
        "target_code_len": 100,
        "diff_format": "@@ -16,2 +16,2 @@\n \n-__all__ = (calculation.__all__ + process.__all__ + workflow.__all__)\n+__all__ = (calculation.__all__ + process.__all__ + workflow.__all__)  # type: ignore[name-defined]\n",
        "source_code_with_indent": "\n__all__ = (calculation.__all__ + process.__all__ + workflow.__all__)\n",
        "source_code_with_indent_exact_match": true,
        "target_code_with_indent": "\n__all__ = (calculation.__all__ + process.__all__ + workflow.__all__)  # type: ignore[name-defined]\n",
        "target_code_with_indent_exact_match": true
      }
    ]
  },
  {
    "project": "aiidateam/aiida-core",
    "commit": "2acffe70836d47a4e6925d4f90baba596b770095",
    "filename": "aiida/orm/nodes/process/__init__.py",
    "filename_after_commit": "/home/chowyi/TypeAnnotation_Study/GitHub/aiidateam-aiida-core/aiida/orm/nodes/process/__init__.py",
    "file_hunks_size": 1,
    "min_patch_found": true,
    "single_hunk": true,
    "fit_TFix": false,
    "delete_only_patch": false,
    "has_suppression_all_hunks": true,
    "full_warning_msg": "aiida/orm/nodes/process/__init__.py:17:51 Unbound name [10]: Name `workflow` is used but not defined in the current scope.",
    "message": " Name `workflow` is used but not defined in the current scope.",
    "rule_id": "Unbound name [10]",
    "warning_line_no": 17,
    "warning_line": "__all__ = (calculation.__all__ + process.__all__ + workflow.__all__)",
    "min_patch": [
      {
        "hunk_fit_TFix": true,
        "inside_window": true,
        "delete_only": false,
        "has_suppression": true,
        "source_code": "\n__all__ = (calculation.__all__ + process.__all__ + workflow.__all__)\n",
        "source_code_len": 70,
        "target_code": "\n__all__ = (calculation.__all__ + process.__all__ + workflow.__all__)  # type: ignore[name-defined]\n",
        "target_code_len": 100,
        "diff_format": "@@ -16,2 +16,2 @@\n \n-__all__ = (calculation.__all__ + process.__all__ + workflow.__all__)\n+__all__ = (calculation.__all__ + process.__all__ + workflow.__all__)  # type: ignore[name-defined]\n",
        "source_code_with_indent": "\n__all__ = (calculation.__all__ + process.__all__ + workflow.__all__)\n",
        "source_code_with_indent_exact_match": true,
        "target_code_with_indent": "\n__all__ = (calculation.__all__ + process.__all__ + workflow.__all__)  # type: ignore[name-defined]\n",
        "target_code_with_indent_exact_match": true
      }
    ]
  }
]