[
  {
    "project": "albertodonato/query-exporter",
    "commit": "295f962983fbed83b30fa4b86478abf8f300f635",
    "filename": "query_exporter/loop.py",
    "filename_after_commit": "/home/chowyi/TypeAnnotation_Study/GitHub/albertodonato-query-exporter/query_exporter/loop.py",
    "file_hunks_size": 2,
    "min_patch_found": true,
    "single_hunk": false,
    "fit_TFix": false,
    "delete_only_patch": false,
    "has_suppression_all_hunks": false,
    "full_warning_msg": "query_exporter/loop.py:83:43 Unsupported operand [58]: `+` is not supported for operand types `float` and `Optional[int]`.",
    "message": " `+` is not supported for operand types `float` and `Optional[int]`.",
    "rule_id": "Unsupported operand [58]",
    "warning_line_no": 83,
    "warning_line": "                if timestamp > last_seen + expiration",
    "min_patch": [
      {
        "hunk_fit_TFix": false,
        "inside_window": false,
        "delete_only": false,
        "has_suppression": false,
        "source_code": "    Any,\n    Dict,\n",
        "source_code_len": 19,
        "target_code": "    Any,\n    cast,\n    Dict,\n",
        "target_code_len": 29,
        "diff_format": "@@ -10,2 +10,3 @@\n     Any,\n+    cast,\n     Dict,\n",
        "source_code_with_indent": "    Any,\n    Dict,\n",
        "source_code_with_indent_exact_match": true,
        "target_code_with_indent": "    Any,\n    cast,\n    Dict,\n",
        "target_code_with_indent_exact_match": true
      },
      {
        "hunk_fit_TFix": false,
        "inside_window": false,
        "delete_only": false,
        "has_suppression": false,
        "source_code": "        for name, metric_last_seen in self._last_seen.items():\n            expiration = self._expirations[name]\n            expired[name] = [\n",
        "source_code_len": 142,
        "target_code": "        for name, metric_last_seen in self._last_seen.items():\n            expiration = cast(int, self._expirations[name])\n            expired[name] = [\n",
        "target_code_len": 153,
        "diff_format": "@@ -78,3 +79,3 @@\n         for name, metric_last_seen in self._last_seen.items():\n-            expiration = self._expirations[name]\n+            expiration = cast(int, self._expirations[name])\n             expired[name] = [\n",
        "source_code_with_indent": "        for name, metric_last_seen in self._last_seen.items():\n            <IND>expiration = self._expirations[name]\n            expired[name] = [\n",
        "source_code_with_indent_exact_match": true,
        "target_code_with_indent": "        for name, metric_last_seen in self._last_seen.items():\n            <IND>expiration = cast(int, self._expirations[name])\n            expired[name] = [\n",
        "target_code_with_indent_exact_match": true
      }
    ]
  }
]