[
  {
    "project": "atlassian-api/atlassian-python-api",
    "commit": "61f309727053b2ba5cc14ede1ebfb6c5346f32cc",
    "filename": "examples/confluence/confluence-page-properties.py",
    "filename_after_commit": "/home/chowyi/TypeAnnotation_Study/GitHub/atlassian-api-atlassian-python-api/examples/confluence/confluence_page_properties.py",
    "file_hunks_size": 3,
    "min_patch_found": false,
    "single_hunk": false,
    "fit_TFix": false,
    "delete_only_patch": false,
    "has_suppression_all_hunks": false,
    "full_warning_msg": "examples/confluence/confluence-page-properties.py:27:0 Incompatible variable type [9]: data is declared to have type `typing.Dict[str, typing.Union[typing.Dict[str, str], str]]` but is used as type `typing.Dict[str, typing.Union[typing.Dict[str, int], typing.Dict[str, str], str]]`.",
    "message": " data is declared to have type `typing.Dict[str, typing.Union[typing.Dict[str, str], str]]` but is used as type `typing.Dict[str, typing.Union[typing.Dict[str, int], typing.Dict[str, str], str]]`.",
    "rule_id": "Incompatible variable type [9]",
    "warning_line_no": 27,
    "warning_line": "data = {"
  }
]