[
  {
    "project": "arviz-devs/arviz",
    "commit": "b96399653fc7be26dbdc91e363aa57bdd93055ed",
    "filename": "arviz/data/io_pyjags.py",
    "filename_after_commit": "/home/chowyi/TypeAnnotation_Study/GitHub/arviz-devs-arviz/arviz/data/io_pyjags.py",
    "file_hunks_size": 6,
    "min_patch_found": false,
    "single_hunk": false,
    "fit_TFix": false,
    "delete_only_patch": false,
    "has_suppression_all_hunks": false,
    "full_warning_msg": "arviz/data/io_pyjags.py:26:8 Incompatible variable type [9]: save_warmup is declared to have type `bool` but is used as type `None`.",
    "message": " save_warmup is declared to have type `bool` but is used as type `None`.",
    "rule_id": "Incompatible variable type [9]",
    "warning_line_no": 26,
    "warning_line": "        save_warmup: bool = None,"
  }
]