[
  {
    "project": "aws/sagemaker-python-sdk",
    "commit": "2efaefd6907db9406a289d175317921a2a36a2ae",
    "filename": "src/sagemaker/workflow/_utils.py",
    "filename_after_commit": "/home/chowyi/TypeAnnotation_Study/GitHub/aws-sagemaker-python-sdk/src/sagemaker/workflow/_utils.py",
    "file_hunks_size": 4,
    "min_patch_found": false,
    "single_hunk": false,
    "fit_TFix": false,
    "delete_only_patch": false,
    "has_suppression_all_hunks": false,
    "full_warning_msg": "src/sagemaker/workflow/_utils.py:64:8 Incompatible variable type [9]: depends_on is declared to have type `List[str]` but is used as type `None`.",
    "message": " depends_on is declared to have type `List[str]` but is used as type `None`.",
    "rule_id": "Incompatible variable type [9]",
    "warning_line_no": 64,
    "warning_line": "        depends_on: List[str] = None,"
  },
  {
    "project": "aws/sagemaker-python-sdk",
    "commit": "2efaefd6907db9406a289d175317921a2a36a2ae",
    "filename": "src/sagemaker/workflow/_utils.py",
    "filename_after_commit": "/home/chowyi/TypeAnnotation_Study/GitHub/aws-sagemaker-python-sdk/src/sagemaker/workflow/_utils.py",
    "file_hunks_size": 4,
    "min_patch_found": true,
    "single_hunk": false,
    "fit_TFix": false,
    "delete_only_patch": false,
    "has_suppression_all_hunks": false,
    "full_warning_msg": "src/sagemaker/workflow/_utils.py:233:8 Incompatible variable type [9]: depends_on is declared to have type `List[str]` but is used as type `None`.",
    "message": " depends_on is declared to have type `List[str]` but is used as type `None`.",
    "rule_id": "Incompatible variable type [9]",
    "warning_line_no": 233,
    "warning_line": "        depends_on: List[str] = None,",
    "min_patch": [
      {
        "hunk_fit_TFix": false,
        "inside_window": false,
        "delete_only": false,
        "has_suppression": false,
        "source_code": "import tempfile\nfrom typing import List\n\nfrom sagemaker import image_uris\n",
        "source_code_len": 74,
        "target_code": "import tempfile\nfrom typing import List, Union\nfrom sagemaker import image_uris\n",
        "target_code_len": 80,
        "diff_format": "@@ -19,4 +19,3 @@\n import tempfile\n-from typing import List\n-\n+from typing import List, Union\n from sagemaker import image_uris\n",
        "source_code_with_indent": "import tempfile\nfrom typing import List\n\nfrom sagemaker import image_uris\n",
        "source_code_with_indent_exact_match": true,
        "target_code_with_indent": "import tempfile\nfrom typing import List, Union\nfrom sagemaker import image_uris\n",
        "target_code_with_indent_exact_match": true
      },
      {
        "hunk_fit_TFix": true,
        "inside_window": true,
        "delete_only": false,
        "has_suppression": false,
        "source_code": "        description=None,\n        depends_on: List[str] = None,\n        tags=None,\n",
        "source_code_len": 83,
        "target_code": "        description=None,\n        depends_on: Union[List[str], List[Step]] = None,\n        tags=None,\n",
        "target_code_len": 102,
        "diff_format": "@@ -232,3 +231,3 @@\n         description=None,\n-        depends_on: List[str] = None,\n+        depends_on: Union[List[str], List[Step]] = None,\n         tags=None,\n",
        "source_code_with_indent": "        description=None,\n        depends_on: List[str] = None,\n        tags=None,\n",
        "source_code_with_indent_exact_match": true,
        "target_code_with_indent": "        description=None,\n        depends_on: Union[List[str], List[Step]] = None,\n        tags=None,\n",
        "target_code_with_indent_exact_match": true
      }
    ]
  },
  {
    "project": "aws/sagemaker-python-sdk",
    "commit": "2efaefd6907db9406a289d175317921a2a36a2ae",
    "filename": "src/sagemaker/workflow/callback_step.py",
    "filename_after_commit": "/home/chowyi/TypeAnnotation_Study/GitHub/aws-sagemaker-python-sdk/src/sagemaker/workflow/callback_step.py",
    "file_hunks_size": 3,
    "min_patch_found": true,
    "single_hunk": false,
    "fit_TFix": false,
    "delete_only_patch": false,
    "has_suppression_all_hunks": false,
    "full_warning_msg": "src/sagemaker/workflow/callback_step.py:87:8 Incompatible variable type [9]: depends_on is declared to have type `List[str]` but is used as type `None`.",
    "message": " depends_on is declared to have type `List[str]` but is used as type `None`.",
    "rule_id": "Incompatible variable type [9]",
    "warning_line_no": 87,
    "warning_line": "        depends_on: List[str] = None,",
    "min_patch": [
      {
        "hunk_fit_TFix": false,
        "inside_window": false,
        "delete_only": false,
        "has_suppression": false,
        "source_code": "\nfrom typing import List, Dict\nfrom enum import Enum\n",
        "source_code_len": 53,
        "target_code": "\nfrom typing import List, Dict, Union\nfrom enum import Enum\n",
        "target_code_len": 60,
        "diff_format": "@@ -15,3 +15,3 @@\n \n-from typing import List, Dict\n+from typing import List, Dict, Union\n from enum import Enum\n",
        "source_code_with_indent": "\nfrom typing import List, Dict\nfrom enum import Enum\n",
        "source_code_with_indent_exact_match": true,
        "target_code_with_indent": "\nfrom typing import List, Dict, Union\nfrom enum import Enum\n",
        "target_code_with_indent_exact_match": true
      },
      {
        "hunk_fit_TFix": true,
        "inside_window": true,
        "delete_only": false,
        "has_suppression": false,
        "source_code": "        cache_config: CacheConfig = None,\n        depends_on: List[str] = None,\n    ):\n",
        "source_code_len": 87,
        "target_code": "        cache_config: CacheConfig = None,\n        depends_on: Union[List[str], List[Step]] = None,\n    ):\n",
        "target_code_len": 106,
        "diff_format": "@@ -86,3 +86,3 @@\n         cache_config: CacheConfig = None,\n-        depends_on: List[str] = None,\n+        depends_on: Union[List[str], List[Step]] = None,\n     ):\n",
        "source_code_with_indent": "        cache_config: CacheConfig = None,\n        depends_on: List[str] = None,\n    ):\n",
        "source_code_with_indent_exact_match": true,
        "target_code_with_indent": "        cache_config: CacheConfig = None,\n        depends_on: Union[List[str], List[Step]] = None,\n    ):\n",
        "target_code_with_indent_exact_match": true
      }
    ]
  },
  {
    "project": "aws/sagemaker-python-sdk",
    "commit": "2efaefd6907db9406a289d175317921a2a36a2ae",
    "filename": "src/sagemaker/workflow/condition_step.py",
    "filename_after_commit": "/home/chowyi/TypeAnnotation_Study/GitHub/aws-sagemaker-python-sdk/src/sagemaker/workflow/condition_step.py",
    "file_hunks_size": 3,
    "min_patch_found": true,
    "single_hunk": true,
    "fit_TFix": true,
    "delete_only_patch": false,
    "has_suppression_all_hunks": false,
    "full_warning_msg": "src/sagemaker/workflow/condition_step.py:44:8 Incompatible variable type [9]: depends_on is declared to have type `List[str]` but is used as type `None`.",
    "message": " depends_on is declared to have type `List[str]` but is used as type `None`.",
    "rule_id": "Incompatible variable type [9]",
    "warning_line_no": 44,
    "warning_line": "        depends_on: List[str] = None,",
    "min_patch": [
      {
        "hunk_fit_TFix": true,
        "inside_window": true,
        "delete_only": false,
        "has_suppression": false,
        "source_code": "        name: str,\n        depends_on: List[str] = None,\n        conditions: List[Condition] = None,\n",
        "source_code_len": 101,
        "target_code": "        name: str,\n        depends_on: Union[List[str], List[Step]] = None,\n        conditions: List[Condition] = None,\n",
        "target_code_len": 120,
        "diff_format": "@@ -43,3 +43,3 @@\n         name: str,\n-        depends_on: List[str] = None,\n+        depends_on: Union[List[str], List[Step]] = None,\n         conditions: List[Condition] = None,\n",
        "source_code_with_indent": "        name: str,\n        depends_on: List[str] = None,\n        conditions: List[Condition] = None,\n",
        "source_code_with_indent_exact_match": true,
        "target_code_with_indent": "        name: str,\n        depends_on: Union[List[str], List[Step]] = None,\n        conditions: List[Condition] = None,\n",
        "target_code_with_indent_exact_match": true
      }
    ]
  },
  {
    "project": "aws/sagemaker-python-sdk",
    "commit": "2efaefd6907db9406a289d175317921a2a36a2ae",
    "filename": "src/sagemaker/workflow/step_collections.py",
    "filename_after_commit": "/home/chowyi/TypeAnnotation_Study/GitHub/aws-sagemaker-python-sdk/src/sagemaker/workflow/step_collections.py",
    "file_hunks_size": 5,
    "min_patch_found": true,
    "single_hunk": false,
    "fit_TFix": false,
    "delete_only_patch": false,
    "has_suppression_all_hunks": false,
    "full_warning_msg": "src/sagemaker/workflow/step_collections.py:64:8 Incompatible variable type [9]: depends_on is declared to have type `List[str]` but is used as type `None`.",
    "message": " depends_on is declared to have type `List[str]` but is used as type `None`.",
    "rule_id": "Incompatible variable type [9]",
    "warning_line_no": 64,
    "warning_line": "        depends_on: List[str] = None,",
    "min_patch": [
      {
        "hunk_fit_TFix": false,
        "inside_window": false,
        "delete_only": false,
        "has_suppression": false,
        "source_code": "\nfrom typing import List\n\n",
        "source_code_len": 26,
        "target_code": "\nfrom typing import List, Union\n\n",
        "target_code_len": 33,
        "diff_format": "@@ -15,3 +15,3 @@\n \n-from typing import List\n+from typing import List, Union\n \n",
        "source_code_with_indent": "\nfrom typing import List\n\n",
        "source_code_with_indent_exact_match": true,
        "target_code_with_indent": "\nfrom typing import List, Union\n\n",
        "target_code_with_indent_exact_match": true
      },
      {
        "hunk_fit_TFix": true,
        "inside_window": true,
        "delete_only": false,
        "has_suppression": false,
        "source_code": "        model_data=None,\n        depends_on: List[str] = None,\n        model_package_group_name=None,\n",
        "source_code_len": 102,
        "target_code": "        model_data=None,\n        depends_on: Union[List[str], List[Step]] = None,\n        model_package_group_name=None,\n",
        "target_code_len": 121,
        "diff_format": "@@ -63,3 +63,3 @@\n         model_data=None,\n-        depends_on: List[str] = None,\n+        depends_on: Union[List[str], List[Step]] = None,\n         model_package_group_name=None,\n",
        "source_code_with_indent": "        model_data=None,\n        depends_on: List[str] = None,\n        model_package_group_name=None,\n",
        "source_code_with_indent_exact_match": true,
        "target_code_with_indent": "        model_data=None,\n        depends_on: Union[List[str], List[Step]] = None,\n        model_package_group_name=None,\n",
        "target_code_with_indent_exact_match": true
      }
    ]
  },
  {
    "project": "aws/sagemaker-python-sdk",
    "commit": "2efaefd6907db9406a289d175317921a2a36a2ae",
    "filename": "src/sagemaker/workflow/step_collections.py",
    "filename_after_commit": "/home/chowyi/TypeAnnotation_Study/GitHub/aws-sagemaker-python-sdk/src/sagemaker/workflow/step_collections.py",
    "file_hunks_size": 5,
    "min_patch_found": true,
    "single_hunk": false,
    "fit_TFix": false,
    "delete_only_patch": false,
    "has_suppression_all_hunks": false,
    "full_warning_msg": "src/sagemaker/workflow/step_collections.py:232:8 Incompatible variable type [9]: depends_on is declared to have type `List[str]` but is used as type `None`.",
    "message": " depends_on is declared to have type `List[str]` but is used as type `None`.",
    "rule_id": "Incompatible variable type [9]",
    "warning_line_no": 232,
    "warning_line": "        depends_on: List[str] = None,",
    "min_patch": [
      {
        "hunk_fit_TFix": false,
        "inside_window": false,
        "delete_only": false,
        "has_suppression": false,
        "source_code": "\nfrom typing import List\n\n",
        "source_code_len": 26,
        "target_code": "\nfrom typing import List, Union\n\n",
        "target_code_len": 33,
        "diff_format": "@@ -15,3 +15,3 @@\n \n-from typing import List\n+from typing import List, Union\n \n",
        "source_code_with_indent": "\nfrom typing import List\n\n",
        "source_code_with_indent_exact_match": true,
        "target_code_with_indent": "\nfrom typing import List, Union\n\n",
        "target_code_with_indent_exact_match": true
      },
      {
        "hunk_fit_TFix": true,
        "inside_window": true,
        "delete_only": false,
        "has_suppression": false,
        "source_code": "        volume_kms_key=None,\n        depends_on: List[str] = None,\n        **kwargs,\n",
        "source_code_len": 85,
        "target_code": "        volume_kms_key=None,\n        depends_on: Union[List[str], List[Step]] = None,\n        **kwargs,\n",
        "target_code_len": 104,
        "diff_format": "@@ -231,3 +231,3 @@\n         volume_kms_key=None,\n-        depends_on: List[str] = None,\n+        depends_on: Union[List[str], List[Step]] = None,\n         **kwargs,\n",
        "source_code_with_indent": "        volume_kms_key=None,\n        depends_on: List[str] = None,\n        **kwargs,\n",
        "source_code_with_indent_exact_match": true,
        "target_code_with_indent": "        volume_kms_key=None,\n        depends_on: Union[List[str], List[Step]] = None,\n        **kwargs,\n",
        "target_code_with_indent_exact_match": true
      }
    ]
  }
]