[
  {
    "project": "awslabs/sockeye",
    "commit": "cd1161a0537e9e88b8dbbd193a7258208670475b",
    "filename": "sockeye/inference.py",
    "filename_after_commit": "/home/chowyi/TypeAnnotation_Study/GitHub/awslabs-sockeye/sockeye/inference.py",
    "file_hunks_size": 8,
    "min_patch_found": false,
    "single_hunk": false,
    "fit_TFix": false,
    "delete_only_patch": false,
    "has_suppression_all_hunks": false,
    "full_warning_msg": "sockeye/inference.py:805:17 Incompatible variable type [9]: beam_history is declared to have type `List[Optional[Dict[str, List[typing.Any]]]]` but is used as type `None`.",
    "message": " beam_history is declared to have type `List[Optional[Dict[str, List[typing.Any]]]]` but is used as type `None`.",
    "rule_id": "Incompatible variable type [9]",
    "warning_line_no": 805,
    "warning_line": "                 beam_history: List[Optional[BeamHistory]] = None) -> None:"
  },
  {
    "project": "awslabs/sockeye",
    "commit": "cd1161a0537e9e88b8dbbd193a7258208670475b",
    "filename": "sockeye/inference.py",
    "filename_after_commit": "/home/chowyi/TypeAnnotation_Study/GitHub/awslabs-sockeye/sockeye/inference.py",
    "file_hunks_size": 8,
    "min_patch_found": false,
    "single_hunk": false,
    "fit_TFix": false,
    "delete_only_patch": false,
    "has_suppression_all_hunks": false,
    "full_warning_msg": "sockeye/inference.py:912:34 Incompatible parameter type [6]: Expected `Dict[str, List[typing.Any]]` for 1st positional only parameter to call `list.append` but got `Optional[Dict[str, List[typing.Any]]]`.",
    "message": " Expected `Dict[str, List[typing.Any]]` for 1st positional only parameter to call `list.append` but got `Optional[Dict[str, List[typing.Any]]]`.",
    "rule_id": "Incompatible parameter type [6]",
    "warning_line_no": 912,
    "warning_line": "            beam_histories.append(translation.beam_history[0])"
  },
  {
    "project": "awslabs/sockeye",
    "commit": "cd1161a0537e9e88b8dbbd193a7258208670475b",
    "filename": "sockeye/inference.py",
    "filename_after_commit": "/home/chowyi/TypeAnnotation_Study/GitHub/awslabs-sockeye/sockeye/inference.py",
    "file_hunks_size": 8,
    "min_patch_found": false,
    "single_hunk": false,
    "fit_TFix": false,
    "delete_only_patch": false,
    "has_suppression_all_hunks": false,
    "full_warning_msg": "sockeye/inference.py:931:69 Incompatible parameter type [6]: Expected `List[Optional[Dict[str, List[typing.Any]]]]` for 4th positional only parameter to call `Translation.__init__` but got `List[Dict[str, List[typing.Any]]]`.",
    "message": " Expected `List[Optional[Dict[str, List[typing.Any]]]]` for 4th positional only parameter to call `Translation.__init__` but got `List[Dict[str, List[typing.Any]]]`.",
    "rule_id": "Incompatible parameter type [6]",
    "warning_line_no": 931,
    "warning_line": "    return Translation(target_ids, attention_matrix_combined, score, beam_histories)"
  },
  {
    "project": "awslabs/sockeye",
    "commit": "cd1161a0537e9e88b8dbbd193a7258208670475b",
    "filename": "sockeye/inference.py",
    "filename_after_commit": "/home/chowyi/TypeAnnotation_Study/GitHub/awslabs-sockeye/sockeye/inference.py",
    "file_hunks_size": 8,
    "min_patch_found": false,
    "single_hunk": false,
    "fit_TFix": false,
    "delete_only_patch": false,
    "has_suppression_all_hunks": false,
    "full_warning_msg": "sockeye/inference.py:1231:32 Incompatible parameter type [6]: Expected `Optional[List[Dict[str, List[typing.Any]]]]` for 6th parameter `beam_histories` to call `TranslatorOutput.__init__` but got `List[Optional[Dict[str, List[typing.Any]]]]`.",
    "message": " Expected `Optional[List[Dict[str, List[typing.Any]]]]` for 6th parameter `beam_histories` to call `TranslatorOutput.__init__` but got `List[Optional[Dict[str, List[typing.Any]]]]`.",
    "rule_id": "Incompatible parameter type [6]",
    "warning_line_no": 1231,
    "warning_line": "                                beam_histories=beam_histories)"
  }
]