[
  {
    "project": "argoai/argoverse-api",
    "commit": "c8ff45fb6a50e0a6e1f1355a9ce9aafdfa8dfcf3",
    "filename": "tests/test_frustum_clipping.py",
    "filename_after_commit": "/home/chowyi/TypeAnnotation_Study/GitHub/argoai-argoverse-api/tests/test_frustum_clipping.py",
    "file_hunks_size": 5,
    "min_patch_found": true,
    "single_hunk": true,
    "fit_TFix": true,
    "delete_only_patch": false,
    "has_suppression_all_hunks": false,
    "full_warning_msg": "tests/test_frustum_clipping.py:171:48 Incompatible parameter type [6]: Expected `int` for 2nd positional only parameter to call `form_right_clipping_plane` but got `float`.",
    "message": " Expected `int` for 2nd positional only parameter to call `form_right_clipping_plane` but got `float`.",
    "rule_id": "Incompatible parameter type [6]",
    "warning_line_no": 171,
    "warning_line": "    right_plane = form_right_clipping_plane(fx, img_width)",
    "min_patch": [
      {
        "hunk_fit_TFix": true,
        "inside_window": true,
        "delete_only": false,
        "has_suppression": false,
        "source_code": "    fx = 10.0\n    img_width = 30.0\n    right_plane = form_right_clipping_plane(fx, img_width)\n",
        "source_code_len": 94,
        "target_code": "    fx = 10.0\n    img_width = 30\n    right_plane = form_right_clipping_plane(fx, img_width)\n",
        "target_code_len": 92,
        "diff_format": "@@ -169,3 +169,3 @@\n     fx = 10.0\n-    img_width = 30.0\n+    img_width = 30\n     right_plane = form_right_clipping_plane(fx, img_width)\n",
        "source_code_with_indent": "    fx = 10.0\n    img_width = 30.0\n    right_plane = form_right_clipping_plane(fx, img_width)\n",
        "source_code_with_indent_exact_match": true,
        "target_code_with_indent": "    fx = 10.0\n    img_width = 30\n    right_plane = form_right_clipping_plane(fx, img_width)\n",
        "target_code_with_indent_exact_match": true
      }
    ]
  },
  {
    "project": "argoai/argoverse-api",
    "commit": "c8ff45fb6a50e0a6e1f1355a9ce9aafdfa8dfcf3",
    "filename": "tests/test_frustum_clipping.py",
    "filename_after_commit": "/home/chowyi/TypeAnnotation_Study/GitHub/argoai-argoverse-api/tests/test_frustum_clipping.py",
    "file_hunks_size": 5,
    "min_patch_found": true,
    "single_hunk": true,
    "fit_TFix": true,
    "delete_only_patch": false,
    "has_suppression_all_hunks": false,
    "full_warning_msg": "tests/test_frustum_clipping.py:191:46 Incompatible parameter type [6]: Expected `int` for 2nd positional only parameter to call `form_left_clipping_plane` but got `float`.",
    "message": " Expected `int` for 2nd positional only parameter to call `form_left_clipping_plane` but got `float`.",
    "rule_id": "Incompatible parameter type [6]",
    "warning_line_no": 191,
    "warning_line": "    left_plane = form_left_clipping_plane(fx, img_width)",
    "min_patch": [
      {
        "hunk_fit_TFix": true,
        "inside_window": true,
        "delete_only": false,
        "has_suppression": false,
        "source_code": "    fx = 10.0\n    img_width = 30.0\n    left_plane = form_left_clipping_plane(fx, img_width)\n",
        "source_code_len": 92,
        "target_code": "    fx = 10.0\n    img_width = 30\n    left_plane = form_left_clipping_plane(fx, img_width)\n",
        "target_code_len": 90,
        "diff_format": "@@ -189,3 +189,3 @@\n     fx = 10.0\n-    img_width = 30.0\n+    img_width = 30\n     left_plane = form_left_clipping_plane(fx, img_width)\n",
        "source_code_with_indent": "    fx = 10.0\n    img_width = 30.0\n    left_plane = form_left_clipping_plane(fx, img_width)\n",
        "source_code_with_indent_exact_match": true,
        "target_code_with_indent": "    fx = 10.0\n    img_width = 30\n    left_plane = form_left_clipping_plane(fx, img_width)\n",
        "target_code_with_indent_exact_match": true
      }
    ]
  },
  {
    "project": "argoai/argoverse-api",
    "commit": "c8ff45fb6a50e0a6e1f1355a9ce9aafdfa8dfcf3",
    "filename": "tests/test_frustum_clipping.py",
    "filename_after_commit": "/home/chowyi/TypeAnnotation_Study/GitHub/argoai-argoverse-api/tests/test_frustum_clipping.py",
    "file_hunks_size": 5,
    "min_patch_found": true,
    "single_hunk": true,
    "fit_TFix": true,
    "delete_only_patch": false,
    "has_suppression_all_hunks": false,
    "full_warning_msg": "tests/test_frustum_clipping.py:210:44 Incompatible parameter type [6]: Expected `int` for 2nd positional only parameter to call `form_top_clipping_plane` but got `float`.",
    "message": " Expected `int` for 2nd positional only parameter to call `form_top_clipping_plane` but got `float`.",
    "rule_id": "Incompatible parameter type [6]",
    "warning_line_no": 210,
    "warning_line": "    top_plane = form_top_clipping_plane(fx, img_height)",
    "min_patch": [
      {
        "hunk_fit_TFix": true,
        "inside_window": true,
        "delete_only": false,
        "has_suppression": false,
        "source_code": "    fx = 10.0\n    img_height = 45.0\n    top_plane = form_top_clipping_plane(fx, img_height)\n",
        "source_code_len": 92,
        "target_code": "    fx = 10.0\n    img_height = 45\n    top_plane = form_top_clipping_plane(fx, img_height)\n",
        "target_code_len": 90,
        "diff_format": "@@ -208,3 +208,3 @@\n     fx = 10.0\n-    img_height = 45.0\n+    img_height = 45\n     top_plane = form_top_clipping_plane(fx, img_height)\n",
        "source_code_with_indent": "    fx = 10.0\n    img_height = 45.0\n    top_plane = form_top_clipping_plane(fx, img_height)\n",
        "source_code_with_indent_exact_match": true,
        "target_code_with_indent": "    fx = 10.0\n    img_height = 45\n    top_plane = form_top_clipping_plane(fx, img_height)\n",
        "target_code_with_indent_exact_match": true
      }
    ]
  },
  {
    "project": "argoai/argoverse-api",
    "commit": "c8ff45fb6a50e0a6e1f1355a9ce9aafdfa8dfcf3",
    "filename": "tests/test_frustum_clipping.py",
    "filename_after_commit": "/home/chowyi/TypeAnnotation_Study/GitHub/argoai-argoverse-api/tests/test_frustum_clipping.py",
    "file_hunks_size": 5,
    "min_patch_found": true,
    "single_hunk": true,
    "fit_TFix": true,
    "delete_only_patch": false,
    "has_suppression_all_hunks": false,
    "full_warning_msg": "tests/test_frustum_clipping.py:230:44 Incompatible parameter type [6]: Expected `int` for 2nd positional only parameter to call `form_low_clipping_plane` but got `float`.",
    "message": " Expected `int` for 2nd positional only parameter to call `form_low_clipping_plane` but got `float`.",
    "rule_id": "Incompatible parameter type [6]",
    "warning_line_no": 230,
    "warning_line": "    low_plane = form_low_clipping_plane(fx, img_height)",
    "min_patch": [
      {
        "hunk_fit_TFix": true,
        "inside_window": true,
        "delete_only": false,
        "has_suppression": false,
        "source_code": "    fx = 12.0\n    img_height = 35.0\n    low_plane = form_low_clipping_plane(fx, img_height)\n",
        "source_code_len": 92,
        "target_code": "    fx = 12.0\n    img_height = 35\n    low_plane = form_low_clipping_plane(fx, img_height)\n",
        "target_code_len": 90,
        "diff_format": "@@ -228,3 +228,3 @@\n     fx = 12.0\n-    img_height = 35.0\n+    img_height = 35\n     low_plane = form_low_clipping_plane(fx, img_height)\n",
        "source_code_with_indent": "    fx = 12.0\n    img_height = 35.0\n    low_plane = form_low_clipping_plane(fx, img_height)\n",
        "source_code_with_indent_exact_match": true,
        "target_code_with_indent": "    fx = 12.0\n    img_height = 35\n    low_plane = form_low_clipping_plane(fx, img_height)\n",
        "target_code_with_indent_exact_match": true
      }
    ]
  }
]