[
  {
    "project": "althonos/pronto",
    "commit": "af883d168d43509964c1b0a6b580260cebb0b3f7",
    "filename": "pronto/relationship.py",
    "filename_after_commit": "/home/chowyi/TypeAnnotation_Study/GitHub/althonos-pronto/pronto/relationship.py",
    "file_hunks_size": 10,
    "min_patch_found": false,
    "single_hunk": false,
    "fit_TFix": false,
    "delete_only_patch": false,
    "has_suppression_all_hunks": false,
    "full_warning_msg": "pronto/relationship.py:302:8 Incompatible return type [7]: Expected `frozenset[Tuple[Relationship, Relationship]]` but got `frozenset[typing.Tuple[pronto.term.Term, ...]]`.",
    "message": " Expected `frozenset[Tuple[Relationship, Relationship]]` but got `frozenset[typing.Tuple[pronto.term.Term, ...]]`.",
    "rule_id": "Incompatible return type [7]",
    "warning_line_no": 302,
    "warning_line": "        return frozenset("
  }
]