[
  {
    "project": "archlinux/archinstall",
    "commit": "4ff35663b80e1bb40c44d4ceee85700ef428cab0",
    "filename": "profiles/52-54-00-12-34-56.py",
    "filename_after_commit": "/home/chowyi/TypeAnnotation_Study/GitHub/archlinux-archinstall/profiles/52-54-00-12-34-56.py",
    "file_hunks_size": 1,
    "min_patch_found": false,
    "single_hunk": false,
    "fit_TFix": false,
    "delete_only_patch": false,
    "has_suppression_all_hunks": false,
    "full_warning_msg": "profiles/52-54-00-12-34-56.py:8:35 Unbound name [10]: Name `installation` is used but not defined in the current scope.",
    "message": " Name `installation` is used but not defined in the current scope.",
    "rule_id": "Unbound name [10]",
    "warning_line_no": 8,
    "warning_line": "\tawesome = archinstall.Application(installation, 'postgresql')"
  },
  {
    "project": "archlinux/archinstall",
    "commit": "4ff35663b80e1bb40c44d4ceee85700ef428cab0",
    "filename": "profiles/applications/awesome.py",
    "filename_after_commit": "/home/chowyi/TypeAnnotation_Study/GitHub/archlinux-archinstall/profiles/applications/awesome.py",
    "file_hunks_size": 2,
    "min_patch_found": false,
    "single_hunk": false,
    "fit_TFix": false,
    "delete_only_patch": false,
    "has_suppression_all_hunks": false,
    "full_warning_msg": "profiles/applications/awesome.py:5:0 Unbound name [10]: Name `installation` is used but not defined in the current scope.",
    "message": " Name `installation` is used but not defined in the current scope.",
    "rule_id": "Unbound name [10]",
    "warning_line_no": 5,
    "warning_line": "installation.install_profile('xorg')"
  },
  {
    "project": "archlinux/archinstall",
    "commit": "4ff35663b80e1bb40c44d4ceee85700ef428cab0",
    "filename": "profiles/applications/cockpit.py",
    "filename_after_commit": "/home/chowyi/TypeAnnotation_Study/GitHub/archlinux-archinstall/profiles/applications/cockpit.py",
    "file_hunks_size": 1,
    "min_patch_found": false,
    "single_hunk": false,
    "fit_TFix": false,
    "delete_only_patch": false,
    "has_suppression_all_hunks": false,
    "full_warning_msg": "profiles/applications/cockpit.py:7:0 Unbound name [10]: Name `installation` is used but not defined in the current scope.",
    "message": " Name `installation` is used but not defined in the current scope.",
    "rule_id": "Unbound name [10]",
    "warning_line_no": 7,
    "warning_line": "installation.add_additional_packages(__packages__)"
  },
  {
    "project": "archlinux/archinstall",
    "commit": "4ff35663b80e1bb40c44d4ceee85700ef428cab0",
    "filename": "profiles/applications/docker.py",
    "filename_after_commit": "/home/chowyi/TypeAnnotation_Study/GitHub/archlinux-archinstall/profiles/applications/docker.py",
    "file_hunks_size": 1,
    "min_patch_found": false,
    "single_hunk": false,
    "fit_TFix": false,
    "delete_only_patch": false,
    "has_suppression_all_hunks": false,
    "full_warning_msg": "profiles/applications/docker.py:7:0 Unbound name [10]: Name `installation` is used but not defined in the current scope.",
    "message": " Name `installation` is used but not defined in the current scope.",
    "rule_id": "Unbound name [10]",
    "warning_line_no": 7,
    "warning_line": "installation.add_additional_packages(__packages__)"
  },
  {
    "project": "archlinux/archinstall",
    "commit": "4ff35663b80e1bb40c44d4ceee85700ef428cab0",
    "filename": "profiles/applications/httpd.py",
    "filename_after_commit": "/home/chowyi/TypeAnnotation_Study/GitHub/archlinux-archinstall/profiles/applications/httpd.py",
    "file_hunks_size": 1,
    "min_patch_found": false,
    "single_hunk": false,
    "fit_TFix": false,
    "delete_only_patch": false,
    "has_suppression_all_hunks": false,
    "full_warning_msg": "profiles/applications/httpd.py:7:0 Unbound name [10]: Name `installation` is used but not defined in the current scope.",
    "message": " Name `installation` is used but not defined in the current scope.",
    "rule_id": "Unbound name [10]",
    "warning_line_no": 7,
    "warning_line": "installation.add_additional_packages(__packages__)"
  },
  {
    "project": "archlinux/archinstall",
    "commit": "4ff35663b80e1bb40c44d4ceee85700ef428cab0",
    "filename": "profiles/applications/lighttpd.py",
    "filename_after_commit": "/home/chowyi/TypeAnnotation_Study/GitHub/archlinux-archinstall/profiles/applications/lighttpd.py",
    "file_hunks_size": 1,
    "min_patch_found": false,
    "single_hunk": false,
    "fit_TFix": false,
    "delete_only_patch": false,
    "has_suppression_all_hunks": false,
    "full_warning_msg": "profiles/applications/lighttpd.py:7:0 Unbound name [10]: Name `installation` is used but not defined in the current scope.",
    "message": " Name `installation` is used but not defined in the current scope.",
    "rule_id": "Unbound name [10]",
    "warning_line_no": 7,
    "warning_line": "installation.add_additional_packages(__packages__)"
  },
  {
    "project": "archlinux/archinstall",
    "commit": "4ff35663b80e1bb40c44d4ceee85700ef428cab0",
    "filename": "profiles/applications/mariadb.py",
    "filename_after_commit": "/home/chowyi/TypeAnnotation_Study/GitHub/archlinux-archinstall/profiles/applications/mariadb.py",
    "file_hunks_size": 1,
    "min_patch_found": false,
    "single_hunk": false,
    "fit_TFix": false,
    "delete_only_patch": false,
    "has_suppression_all_hunks": false,
    "full_warning_msg": "profiles/applications/mariadb.py:7:0 Unbound name [10]: Name `installation` is used but not defined in the current scope.",
    "message": " Name `installation` is used but not defined in the current scope.",
    "rule_id": "Unbound name [10]",
    "warning_line_no": 7,
    "warning_line": "installation.add_additional_packages(__packages__)"
  },
  {
    "project": "archlinux/archinstall",
    "commit": "4ff35663b80e1bb40c44d4ceee85700ef428cab0",
    "filename": "profiles/applications/nginx.py",
    "filename_after_commit": "/home/chowyi/TypeAnnotation_Study/GitHub/archlinux-archinstall/profiles/applications/nginx.py",
    "file_hunks_size": 1,
    "min_patch_found": false,
    "single_hunk": false,
    "fit_TFix": false,
    "delete_only_patch": false,
    "has_suppression_all_hunks": false,
    "full_warning_msg": "profiles/applications/nginx.py:7:0 Unbound name [10]: Name `installation` is used but not defined in the current scope.",
    "message": " Name `installation` is used but not defined in the current scope.",
    "rule_id": "Unbound name [10]",
    "warning_line_no": 7,
    "warning_line": "installation.add_additional_packages(__packages__)"
  },
  {
    "project": "archlinux/archinstall",
    "commit": "4ff35663b80e1bb40c44d4ceee85700ef428cab0",
    "filename": "profiles/applications/postgresql.py",
    "min_patch_found": false,
    "full_warning_msg": "profiles/applications/postgresql.py:7:0 Unbound name [10]: Name `installation` is used but not defined in the current scope.",
    "exception": "'bool' object has no attribute 'items'",
    "dd_fail": true
  },
  {
    "project": "archlinux/archinstall",
    "commit": "4ff35663b80e1bb40c44d4ceee85700ef428cab0",
    "filename": "profiles/applications/sshd.py",
    "filename_after_commit": "/home/chowyi/TypeAnnotation_Study/GitHub/archlinux-archinstall/profiles/applications/sshd.py",
    "file_hunks_size": 1,
    "min_patch_found": false,
    "single_hunk": false,
    "fit_TFix": false,
    "delete_only_patch": false,
    "has_suppression_all_hunks": false,
    "full_warning_msg": "profiles/applications/sshd.py:7:0 Unbound name [10]: Name `installation` is used but not defined in the current scope.",
    "message": " Name `installation` is used but not defined in the current scope.",
    "rule_id": "Unbound name [10]",
    "warning_line_no": 7,
    "warning_line": "installation.add_additional_packages(__packages__)"
  },
  {
    "project": "archlinux/archinstall",
    "commit": "4ff35663b80e1bb40c44d4ceee85700ef428cab0",
    "filename": "profiles/applications/tomcat.py",
    "filename_after_commit": "/home/chowyi/TypeAnnotation_Study/GitHub/archlinux-archinstall/profiles/applications/tomcat.py",
    "file_hunks_size": 1,
    "min_patch_found": false,
    "single_hunk": false,
    "fit_TFix": false,
    "delete_only_patch": false,
    "has_suppression_all_hunks": false,
    "full_warning_msg": "profiles/applications/tomcat.py:10:0 Unbound name [10]: Name `installation` is used but not defined in the current scope.",
    "message": " Name `installation` is used but not defined in the current scope.",
    "rule_id": "Unbound name [10]",
    "warning_line_no": 10,
    "warning_line": "installation.add_additional_packages(__packages__)"
  },
  {
    "project": "archlinux/archinstall",
    "commit": "4ff35663b80e1bb40c44d4ceee85700ef428cab0",
    "filename": "profiles/awesome.py",
    "filename_after_commit": "/home/chowyi/TypeAnnotation_Study/GitHub/archlinux-archinstall/profiles/awesome.py",
    "file_hunks_size": 3,
    "min_patch_found": false,
    "single_hunk": false,
    "fit_TFix": false,
    "delete_only_patch": false,
    "has_suppression_all_hunks": false,
    "full_warning_msg": "profiles/awesome.py:33:35 Unbound name [10]: Name `installation` is used but not defined in the current scope.",
    "message": " Name `installation` is used but not defined in the current scope.",
    "rule_id": "Unbound name [10]",
    "warning_line_no": 33,
    "warning_line": "\tawesome = archinstall.Application(installation, 'awesome')"
  },
  {
    "project": "archlinux/archinstall",
    "commit": "4ff35663b80e1bb40c44d4ceee85700ef428cab0",
    "filename": "profiles/budgie.py",
    "filename_after_commit": "/home/chowyi/TypeAnnotation_Study/GitHub/archlinux-archinstall/profiles/budgie.py",
    "file_hunks_size": 1,
    "min_patch_found": false,
    "single_hunk": false,
    "fit_TFix": false,
    "delete_only_patch": false,
    "has_suppression_all_hunks": false,
    "full_warning_msg": "profiles/budgie.py:31:1 Unbound name [10]: Name `installation` is used but not defined in the current scope.",
    "message": " Name `installation` is used but not defined in the current scope.",
    "rule_id": "Unbound name [10]",
    "warning_line_no": 31,
    "warning_line": "\tinstallation.install_profile('xorg')"
  },
  {
    "project": "archlinux/archinstall",
    "commit": "4ff35663b80e1bb40c44d4ceee85700ef428cab0",
    "filename": "profiles/cinnamon.py",
    "filename_after_commit": "/home/chowyi/TypeAnnotation_Study/GitHub/archlinux-archinstall/profiles/cinnamon.py",
    "file_hunks_size": 1,
    "min_patch_found": false,
    "single_hunk": false,
    "fit_TFix": false,
    "delete_only_patch": false,
    "has_suppression_all_hunks": false,
    "full_warning_msg": "profiles/cinnamon.py:30:1 Unbound name [10]: Name `installation` is used but not defined in the current scope.",
    "message": " Name `installation` is used but not defined in the current scope.",
    "rule_id": "Unbound name [10]",
    "warning_line_no": 30,
    "warning_line": "\tinstallation.install_profile('xorg')"
  },
  {
    "project": "archlinux/archinstall",
    "commit": "4ff35663b80e1bb40c44d4ceee85700ef428cab0",
    "filename": "profiles/deepin.py",
    "filename_after_commit": "/home/chowyi/TypeAnnotation_Study/GitHub/archlinux-archinstall/profiles/deepin.py",
    "file_hunks_size": 1,
    "min_patch_found": false,
    "single_hunk": false,
    "fit_TFix": false,
    "delete_only_patch": false,
    "has_suppression_all_hunks": false,
    "full_warning_msg": "profiles/deepin.py:31:1 Unbound name [10]: Name `installation` is used but not defined in the current scope.",
    "message": " Name `installation` is used but not defined in the current scope.",
    "rule_id": "Unbound name [10]",
    "warning_line_no": 31,
    "warning_line": "\tinstallation.install_profile('xorg')"
  },
  {
    "project": "archlinux/archinstall",
    "commit": "4ff35663b80e1bb40c44d4ceee85700ef428cab0",
    "filename": "profiles/desktop.py",
    "filename_after_commit": "/home/chowyi/TypeAnnotation_Study/GitHub/archlinux-archinstall/profiles/desktop.py",
    "file_hunks_size": 1,
    "min_patch_found": false,
    "single_hunk": false,
    "fit_TFix": false,
    "delete_only_patch": false,
    "has_suppression_all_hunks": false,
    "full_warning_msg": "profiles/desktop.py:51:1 Unbound name [10]: Name `installation` is used but not defined in the current scope.",
    "message": " Name `installation` is used but not defined in the current scope.",
    "rule_id": "Unbound name [10]",
    "warning_line_no": 51,
    "warning_line": "\tinstallation.add_additional_packages(__packages__)"
  },
  {
    "project": "archlinux/archinstall",
    "commit": "4ff35663b80e1bb40c44d4ceee85700ef428cab0",
    "filename": "profiles/gnome.py",
    "filename_after_commit": "/home/chowyi/TypeAnnotation_Study/GitHub/archlinux-archinstall/profiles/gnome.py",
    "file_hunks_size": 1,
    "min_patch_found": false,
    "single_hunk": false,
    "fit_TFix": false,
    "delete_only_patch": false,
    "has_suppression_all_hunks": false,
    "full_warning_msg": "profiles/gnome.py:32:1 Unbound name [10]: Name `installation` is used but not defined in the current scope.",
    "message": " Name `installation` is used but not defined in the current scope.",
    "rule_id": "Unbound name [10]",
    "warning_line_no": 32,
    "warning_line": "\tinstallation.install_profile('xorg')"
  },
  {
    "project": "archlinux/archinstall",
    "commit": "4ff35663b80e1bb40c44d4ceee85700ef428cab0",
    "filename": "profiles/i3.py",
    "filename_after_commit": "/home/chowyi/TypeAnnotation_Study/GitHub/archlinux-archinstall/profiles/i3.py",
    "file_hunks_size": 1,
    "min_patch_found": false,
    "single_hunk": false,
    "fit_TFix": false,
    "delete_only_patch": false,
    "has_suppression_all_hunks": false,
    "full_warning_msg": "profiles/i3.py:51:1 Unbound name [10]: Name `installation` is used but not defined in the current scope.",
    "message": " Name `installation` is used but not defined in the current scope.",
    "rule_id": "Unbound name [10]",
    "warning_line_no": 51,
    "warning_line": "\tinstallation.add_additional_packages(__packages__[:4])"
  },
  {
    "project": "archlinux/archinstall",
    "commit": "4ff35663b80e1bb40c44d4ceee85700ef428cab0",
    "filename": "profiles/kde.py",
    "filename_after_commit": "/home/chowyi/TypeAnnotation_Study/GitHub/archlinux-archinstall/profiles/kde.py",
    "file_hunks_size": 1,
    "min_patch_found": false,
    "single_hunk": false,
    "fit_TFix": false,
    "delete_only_patch": false,
    "has_suppression_all_hunks": false,
    "full_warning_msg": "profiles/kde.py:40:1 Unbound name [10]: Name `installation` is used but not defined in the current scope.",
    "message": " Name `installation` is used but not defined in the current scope.",
    "rule_id": "Unbound name [10]",
    "warning_line_no": 40,
    "warning_line": "\tinstallation.install_profile('xorg')"
  },
  {
    "project": "archlinux/archinstall",
    "commit": "4ff35663b80e1bb40c44d4ceee85700ef428cab0",
    "filename": "profiles/lxqt.py",
    "filename_after_commit": "/home/chowyi/TypeAnnotation_Study/GitHub/archlinux-archinstall/profiles/lxqt.py",
    "file_hunks_size": 1,
    "min_patch_found": false,
    "single_hunk": false,
    "fit_TFix": false,
    "delete_only_patch": false,
    "has_suppression_all_hunks": false,
    "full_warning_msg": "profiles/lxqt.py:31:1 Unbound name [10]: Name `installation` is used but not defined in the current scope.",
    "message": " Name `installation` is used but not defined in the current scope.",
    "rule_id": "Unbound name [10]",
    "warning_line_no": 31,
    "warning_line": "\tinstallation.install_profile('xorg')"
  },
  {
    "project": "archlinux/archinstall",
    "commit": "4ff35663b80e1bb40c44d4ceee85700ef428cab0",
    "filename": "profiles/mate.py",
    "filename_after_commit": "/home/chowyi/TypeAnnotation_Study/GitHub/archlinux-archinstall/profiles/mate.py",
    "file_hunks_size": 1,
    "min_patch_found": false,
    "single_hunk": false,
    "fit_TFix": false,
    "delete_only_patch": false,
    "has_suppression_all_hunks": false,
    "full_warning_msg": "profiles/mate.py:30:1 Unbound name [10]: Name `installation` is used but not defined in the current scope.",
    "message": " Name `installation` is used but not defined in the current scope.",
    "rule_id": "Unbound name [10]",
    "warning_line_no": 30,
    "warning_line": "\tinstallation.install_profile('xorg')"
  },
  {
    "project": "archlinux/archinstall",
    "commit": "4ff35663b80e1bb40c44d4ceee85700ef428cab0",
    "filename": "profiles/server.py",
    "filename_after_commit": "/home/chowyi/TypeAnnotation_Study/GitHub/archlinux-archinstall/profiles/server.py",
    "file_hunks_size": 1,
    "min_patch_found": false,
    "single_hunk": false,
    "fit_TFix": false,
    "delete_only_patch": false,
    "has_suppression_all_hunks": false,
    "full_warning_msg": "profiles/server.py:27:32 Unbound name [10]: Name `installation` is used but not defined in the current scope.",
    "message": " Name `installation` is used but not defined in the current scope.",
    "rule_id": "Unbound name [10]",
    "warning_line_no": 27,
    "warning_line": "\t\tapp = archinstall.Application(installation, server)"
  },
  {
    "project": "archlinux/archinstall",
    "commit": "4ff35663b80e1bb40c44d4ceee85700ef428cab0",
    "filename": "profiles/sway.py",
    "filename_after_commit": "/home/chowyi/TypeAnnotation_Study/GitHub/archlinux-archinstall/profiles/sway.py",
    "file_hunks_size": 1,
    "min_patch_found": false,
    "single_hunk": false,
    "fit_TFix": false,
    "delete_only_patch": false,
    "has_suppression_all_hunks": false,
    "full_warning_msg": "profiles/sway.py:47:1 Unbound name [10]: Name `installation` is used but not defined in the current scope.",
    "message": " Name `installation` is used but not defined in the current scope.",
    "rule_id": "Unbound name [10]",
    "warning_line_no": 47,
    "warning_line": "\tinstallation.add_additional_packages(__packages__)"
  },
  {
    "project": "archlinux/archinstall",
    "commit": "4ff35663b80e1bb40c44d4ceee85700ef428cab0",
    "filename": "profiles/xfce4.py",
    "filename_after_commit": "/home/chowyi/TypeAnnotation_Study/GitHub/archlinux-archinstall/profiles/xfce4.py",
    "file_hunks_size": 1,
    "min_patch_found": false,
    "single_hunk": false,
    "fit_TFix": false,
    "delete_only_patch": false,
    "has_suppression_all_hunks": false,
    "full_warning_msg": "profiles/xfce4.py:31:1 Unbound name [10]: Name `installation` is used but not defined in the current scope.",
    "message": " Name `installation` is used but not defined in the current scope.",
    "rule_id": "Unbound name [10]",
    "warning_line_no": 31,
    "warning_line": "\tinstallation.install_profile('xorg')"
  },
  {
    "project": "archlinux/archinstall",
    "commit": "4ff35663b80e1bb40c44d4ceee85700ef428cab0",
    "filename": "profiles/xorg.py",
    "min_patch_found": false,
    "full_warning_msg": "profiles/xorg.py:31:21 Unbound name [10]: Name `installation` is used but not defined in the current scope.",
    "exception": "'bool' object has no attribute 'items'",
    "dd_fail": true
  }
]