[
  {
    "project": "aws/chalice",
    "commit": "69fb1e6b0b0fb70e2342052abd977f57f924210b",
    "filename": "chalice/app.pyi",
    "filename_after_commit": "/home/chowyi/TypeAnnotation_Study/GitHub/aws-chalice/chalice/app.pyi",
    "file_hunks_size": 18,
    "min_patch_found": true,
    "single_hunk": true,
    "fit_TFix": true,
    "delete_only_patch": false,
    "has_suppression_all_hunks": false,
    "full_warning_msg": "chalice/app.pyi:49:46 Incompatible variable type [9]: allow_headers is declared to have type `Set[str]` but is used as type `None`.",
    "message": " allow_headers is declared to have type `Set[str]` but is used as type `None`.",
    "rule_id": "Incompatible variable type [9]",
    "warning_line_no": 49,
    "warning_line": "    def __init__(self, allow_origin: str='*', allow_headers: Set[str]=None,",
    "min_patch": [
      {
        "hunk_fit_TFix": true,
        "inside_window": true,
        "delete_only": false,
        "has_suppression": false,
        "source_code": "\n    def __init__(self, allow_origin: str='*', allow_headers: Set[str]=None,\n                 expose_headers: Set[str]=None, max_age: Optional[int]=None,\n                 allow_credentials: Optional[bool]=None) -> None: ...\n\n",
        "source_code_len": 225,
        "target_code": "\n    def __init__(self, allow_origin: str=..., allow_headers: Set[str]=...,\n                 expose_headers: Set[str]=..., max_age: Optional[int]=...,\n                 allow_credentials: Optional[bool]=...) -> None: ...\n\n",
        "target_code_len": 221,
        "diff_format": "@@ -48,5 +46,5 @@\n \n-    def __init__(self, allow_origin: str='*', allow_headers: Set[str]=None,\n-                 expose_headers: Set[str]=None, max_age: Optional[int]=None,\n-                 allow_credentials: Optional[bool]=None) -> None: ...\n+    def __init__(self, allow_origin: str=..., allow_headers: Set[str]=...,\n+                 expose_headers: Set[str]=..., max_age: Optional[int]=...,\n+                 allow_credentials: Optional[bool]=...) -> None: ...\n \n",
        "source_code_with_indent": "\n    def __init__(self, allow_origin: str='*', allow_headers: Set[str]=None,\n                 expose_headers: Set[str]=None, max_age: Optional[int]=None,\n                 allow_credentials: Optional[bool]=None) -> None: ...\n\n",
        "source_code_with_indent_exact_match": true,
        "target_code_with_indent": "\n    def __init__(self, allow_origin: str=..., allow_headers: Set[str]=...,\n                 expose_headers: Set[str]=..., max_age: Optional[int]=...,\n                 allow_credentials: Optional[bool]=...) -> None: ...\n\n",
        "target_code_with_indent_exact_match": true
      }
    ]
  },
  {
    "project": "aws/chalice",
    "commit": "69fb1e6b0b0fb70e2342052abd977f57f924210b",
    "filename": "chalice/app.pyi",
    "filename_after_commit": "/home/chowyi/TypeAnnotation_Study/GitHub/aws-chalice/chalice/app.pyi",
    "file_hunks_size": 18,
    "min_patch_found": true,
    "single_hunk": true,
    "fit_TFix": true,
    "delete_only_patch": false,
    "has_suppression_all_hunks": false,
    "full_warning_msg": "chalice/app.pyi:50:17 Incompatible variable type [9]: expose_headers is declared to have type `Set[str]` but is used as type `None`.",
    "message": " expose_headers is declared to have type `Set[str]` but is used as type `None`.",
    "rule_id": "Incompatible variable type [9]",
    "warning_line_no": 50,
    "warning_line": "                 expose_headers: Set[str]=None, max_age: Optional[int]=None,",
    "min_patch": [
      {
        "hunk_fit_TFix": true,
        "inside_window": true,
        "delete_only": false,
        "has_suppression": false,
        "source_code": "\n    def __init__(self, allow_origin: str='*', allow_headers: Set[str]=None,\n                 expose_headers: Set[str]=None, max_age: Optional[int]=None,\n                 allow_credentials: Optional[bool]=None) -> None: ...\n\n",
        "source_code_len": 225,
        "target_code": "\n    def __init__(self, allow_origin: str=..., allow_headers: Set[str]=...,\n                 expose_headers: Set[str]=..., max_age: Optional[int]=...,\n                 allow_credentials: Optional[bool]=...) -> None: ...\n\n",
        "target_code_len": 221,
        "diff_format": "@@ -48,5 +46,5 @@\n \n-    def __init__(self, allow_origin: str='*', allow_headers: Set[str]=None,\n-                 expose_headers: Set[str]=None, max_age: Optional[int]=None,\n-                 allow_credentials: Optional[bool]=None) -> None: ...\n+    def __init__(self, allow_origin: str=..., allow_headers: Set[str]=...,\n+                 expose_headers: Set[str]=..., max_age: Optional[int]=...,\n+                 allow_credentials: Optional[bool]=...) -> None: ...\n \n",
        "source_code_with_indent": "\n    def __init__(self, allow_origin: str='*', allow_headers: Set[str]=None,\n                 expose_headers: Set[str]=None, max_age: Optional[int]=None,\n                 allow_credentials: Optional[bool]=None) -> None: ...\n\n",
        "source_code_with_indent_exact_match": true,
        "target_code_with_indent": "\n    def __init__(self, allow_origin: str=..., allow_headers: Set[str]=...,\n                 expose_headers: Set[str]=..., max_age: Optional[int]=...,\n                 allow_credentials: Optional[bool]=...) -> None: ...\n\n",
        "target_code_with_indent_exact_match": true
      }
    ]
  },
  {
    "project": "aws/chalice",
    "commit": "69fb1e6b0b0fb70e2342052abd977f57f924210b",
    "filename": "chalice/app.pyi",
    "filename_after_commit": "/home/chowyi/TypeAnnotation_Study/GitHub/aws-chalice/chalice/app.pyi",
    "file_hunks_size": 18,
    "min_patch_found": true,
    "single_hunk": true,
    "fit_TFix": true,
    "delete_only_patch": false,
    "has_suppression_all_hunks": false,
    "full_warning_msg": "chalice/app.pyi:86:17 Incompatible variable type [9]: headers is declared to have type `Dict[str, str]` but is used as type `None`.",
    "message": " headers is declared to have type `Dict[str, str]` but is used as type `None`.",
    "rule_id": "Incompatible variable type [9]",
    "warning_line_no": 86,
    "warning_line": "                 headers: Dict[str, str]=None,",
    "min_patch": [
      {
        "hunk_fit_TFix": true,
        "inside_window": true,
        "delete_only": false,
        "has_suppression": false,
        "source_code": "                 body: Any,\n                 headers: Dict[str, str]=None,\n                 status_code: int=200) -> None: ...\n\n    def to_dict(self,\n                binary_types: Optional[List[str]]=None) -> Dict[str, Any]: ...\n\n",
        "source_code_len": 230,
        "target_code": "                 body: Any,\n                 headers: Dict[str, str]=...,\n                 status_code: int=...) -> None: ...\n\n    def to_dict(self,\n                binary_types: Optional[List[str]]=...) -> Dict[str, Any]: ...\n\n",
        "target_code_len": 228,
        "diff_format": "@@ -85,7 +84,7 @@\n                  body: Any,\n-                 headers: Dict[str, str]=None,\n-                 status_code: int=200) -> None: ...\n+                 headers: Dict[str, str]=...,\n+                 status_code: int=...) -> None: ...\n \n     def to_dict(self,\n-                binary_types: Optional[List[str]]=None) -> Dict[str, Any]: ...\n+                binary_types: Optional[List[str]]=...) -> Dict[str, Any]: ...\n \n",
        "source_code_with_indent": "                 body: Any,\n                 headers: Dict[str, str]=None,\n                 status_code: int=200) -> None: ...\n\n    def to_dict(self,\n                binary_types: Optional[List[str]]=None) -> Dict[str, Any]: ...\n\n",
        "source_code_with_indent_exact_match": true,
        "target_code_with_indent": "                 body: Any,\n                 headers: Dict[str, str]=...,\n                 status_code: int=...) -> None: ...\n\n    def to_dict(self,\n                binary_types: Optional[List[str]]=...) -> Dict[str, Any]: ...\n\n",
        "target_code_with_indent_exact_match": true
      }
    ]
  }
]