[
  {
    "project": "angr/angr",
    "commit": "29a1bf6c282846f92c5cb8d5d0b000848199eba5",
    "filename": "simuvex/s_type.py",
    "filename_after_commit": "/home/chowyi/TypeAnnotation_Study/GitHub/angr-angr/simuvex/s_type.py",
    "file_hunks_size": 8,
    "min_patch_found": false,
    "single_hunk": false,
    "fit_TFix": false,
    "delete_only_patch": false,
    "has_suppression_all_hunks": false,
    "full_warning_msg": "simuvex/s_type.py:58:1 Inconsistent override [15]: `_fields` overrides attribute defined in `SimType` inconsistently. Type `typing.Tuple[str]` is not a subtype of the overridden attribute `typing.Tuple[]`.",
    "message": " `_fields` overrides attribute defined in `SimType` inconsistently. Type `typing.Tuple[str]` is not a subtype of the overridden attribute `typing.Tuple[]`.",
    "rule_id": "Inconsistent override [15]",
    "warning_line_no": 58,
    "warning_line": "\t_fields = ('size',)"
  },
  {
    "project": "angr/angr",
    "commit": "29a1bf6c282846f92c5cb8d5d0b000848199eba5",
    "filename": "simuvex/s_type.py",
    "filename_after_commit": "/home/chowyi/TypeAnnotation_Study/GitHub/angr-angr/simuvex/s_type.py",
    "file_hunks_size": 8,
    "min_patch_found": false,
    "single_hunk": false,
    "fit_TFix": false,
    "delete_only_patch": false,
    "has_suppression_all_hunks": false,
    "full_warning_msg": "simuvex/s_type.py:79:1 Inconsistent override [15]: `_fields` overrides attribute defined in `SimTypeReg` inconsistently. Type `typing.Tuple[str, str]` is not a subtype of the overridden attribute `typing.Tuple[str]`.",
    "message": " `_fields` overrides attribute defined in `SimTypeReg` inconsistently. Type `typing.Tuple[str, str]` is not a subtype of the overridden attribute `typing.Tuple[str]`.",
    "rule_id": "Inconsistent override [15]",
    "warning_line_no": 79,
    "warning_line": "\t_fields = ('size', 'signed')"
  },
  {
    "project": "angr/angr",
    "commit": "29a1bf6c282846f92c5cb8d5d0b000848199eba5",
    "filename": "simuvex/s_type.py",
    "filename_after_commit": "/home/chowyi/TypeAnnotation_Study/GitHub/angr-angr/simuvex/s_type.py",
    "file_hunks_size": 8,
    "min_patch_found": false,
    "single_hunk": false,
    "fit_TFix": false,
    "delete_only_patch": false,
    "has_suppression_all_hunks": false,
    "full_warning_msg": "simuvex/s_type.py:99:1 Inconsistent override [15]: `_fields` overrides attribute defined in `SimTypeReg` inconsistently. Type `typing.Tuple[]` is not a subtype of the overridden attribute `typing.Tuple[str]`.",
    "message": " `_fields` overrides attribute defined in `SimTypeReg` inconsistently. Type `typing.Tuple[]` is not a subtype of the overridden attribute `typing.Tuple[str]`.",
    "rule_id": "Inconsistent override [15]",
    "warning_line_no": 99,
    "warning_line": "\t_fields = ()"
  },
  {
    "project": "angr/angr",
    "commit": "29a1bf6c282846f92c5cb8d5d0b000848199eba5",
    "filename": "simuvex/s_type.py",
    "filename_after_commit": "/home/chowyi/TypeAnnotation_Study/GitHub/angr-angr/simuvex/s_type.py",
    "file_hunks_size": 8,
    "min_patch_found": false,
    "single_hunk": false,
    "fit_TFix": false,
    "delete_only_patch": false,
    "has_suppression_all_hunks": false,
    "full_warning_msg": "simuvex/s_type.py:115:1 Inconsistent override [15]: `_fields` overrides attribute defined in `SimTypeReg` inconsistently. Type `typing.Tuple[]` is not a subtype of the overridden attribute `typing.Tuple[str]`.",
    "message": " `_fields` overrides attribute defined in `SimTypeReg` inconsistently. Type `typing.Tuple[]` is not a subtype of the overridden attribute `typing.Tuple[str]`.",
    "rule_id": "Inconsistent override [15]",
    "warning_line_no": 115,
    "warning_line": "\t_fields = ()"
  },
  {
    "project": "angr/angr",
    "commit": "29a1bf6c282846f92c5cb8d5d0b000848199eba5",
    "filename": "simuvex/s_type.py",
    "filename_after_commit": "/home/chowyi/TypeAnnotation_Study/GitHub/angr-angr/simuvex/s_type.py",
    "file_hunks_size": 8,
    "min_patch_found": false,
    "single_hunk": false,
    "fit_TFix": false,
    "delete_only_patch": false,
    "has_suppression_all_hunks": false,
    "full_warning_msg": "simuvex/s_type.py:149:1 Inconsistent override [15]: `_fields` overrides attribute defined in `SimTypePointer` inconsistently. Type `typing.Tuple[str, str]` is not a subtype of the overridden attribute `typing.Tuple[str]`.",
    "message": " `_fields` overrides attribute defined in `SimTypePointer` inconsistently. Type `typing.Tuple[str, str]` is not a subtype of the overridden attribute `typing.Tuple[str]`.",
    "rule_id": "Inconsistent override [15]",
    "warning_line_no": 149,
    "warning_line": "\t_fields = ('elem_type', 'length')"
  },
  {
    "project": "angr/angr",
    "commit": "29a1bf6c282846f92c5cb8d5d0b000848199eba5",
    "filename": "simuvex/s_type.py",
    "filename_after_commit": "/home/chowyi/TypeAnnotation_Study/GitHub/angr-angr/simuvex/s_type.py",
    "file_hunks_size": 8,
    "min_patch_found": false,
    "single_hunk": false,
    "fit_TFix": false,
    "delete_only_patch": false,
    "has_suppression_all_hunks": false,
    "full_warning_msg": "simuvex/s_type.py:169:1 Inconsistent override [15]: `_fields` overrides attribute defined in `SimTypeArray` inconsistently. Type `typing.Tuple[str]` is not a subtype of the overridden attribute `typing.Tuple[str, str]`.",
    "message": " `_fields` overrides attribute defined in `SimTypeArray` inconsistently. Type `typing.Tuple[str]` is not a subtype of the overridden attribute `typing.Tuple[str, str]`.",
    "rule_id": "Inconsistent override [15]",
    "warning_line_no": 169,
    "warning_line": "\t_fields = ('length',)"
  },
  {
    "project": "angr/angr",
    "commit": "29a1bf6c282846f92c5cb8d5d0b000848199eba5",
    "filename": "simuvex/s_type.py",
    "filename_after_commit": "/home/chowyi/TypeAnnotation_Study/GitHub/angr-angr/simuvex/s_type.py",
    "file_hunks_size": 8,
    "min_patch_found": false,
    "single_hunk": false,
    "fit_TFix": false,
    "delete_only_patch": false,
    "has_suppression_all_hunks": false,
    "full_warning_msg": "simuvex/s_type.py:186:1 Inconsistent override [15]: `_fields` overrides attribute defined in `SimTypePointer` inconsistently. Type `typing.Tuple[str, str]` is not a subtype of the overridden attribute `typing.Tuple[str]`.",
    "message": " `_fields` overrides attribute defined in `SimTypePointer` inconsistently. Type `typing.Tuple[str, str]` is not a subtype of the overridden attribute `typing.Tuple[str]`.",
    "rule_id": "Inconsistent override [15]",
    "warning_line_no": 186,
    "warning_line": "\t_fields = ('args', 'returnty')"
  }
]