[
  {
    "project": "asyml/forte",
    "commit": "5bbd15e0130403d1c841df843cf66a275884cb89",
    "filename": "forte/data/base_pack.py",
    "filename_after_commit": "/home/chowyi/TypeAnnotation_Study/GitHub/asyml-forte/forte/data/base_pack.py",
    "file_hunks_size": 7,
    "min_patch_found": true,
    "single_hunk": true,
    "fit_TFix": true,
    "delete_only_patch": false,
    "has_suppression_all_hunks": false,
    "full_warning_msg": "forte/data/base_pack.py:30:8 Incompatible attribute type [8]: Attribute `doc_id` declared in class `BaseMeta` has type `str` but is used as type `Optional[str]`.",
    "message": " Attribute `doc_id` declared in class `BaseMeta` has type `str` but is used as type `Optional[str]`.",
    "rule_id": "Incompatible attribute type [8]",
    "warning_line_no": 30,
    "warning_line": "        self.doc_id: str = doc_id",
    "min_patch": [
      {
        "hunk_fit_TFix": true,
        "inside_window": true,
        "delete_only": false,
        "has_suppression": false,
        "source_code": "    def __init__(self, doc_id: Optional[str] = None):\n        self.doc_id: str = doc_id\n\n",
        "source_code_len": 89,
        "target_code": "    def __init__(self, doc_id: Optional[str] = None):\n        self.doc_id: Optional[str] = doc_id\n\n",
        "target_code_len": 99,
        "diff_format": "@@ -29,3 +29,3 @@\n     def __init__(self, doc_id: Optional[str] = None):\n-        self.doc_id: str = doc_id\n+        self.doc_id: Optional[str] = doc_id\n \n",
        "source_code_with_indent": "    def __init__(self, doc_id: Optional[str] = None):\n        <IND>self.doc_id: str = doc_id\n\n",
        "source_code_with_indent_exact_match": true,
        "target_code_with_indent": "    def __init__(self, doc_id: Optional[str] = None):\n        <IND>self.doc_id: Optional[str] = doc_id\n\n",
        "target_code_with_indent_exact_match": true
      }
    ]
  },
  {
    "project": "asyml/forte",
    "commit": "5bbd15e0130403d1c841df843cf66a275884cb89",
    "filename": "forte/data/base_pack.py",
    "filename_after_commit": "/home/chowyi/TypeAnnotation_Study/GitHub/asyml-forte/forte/data/base_pack.py",
    "file_hunks_size": 7,
    "min_patch_found": false,
    "single_hunk": false,
    "fit_TFix": false,
    "delete_only_patch": false,
    "has_suppression_all_hunks": false,
    "full_warning_msg": "forte/data/base_pack.py:211:35 Incompatible parameter type [6]: Expected `List[forte.data.ontology.top.BaseLink[typing.Any]]` for 1st positional only parameter to call `BaseIndex.update_link_index` but got `List[forte.data.ontology.top.Link]`.",
    "message": " Expected `List[forte.data.ontology.top.BaseLink[typing.Any]]` for 1st positional only parameter to call `BaseIndex.update_link_index` but got `List[forte.data.ontology.top.Link]`.",
    "rule_id": "Incompatible parameter type [6]",
    "warning_line_no": 211,
    "warning_line": "            self.update_link_index(self.data_pack.links)"
  },
  {
    "project": "asyml/forte",
    "commit": "5bbd15e0130403d1c841df843cf66a275884cb89",
    "filename": "forte/data/base_pack.py",
    "filename_after_commit": "/home/chowyi/TypeAnnotation_Study/GitHub/asyml-forte/forte/data/base_pack.py",
    "file_hunks_size": 7,
    "min_patch_found": false,
    "single_hunk": false,
    "fit_TFix": false,
    "delete_only_patch": false,
    "has_suppression_all_hunks": false,
    "full_warning_msg": "forte/data/base_pack.py:260:12 Incompatible variable type [9]: links is declared to have type `List[forte.data.ontology.top.BaseLink[typing.Any]]` but is used as type `List[forte.data.ontology.top.Link]`.",
    "message": " links is declared to have type `List[forte.data.ontology.top.BaseLink[typing.Any]]` but is used as type `List[forte.data.ontology.top.Link]`.",
    "rule_id": "Incompatible variable type [9]",
    "warning_line_no": 260,
    "warning_line": "            links = self.data_pack.links"
  },
  {
    "project": "asyml/forte",
    "commit": "5bbd15e0130403d1c841df843cf66a275884cb89",
    "filename": "forte/data/multi_pack.py",
    "filename_after_commit": "/home/chowyi/TypeAnnotation_Study/GitHub/asyml-forte/forte/data/multi_pack.py",
    "file_hunks_size": 7,
    "min_patch_found": true,
    "single_hunk": false,
    "fit_TFix": false,
    "delete_only_patch": false,
    "has_suppression_all_hunks": false,
    "full_warning_msg": "forte/data/multi_pack.py:116:30 Incompatible parameter type [6]: Expected `typing_extensions.SupportsIndex` for 1st positional only parameter to call `list.__getitem__` but got `str`.",
    "message": " Expected `typing_extensions.SupportsIndex` for 1st positional only parameter to call `list.__getitem__` but got `str`.",
    "rule_id": "Incompatible parameter type [6]",
    "warning_line_no": 116,
    "warning_line": "        yield from self.packs[pack_name].get_data(context_type, request, skip_k)",
    "min_patch": [
      {
        "hunk_fit_TFix": false,
        "inside_window": false,
        "delete_only": false,
        "has_suppression": false,
        "source_code": "            self,\n            pack_name: str,\n            context_type: Type[Annotation],\n",
        "source_code_len": 90,
        "target_code": "            self,\n            pack_index: int,\n            context_type: Type[Annotation],\n",
        "target_code_len": 91,
        "diff_format": "@@ -82,3 +82,3 @@\n             self,\n-            pack_name: str,\n+            pack_index: int,\n             context_type: Type[Annotation],\n",
        "source_code_with_indent": "            self,\n            pack_name: str,\n            context_type: Type[Annotation],\n",
        "source_code_with_indent_exact_match": true,
        "target_code_with_indent": "            self,\n            pack_index: int,\n            context_type: Type[Annotation],\n",
        "target_code_with_indent_exact_match": true
      },
      {
        "hunk_fit_TFix": true,
        "inside_window": true,
        "delete_only": false,
        "has_suppression": false,
        "source_code": "\n        yield from self.packs[pack_name].get_data(context_type, request, skip_k)\n\n",
        "source_code_len": 83,
        "target_code": "\n        yield from self.packs[\n            pack_index].get_data(context_type, request, skip_k)\n\n",
        "target_code_len": 97,
        "diff_format": "@@ -115,3 +115,4 @@\n \n-        yield from self.packs[pack_name].get_data(context_type, request, skip_k)\n+        yield from self.packs[\n+            pack_index].get_data(context_type, request, skip_k)\n \n",
        "source_code_with_indent": "\n        yield from self.packs[pack_name].get_data(context_type, request, skip_k)\n\n",
        "source_code_with_indent_exact_match": true,
        "target_code_with_indent": "\n        yield from self.packs[\n            pack_index].get_data(context_type, request, skip_k)\n\n",
        "target_code_with_indent_exact_match": true
      }
    ]
  },
  {
    "project": "asyml/forte",
    "commit": "5bbd15e0130403d1c841df843cf66a275884cb89",
    "filename": "forte/data/ontology/wiki_ontology.py",
    "filename_after_commit": "/home/chowyi/TypeAnnotation_Study/GitHub/asyml-forte/forte/data/ontology/wiki_ontology.py",
    "file_hunks_size": 8,
    "min_patch_found": false,
    "single_hunk": false,
    "fit_TFix": false,
    "delete_only_patch": false,
    "has_suppression_all_hunks": false,
    "full_warning_msg": "forte/data/ontology/wiki_ontology.py:33:25 Incompatible parameter type [6]: Expected `typing.Optional[typing.Tuple[str, Entry[typing.Any]]]` for 1st positional only parameter to call `MultiPackLink.__init__` but got `WikiAnchor`.",
    "message": " Expected `typing.Optional[typing.Tuple[str, Entry[typing.Any]]]` for 1st positional only parameter to call `MultiPackLink.__init__` but got `WikiAnchor`.",
    "rule_id": "Incompatible parameter type [6]",
    "warning_line_no": 33,
    "warning_line": "        super().__init__(anchor, page)"
  },
  {
    "project": "asyml/forte",
    "commit": "5bbd15e0130403d1c841df843cf66a275884cb89",
    "filename": "forte/data/ontology/wiki_ontology.py",
    "filename_after_commit": "/home/chowyi/TypeAnnotation_Study/GitHub/asyml-forte/forte/data/ontology/wiki_ontology.py",
    "file_hunks_size": 8,
    "min_patch_found": false,
    "single_hunk": false,
    "fit_TFix": false,
    "delete_only_patch": false,
    "has_suppression_all_hunks": false,
    "full_warning_msg": "forte/data/ontology/wiki_ontology.py:33:33 Incompatible parameter type [6]: Expected `typing.Optional[typing.Tuple[str, Entry[typing.Any]]]` for 2nd positional only parameter to call `MultiPackLink.__init__` but got `WikiPage`.",
    "message": " Expected `typing.Optional[typing.Tuple[str, Entry[typing.Any]]]` for 2nd positional only parameter to call `MultiPackLink.__init__` but got `WikiPage`.",
    "rule_id": "Incompatible parameter type [6]",
    "warning_line_no": 33,
    "warning_line": "        super().__init__(anchor, page)"
  }
]