[
  {
    "project": "aiogram/aiogram",
    "commit": "0365173450b7067832bb191a775de1c0b2c77fb8",
    "filename": "aiogram/dispatcher/filters/builtin.py",
    "filename_after_commit": "/home/chowyi/TypeAnnotation_Study/GitHub/aiogram-aiogram/aiogram/dispatcher/filters/builtin.py",
    "file_hunks_size": 1,
    "min_patch_found": false,
    "single_hunk": false,
    "fit_TFix": false,
    "delete_only_patch": false,
    "has_suppression_all_hunks": false,
    "full_warning_msg": "aiogram/dispatcher/filters/builtin.py:639:31 Unbound name [10]: Name `ats` is used but not defined in the current scope.",
    "message": " Name `ats` is used but not defined in the current scope.",
    "rule_id": "Unbound name [10]",
    "warning_line_no": 639,
    "warning_line": "    async def check(self, msg: ats.Message):"
  }
]