[
  {
    "project": "amluto/virtme",
    "commit": "e55ebcc14a39914409a2e88756c1fcb54af9db9c",
    "filename": "virtme/commands/run.py",
    "filename_after_commit": "/home/chowyi/TypeAnnotation_Study/GitHub/amluto-virtme/virtme/commands/run.py",
    "file_hunks_size": 1,
    "min_patch_found": true,
    "single_hunk": true,
    "fit_TFix": true,
    "delete_only_patch": false,
    "has_suppression_all_hunks": false,
    "full_warning_msg": "virtme/commands/run.py:167:12 Incompatible attribute type [8]: Attribute `modfiles` declared in class `Kernel` has type `List[str]` but is used as type `None`.",
    "message": " Attribute `modfiles` declared in class `Kernel` has type `List[str]` but is used as type `None`.",
    "rule_id": "Incompatible attribute type [8]",
    "warning_line_no": 167,
    "warning_line": "            kernel.modfiles = None",
    "min_patch": [
      {
        "hunk_fit_TFix": true,
        "inside_window": true,
        "delete_only": false,
        "has_suppression": false,
        "source_code": "        else:\n            kernel.modfiles = None\n            kernel.moddir = None\n",
        "source_code_len": 82,
        "target_code": "        else:\n            kernel.modfiles = []\n            kernel.moddir = None\n",
        "target_code_len": 80,
        "diff_format": "@@ -166,3 +166,3 @@\n         else:\n-            kernel.modfiles = None\n+            kernel.modfiles = []\n             kernel.moddir = None\n",
        "source_code_with_indent": "        <DED>else:\n            <IND>kernel.modfiles = None\n            kernel.moddir = None\n",
        "source_code_with_indent_exact_match": true,
        "target_code_with_indent": "        <DED>else:\n            <IND>kernel.modfiles = []\n            kernel.moddir = None\n",
        "target_code_with_indent_exact_match": true
      }
    ]
  }
]