[
  {
    "project": "althonos/pronto",
    "commit": "41ca962a382ced0d75490bf6573b17453b89e9c0",
    "filename": "pronto/parsers/_fastobo.py",
    "min_patch_found": false,
    "full_warning_msg": "pronto/parsers/_fastobo.py:294:16 Incompatible parameter type [6]: Expected `Synonym` for 1st positional only parameter to call `set.add` but got `SynonymData`.",
    "exception": "PatchSet should only have 1 Patch, but it has 0",
    "dd_fail": true
  },
  {
    "project": "althonos/pronto",
    "commit": "41ca962a382ced0d75490bf6573b17453b89e9c0",
    "filename": "pronto/parsers/owlxml.py",
    "min_patch_found": false,
    "full_warning_msg": "pronto/parsers/owlxml.py:329:44 Incompatible parameter type [6]: Expected `Synonym` for 1st positional only parameter to call `set.add` but got `SynonymData`.",
    "exception": "PatchSet should only have 1 Patch, but it has 0",
    "dd_fail": true
  }
]