[
  {
    "project": "belskikh/kekas",
    "commit": "657e097d1030242b66e5e092f5282362cd10372e",
    "filename": "kekas/keker.py",
    "filename_after_commit": "/home/chowyi/TypeAnnotation_Study/GitHub/belskikh-kekas/kekas/keker.py",
    "file_hunks_size": 5,
    "min_patch_found": false,
    "single_hunk": false,
    "fit_TFix": false,
    "delete_only_patch": false,
    "has_suppression_all_hunks": false,
    "full_warning_msg": "kekas/keker.py:139:12 Incompatible variable type [9]: loss_cb is declared to have type `Optional[Type[Callback]]` but is used as type `Callback`.",
    "message": " loss_cb is declared to have type `Optional[Type[Callback]]` but is used as type `Callback`.",
    "rule_id": "Incompatible variable type [9]",
    "warning_line_no": 139,
    "warning_line": "            loss_cb = loss_cb(target_key, self.preds_key)"
  },
  {
    "project": "belskikh/kekas",
    "commit": "657e097d1030242b66e5e092f5282362cd10372e",
    "filename": "kekas/keker.py",
    "filename_after_commit": "/home/chowyi/TypeAnnotation_Study/GitHub/belskikh-kekas/kekas/keker.py",
    "file_hunks_size": 5,
    "min_patch_found": false,
    "single_hunk": false,
    "fit_TFix": false,
    "delete_only_patch": false,
    "has_suppression_all_hunks": false,
    "full_warning_msg": "kekas/keker.py:143:8 Incompatible variable type [9]: opt_cb is declared to have type `Optional[Type[Callback]]` but is used as type `Union[Type[Callback], SimpleOptimizerCallback]`.",
    "message": " opt_cb is declared to have type `Optional[Type[Callback]]` but is used as type `Union[Type[Callback], SimpleOptimizerCallback]`.",
    "rule_id": "Incompatible variable type [9]",
    "warning_line_no": 143,
    "warning_line": "        opt_cb = opt_cb or SimpleOptimizerCallback()"
  },
  {
    "project": "belskikh/kekas",
    "commit": "657e097d1030242b66e5e092f5282362cd10372e",
    "filename": "kekas/keker.py",
    "filename_after_commit": "/home/chowyi/TypeAnnotation_Study/GitHub/belskikh-kekas/kekas/keker.py",
    "file_hunks_size": 5,
    "min_patch_found": false,
    "single_hunk": false,
    "fit_TFix": false,
    "delete_only_patch": false,
    "has_suppression_all_hunks": false,
    "full_warning_msg": "kekas/keker.py:147:30 Unsupported operand [58]: `+` is not supported for operand types `Union[List[typing.Any], Callbacks]` and `List[Union[None, Type[Callback], MetricsCallback, ProgressBarCallback, SimpleLossCallback]]`.",
    "message": " `+` is not supported for operand types `Union[List[typing.Any], Callbacks]` and `List[Union[None, Type[Callback], MetricsCallback, ProgressBarCallback, SimpleLossCallback]]`.",
    "rule_id": "Unsupported operand [58]",
    "warning_line_no": 147,
    "warning_line": "        self.core_callbacks = callbacks + [loss_cb,"
  },
  {
    "project": "belskikh/kekas",
    "commit": "657e097d1030242b66e5e092f5282362cd10372e",
    "filename": "kekas/metrics.py",
    "filename_after_commit": "/home/chowyi/TypeAnnotation_Study/GitHub/belskikh-kekas/kekas/metrics.py",
    "file_hunks_size": 1,
    "min_patch_found": true,
    "single_hunk": true,
    "fit_TFix": true,
    "delete_only_patch": false,
    "has_suppression_all_hunks": false,
    "full_warning_msg": "kekas/metrics.py:14:17 Incompatible variable type [9]: thresh is declared to have type `bool` but is used as type `float`.",
    "message": " thresh is declared to have type `bool` but is used as type `float`.",
    "rule_id": "Incompatible variable type [9]",
    "warning_line_no": 14,
    "warning_line": "                 thresh: bool = 0.5) -> float:",
    "min_patch": [
      {
        "hunk_fit_TFix": true,
        "inside_window": true,
        "delete_only": false,
        "has_suppression": false,
        "source_code": "                 target: torch.Tensor,\n                 thresh: bool = 0.5) -> float:\n    target = target.cpu().detach().numpy()\n",
        "source_code_len": 129,
        "target_code": "                 target: torch.Tensor,\n                 thresh: float = 0.5) -> float:\n    target = target.cpu().detach().numpy()\n",
        "target_code_len": 130,
        "diff_format": "@@ -13,3 +13,3 @@\n                  target: torch.Tensor,\n-                 thresh: bool = 0.5) -> float:\n+                 thresh: float = 0.5) -> float:\n     target = target.cpu().detach().numpy()\n",
        "source_code_with_indent": "                 target: torch.Tensor,\n                 thresh: bool = 0.5) -> float:\n    <IND>target = target.cpu().detach().numpy()\n",
        "source_code_with_indent_exact_match": true,
        "target_code_with_indent": "                 target: torch.Tensor,\n                 thresh: float = 0.5) -> float:\n    <IND>target = target.cpu().detach().numpy()\n",
        "target_code_with_indent_exact_match": true
      }
    ]
  }
]