[
  {
    "project": "angr/angr",
    "commit": "ce9df85acf2b7f7ce2e616af48dd02f620b77401",
    "filename": "angr/calling_conventions.py",
    "filename_after_commit": "/home/chowyi/TypeAnnotation_Study/GitHub/angr-angr/angr/calling_conventions.py",
    "file_hunks_size": 4,
    "min_patch_found": false,
    "single_hunk": false,
    "fit_TFix": false,
    "delete_only_patch": false,
    "has_suppression_all_hunks": false,
    "full_warning_msg": "angr/calling_conventions.py:351:4 Incompatible attribute type [8]: Attribute `ARG_REGS` declared in class `SimCC` has type `List[SimFunctionArgument]` but is used as type `None`.",
    "message": " Attribute `ARG_REGS` declared in class `SimCC` has type `List[SimFunctionArgument]` but is used as type `None`.",
    "rule_id": "Incompatible attribute type [8]",
    "warning_line_no": 351,
    "warning_line": "    ARG_REGS: List[SimFunctionArgument] = None                  # A list of all the registers used for integral args, in order (names or offsets)"
  },
  {
    "project": "angr/angr",
    "commit": "ce9df85acf2b7f7ce2e616af48dd02f620b77401",
    "filename": "angr/calling_conventions.py",
    "filename_after_commit": "/home/chowyi/TypeAnnotation_Study/GitHub/angr-angr/angr/calling_conventions.py",
    "file_hunks_size": 4,
    "min_patch_found": false,
    "single_hunk": false,
    "fit_TFix": false,
    "delete_only_patch": false,
    "has_suppression_all_hunks": false,
    "full_warning_msg": "angr/calling_conventions.py:352:4 Incompatible attribute type [8]: Attribute `FP_ARG_REGS` declared in class `SimCC` has type `List[SimFunctionArgument]` but is used as type `None`.",
    "message": " Attribute `FP_ARG_REGS` declared in class `SimCC` has type `List[SimFunctionArgument]` but is used as type `None`.",
    "rule_id": "Incompatible attribute type [8]",
    "warning_line_no": 352,
    "warning_line": "    FP_ARG_REGS: List[SimFunctionArgument] = None               # A list of all the registers used for floating point args, in order"
  },
  {
    "project": "angr/angr",
    "commit": "ce9df85acf2b7f7ce2e616af48dd02f620b77401",
    "filename": "angr/calling_conventions.py",
    "filename_after_commit": "/home/chowyi/TypeAnnotation_Study/GitHub/angr-angr/angr/calling_conventions.py",
    "file_hunks_size": 4,
    "min_patch_found": false,
    "single_hunk": false,
    "fit_TFix": false,
    "delete_only_patch": false,
    "has_suppression_all_hunks": false,
    "full_warning_msg": "angr/calling_conventions.py:356:4 Incompatible attribute type [8]: Attribute `CALLER_SAVED_REGS` declared in class `SimCC` has type `List[SimFunctionArgument]` but is used as type `None`.",
    "message": " Attribute `CALLER_SAVED_REGS` declared in class `SimCC` has type `List[SimFunctionArgument]` but is used as type `None`.",
    "rule_id": "Incompatible attribute type [8]",
    "warning_line_no": 356,
    "warning_line": "    CALLER_SAVED_REGS: List[SimFunctionArgument] = None         # Caller-saved registers"
  },
  {
    "project": "angr/angr",
    "commit": "ce9df85acf2b7f7ce2e616af48dd02f620b77401",
    "filename": "angr/calling_conventions.py",
    "filename_after_commit": "/home/chowyi/TypeAnnotation_Study/GitHub/angr-angr/angr/calling_conventions.py",
    "file_hunks_size": 4,
    "min_patch_found": false,
    "single_hunk": false,
    "fit_TFix": false,
    "delete_only_patch": false,
    "has_suppression_all_hunks": false,
    "full_warning_msg": "angr/calling_conventions.py:1041:4 Inconsistent override [15]: `CALLER_SAVED_REGS` overrides attribute defined in `SimCC` inconsistently. Type `List[str]` is not a subtype of the overridden attribute `List[SimFunctionArgument]`.",
    "message": " `CALLER_SAVED_REGS` overrides attribute defined in `SimCC` inconsistently. Type `List[str]` is not a subtype of the overridden attribute `List[SimFunctionArgument]`.",
    "rule_id": "Inconsistent override [15]",
    "warning_line_no": 1041,
    "warning_line": "    CALLER_SAVED_REGS = ['eax', 'ecx', 'edx']"
  },
  {
    "project": "angr/angr",
    "commit": "ce9df85acf2b7f7ce2e616af48dd02f620b77401",
    "filename": "angr/calling_conventions.py",
    "filename_after_commit": "/home/chowyi/TypeAnnotation_Study/GitHub/angr-angr/angr/calling_conventions.py",
    "file_hunks_size": 4,
    "min_patch_found": false,
    "single_hunk": false,
    "fit_TFix": false,
    "delete_only_patch": false,
    "has_suppression_all_hunks": false,
    "full_warning_msg": "angr/calling_conventions.py:1052:4 Inconsistent override [15]: `ARG_REGS` overrides attribute defined in `SimCC` inconsistently. Type `List[str]` is not a subtype of the overridden attribute `List[SimFunctionArgument]`.",
    "message": " `ARG_REGS` overrides attribute defined in `SimCC` inconsistently. Type `List[str]` is not a subtype of the overridden attribute `List[SimFunctionArgument]`.",
    "rule_id": "Inconsistent override [15]",
    "warning_line_no": 1052,
    "warning_line": "    ARG_REGS = ['rcx', 'rdx', 'r8', 'r9']"
  },
  {
    "project": "angr/angr",
    "commit": "ce9df85acf2b7f7ce2e616af48dd02f620b77401",
    "filename": "angr/calling_conventions.py",
    "filename_after_commit": "/home/chowyi/TypeAnnotation_Study/GitHub/angr-angr/angr/calling_conventions.py",
    "file_hunks_size": 4,
    "min_patch_found": false,
    "single_hunk": false,
    "fit_TFix": false,
    "delete_only_patch": false,
    "has_suppression_all_hunks": false,
    "full_warning_msg": "angr/calling_conventions.py:1053:4 Inconsistent override [15]: `FP_ARG_REGS` overrides attribute defined in `SimCC` inconsistently. Type `List[str]` is not a subtype of the overridden attribute `List[SimFunctionArgument]`.",
    "message": " `FP_ARG_REGS` overrides attribute defined in `SimCC` inconsistently. Type `List[str]` is not a subtype of the overridden attribute `List[SimFunctionArgument]`.",
    "rule_id": "Inconsistent override [15]",
    "warning_line_no": 1053,
    "warning_line": "    FP_ARG_REGS = ['xmm0', 'xmm1', 'xmm2', 'xmm3']"
  },
  {
    "project": "angr/angr",
    "commit": "ce9df85acf2b7f7ce2e616af48dd02f620b77401",
    "filename": "angr/calling_conventions.py",
    "filename_after_commit": "/home/chowyi/TypeAnnotation_Study/GitHub/angr-angr/angr/calling_conventions.py",
    "file_hunks_size": 4,
    "min_patch_found": false,
    "single_hunk": false,
    "fit_TFix": false,
    "delete_only_patch": false,
    "has_suppression_all_hunks": false,
    "full_warning_msg": "angr/calling_conventions.py:1063:4 Inconsistent override [15]: `ARG_REGS` overrides attribute defined in `SimCC` inconsistently. Type `List[str]` is not a subtype of the overridden attribute `List[SimFunctionArgument]`.",
    "message": " `ARG_REGS` overrides attribute defined in `SimCC` inconsistently. Type `List[str]` is not a subtype of the overridden attribute `List[SimFunctionArgument]`.",
    "rule_id": "Inconsistent override [15]",
    "warning_line_no": 1063,
    "warning_line": "    ARG_REGS = ['ebx', 'ecx', 'edx', 'esi', 'edi', 'ebp']"
  },
  {
    "project": "angr/angr",
    "commit": "ce9df85acf2b7f7ce2e616af48dd02f620b77401",
    "filename": "angr/calling_conventions.py",
    "filename_after_commit": "/home/chowyi/TypeAnnotation_Study/GitHub/angr-angr/angr/calling_conventions.py",
    "file_hunks_size": 4,
    "min_patch_found": false,
    "single_hunk": false,
    "fit_TFix": false,
    "delete_only_patch": false,
    "has_suppression_all_hunks": false,
    "full_warning_msg": "angr/calling_conventions.py:1096:4 Inconsistent override [15]: `ARG_REGS` overrides attribute defined in `SimCC` inconsistently. Type `List[str]` is not a subtype of the overridden attribute `List[SimFunctionArgument]`.",
    "message": " `ARG_REGS` overrides attribute defined in `SimCC` inconsistently. Type `List[str]` is not a subtype of the overridden attribute `List[SimFunctionArgument]`.",
    "rule_id": "Inconsistent override [15]",
    "warning_line_no": 1096,
    "warning_line": "    ARG_REGS = ['rdi', 'rsi', 'rdx', 'rcx', 'r8', 'r9']"
  },
  {
    "project": "angr/angr",
    "commit": "ce9df85acf2b7f7ce2e616af48dd02f620b77401",
    "filename": "angr/calling_conventions.py",
    "filename_after_commit": "/home/chowyi/TypeAnnotation_Study/GitHub/angr-angr/angr/calling_conventions.py",
    "file_hunks_size": 4,
    "min_patch_found": false,
    "single_hunk": false,
    "fit_TFix": false,
    "delete_only_patch": false,
    "has_suppression_all_hunks": false,
    "full_warning_msg": "angr/calling_conventions.py:1097:4 Inconsistent override [15]: `FP_ARG_REGS` overrides attribute defined in `SimCC` inconsistently. Type `List[str]` is not a subtype of the overridden attribute `List[SimFunctionArgument]`.",
    "message": " `FP_ARG_REGS` overrides attribute defined in `SimCC` inconsistently. Type `List[str]` is not a subtype of the overridden attribute `List[SimFunctionArgument]`.",
    "rule_id": "Inconsistent override [15]",
    "warning_line_no": 1097,
    "warning_line": "    FP_ARG_REGS = ['xmm0', 'xmm1', 'xmm2', 'xmm3', 'xmm4', 'xmm5', 'xmm6', 'xmm7']"
  },
  {
    "project": "angr/angr",
    "commit": "ce9df85acf2b7f7ce2e616af48dd02f620b77401",
    "filename": "angr/calling_conventions.py",
    "filename_after_commit": "/home/chowyi/TypeAnnotation_Study/GitHub/angr-angr/angr/calling_conventions.py",
    "file_hunks_size": 4,
    "min_patch_found": false,
    "single_hunk": false,
    "fit_TFix": false,
    "delete_only_patch": false,
    "has_suppression_all_hunks": false,
    "full_warning_msg": "angr/calling_conventions.py:1099:4 Inconsistent override [15]: `CALLER_SAVED_REGS` overrides attribute defined in `SimCC` inconsistently. Type `List[str]` is not a subtype of the overridden attribute `List[SimFunctionArgument]`.",
    "message": " `CALLER_SAVED_REGS` overrides attribute defined in `SimCC` inconsistently. Type `List[str]` is not a subtype of the overridden attribute `List[SimFunctionArgument]`.",
    "rule_id": "Inconsistent override [15]",
    "warning_line_no": 1099,
    "warning_line": "    CALLER_SAVED_REGS = [ 'rdi', 'rsi', 'rdx', 'rcx', 'r8', 'r9', 'r10', 'r11', 'rax', ]"
  },
  {
    "project": "angr/angr",
    "commit": "ce9df85acf2b7f7ce2e616af48dd02f620b77401",
    "filename": "angr/calling_conventions.py",
    "filename_after_commit": "/home/chowyi/TypeAnnotation_Study/GitHub/angr-angr/angr/calling_conventions.py",
    "file_hunks_size": 4,
    "min_patch_found": false,
    "single_hunk": false,
    "fit_TFix": false,
    "delete_only_patch": false,
    "has_suppression_all_hunks": false,
    "full_warning_msg": "angr/calling_conventions.py:1136:4 Inconsistent override [15]: `ARG_REGS` overrides attribute defined in `SimCC` inconsistently. Type `List[str]` is not a subtype of the overridden attribute `List[SimFunctionArgument]`.",
    "message": " `ARG_REGS` overrides attribute defined in `SimCC` inconsistently. Type `List[str]` is not a subtype of the overridden attribute `List[SimFunctionArgument]`.",
    "rule_id": "Inconsistent override [15]",
    "warning_line_no": 1136,
    "warning_line": "    ARG_REGS = ['rdi', 'rsi', 'rdx', 'r10', 'r8', 'r9']"
  },
  {
    "project": "angr/angr",
    "commit": "ce9df85acf2b7f7ce2e616af48dd02f620b77401",
    "filename": "angr/calling_conventions.py",
    "filename_after_commit": "/home/chowyi/TypeAnnotation_Study/GitHub/angr-angr/angr/calling_conventions.py",
    "file_hunks_size": 4,
    "min_patch_found": false,
    "single_hunk": false,
    "fit_TFix": false,
    "delete_only_patch": false,
    "has_suppression_all_hunks": false,
    "full_warning_msg": "angr/calling_conventions.py:1168:4 Inconsistent override [15]: `ARG_REGS` overrides attribute defined in `SimCC` inconsistently. Type `List[str]` is not a subtype of the overridden attribute `List[SimFunctionArgument]`.",
    "message": " `ARG_REGS` overrides attribute defined in `SimCC` inconsistently. Type `List[str]` is not a subtype of the overridden attribute `List[SimFunctionArgument]`.",
    "rule_id": "Inconsistent override [15]",
    "warning_line_no": 1168,
    "warning_line": "    ARG_REGS = [ 'r0', 'r1', 'r2', 'r3' ]"
  },
  {
    "project": "angr/angr",
    "commit": "ce9df85acf2b7f7ce2e616af48dd02f620b77401",
    "filename": "angr/calling_conventions.py",
    "filename_after_commit": "/home/chowyi/TypeAnnotation_Study/GitHub/angr-angr/angr/calling_conventions.py",
    "file_hunks_size": 4,
    "min_patch_found": false,
    "single_hunk": false,
    "fit_TFix": false,
    "delete_only_patch": false,
    "has_suppression_all_hunks": false,
    "full_warning_msg": "angr/calling_conventions.py:1170:4 Inconsistent override [15]: `CALLER_SAVED_REGS` overrides attribute defined in `SimCC` inconsistently. Type `List[str]` is not a subtype of the overridden attribute `List[SimFunctionArgument]`.",
    "message": " `CALLER_SAVED_REGS` overrides attribute defined in `SimCC` inconsistently. Type `List[str]` is not a subtype of the overridden attribute `List[SimFunctionArgument]`.",
    "rule_id": "Inconsistent override [15]",
    "warning_line_no": 1170,
    "warning_line": "    CALLER_SAVED_REGS = [ 'r0', 'r1', 'r2', 'r3' ]"
  },
  {
    "project": "angr/angr",
    "commit": "ce9df85acf2b7f7ce2e616af48dd02f620b77401",
    "filename": "angr/calling_conventions.py",
    "filename_after_commit": "/home/chowyi/TypeAnnotation_Study/GitHub/angr-angr/angr/calling_conventions.py",
    "file_hunks_size": 4,
    "min_patch_found": false,
    "single_hunk": false,
    "fit_TFix": false,
    "delete_only_patch": false,
    "has_suppression_all_hunks": false,
    "full_warning_msg": "angr/calling_conventions.py:1177:4 Inconsistent override [15]: `ARG_REGS` overrides attribute defined in `SimCC` inconsistently. Type `List[str]` is not a subtype of the overridden attribute `List[SimFunctionArgument]`.",
    "message": " `ARG_REGS` overrides attribute defined in `SimCC` inconsistently. Type `List[str]` is not a subtype of the overridden attribute `List[SimFunctionArgument]`.",
    "rule_id": "Inconsistent override [15]",
    "warning_line_no": 1177,
    "warning_line": "    ARG_REGS = [ 'r0', 'r1', 'r2', 'r3' ]"
  },
  {
    "project": "angr/angr",
    "commit": "ce9df85acf2b7f7ce2e616af48dd02f620b77401",
    "filename": "angr/calling_conventions.py",
    "filename_after_commit": "/home/chowyi/TypeAnnotation_Study/GitHub/angr-angr/angr/calling_conventions.py",
    "file_hunks_size": 4,
    "min_patch_found": false,
    "single_hunk": false,
    "fit_TFix": false,
    "delete_only_patch": false,
    "has_suppression_all_hunks": false,
    "full_warning_msg": "angr/calling_conventions.py:1193:4 Inconsistent override [15]: `ARG_REGS` overrides attribute defined in `SimCC` inconsistently. Type `List[str]` is not a subtype of the overridden attribute `List[SimFunctionArgument]`.",
    "message": " `ARG_REGS` overrides attribute defined in `SimCC` inconsistently. Type `List[str]` is not a subtype of the overridden attribute `List[SimFunctionArgument]`.",
    "rule_id": "Inconsistent override [15]",
    "warning_line_no": 1193,
    "warning_line": "    ARG_REGS = [ 'x0', 'x1', 'x2', 'x3', 'x4', 'x5', 'x6', 'x7' ]"
  },
  {
    "project": "angr/angr",
    "commit": "ce9df85acf2b7f7ce2e616af48dd02f620b77401",
    "filename": "angr/calling_conventions.py",
    "filename_after_commit": "/home/chowyi/TypeAnnotation_Study/GitHub/angr-angr/angr/calling_conventions.py",
    "file_hunks_size": 4,
    "min_patch_found": false,
    "single_hunk": false,
    "fit_TFix": false,
    "delete_only_patch": false,
    "has_suppression_all_hunks": false,
    "full_warning_msg": "angr/calling_conventions.py:1201:4 Inconsistent override [15]: `ARG_REGS` overrides attribute defined in `SimCC` inconsistently. Type `List[str]` is not a subtype of the overridden attribute `List[SimFunctionArgument]`.",
    "message": " `ARG_REGS` overrides attribute defined in `SimCC` inconsistently. Type `List[str]` is not a subtype of the overridden attribute `List[SimFunctionArgument]`.",
    "rule_id": "Inconsistent override [15]",
    "warning_line_no": 1201,
    "warning_line": "    ARG_REGS = [ 'x0', 'x1', 'x2', 'x3', 'x4', 'x5', 'x6', 'x7' ]"
  },
  {
    "project": "angr/angr",
    "commit": "ce9df85acf2b7f7ce2e616af48dd02f620b77401",
    "filename": "angr/calling_conventions.py",
    "filename_after_commit": "/home/chowyi/TypeAnnotation_Study/GitHub/angr-angr/angr/calling_conventions.py",
    "file_hunks_size": 4,
    "min_patch_found": false,
    "single_hunk": false,
    "fit_TFix": false,
    "delete_only_patch": false,
    "has_suppression_all_hunks": false,
    "full_warning_msg": "angr/calling_conventions.py:1217:4 Inconsistent override [15]: `ARG_REGS` overrides attribute defined in `SimCC` inconsistently. Type `List[str]` is not a subtype of the overridden attribute `List[SimFunctionArgument]`.",
    "message": " `ARG_REGS` overrides attribute defined in `SimCC` inconsistently. Type `List[str]` is not a subtype of the overridden attribute `List[SimFunctionArgument]`.",
    "rule_id": "Inconsistent override [15]",
    "warning_line_no": 1217,
    "warning_line": "    ARG_REGS = [ 'a0', 'a1', 'a2', 'a3' ]"
  },
  {
    "project": "angr/angr",
    "commit": "ce9df85acf2b7f7ce2e616af48dd02f620b77401",
    "filename": "angr/calling_conventions.py",
    "filename_after_commit": "/home/chowyi/TypeAnnotation_Study/GitHub/angr-angr/angr/calling_conventions.py",
    "file_hunks_size": 4,
    "min_patch_found": false,
    "single_hunk": false,
    "fit_TFix": false,
    "delete_only_patch": false,
    "has_suppression_all_hunks": false,
    "full_warning_msg": "angr/calling_conventions.py:1227:4 Inconsistent override [15]: `ARG_REGS` overrides attribute defined in `SimCC` inconsistently. Type `List[str]` is not a subtype of the overridden attribute `List[SimFunctionArgument]`.",
    "message": " `ARG_REGS` overrides attribute defined in `SimCC` inconsistently. Type `List[str]` is not a subtype of the overridden attribute `List[SimFunctionArgument]`.",
    "rule_id": "Inconsistent override [15]",
    "warning_line_no": 1227,
    "warning_line": "    ARG_REGS = [ 'a0', 'a1', 'a2', 'a3' ]"
  },
  {
    "project": "angr/angr",
    "commit": "ce9df85acf2b7f7ce2e616af48dd02f620b77401",
    "filename": "angr/calling_conventions.py",
    "filename_after_commit": "/home/chowyi/TypeAnnotation_Study/GitHub/angr-angr/angr/calling_conventions.py",
    "file_hunks_size": 4,
    "min_patch_found": false,
    "single_hunk": false,
    "fit_TFix": false,
    "delete_only_patch": false,
    "has_suppression_all_hunks": false,
    "full_warning_msg": "angr/calling_conventions.py:1243:4 Inconsistent override [15]: `ARG_REGS` overrides attribute defined in `SimCC` inconsistently. Type `List[str]` is not a subtype of the overridden attribute `List[SimFunctionArgument]`.",
    "message": " `ARG_REGS` overrides attribute defined in `SimCC` inconsistently. Type `List[str]` is not a subtype of the overridden attribute `List[SimFunctionArgument]`.",
    "rule_id": "Inconsistent override [15]",
    "warning_line_no": 1243,
    "warning_line": "    ARG_REGS = [ 'a0', 'a1', 'a2', 'a3' ]"
  },
  {
    "project": "angr/angr",
    "commit": "ce9df85acf2b7f7ce2e616af48dd02f620b77401",
    "filename": "angr/calling_conventions.py",
    "filename_after_commit": "/home/chowyi/TypeAnnotation_Study/GitHub/angr-angr/angr/calling_conventions.py",
    "file_hunks_size": 4,
    "min_patch_found": false,
    "single_hunk": false,
    "fit_TFix": false,
    "delete_only_patch": false,
    "has_suppression_all_hunks": false,
    "full_warning_msg": "angr/calling_conventions.py:1252:4 Inconsistent override [15]: `ARG_REGS` overrides attribute defined in `SimCC` inconsistently. Type `List[str]` is not a subtype of the overridden attribute `List[SimFunctionArgument]`.",
    "message": " `ARG_REGS` overrides attribute defined in `SimCC` inconsistently. Type `List[str]` is not a subtype of the overridden attribute `List[SimFunctionArgument]`.",
    "rule_id": "Inconsistent override [15]",
    "warning_line_no": 1252,
    "warning_line": "    ARG_REGS = [ 'a0', 'a1', 'a2', 'a3' ]"
  },
  {
    "project": "angr/angr",
    "commit": "ce9df85acf2b7f7ce2e616af48dd02f620b77401",
    "filename": "angr/calling_conventions.py",
    "filename_after_commit": "/home/chowyi/TypeAnnotation_Study/GitHub/angr-angr/angr/calling_conventions.py",
    "file_hunks_size": 4,
    "min_patch_found": false,
    "single_hunk": false,
    "fit_TFix": false,
    "delete_only_patch": false,
    "has_suppression_all_hunks": false,
    "full_warning_msg": "angr/calling_conventions.py:1268:4 Inconsistent override [15]: `ARG_REGS` overrides attribute defined in `SimCC` inconsistently. Type `List[str]` is not a subtype of the overridden attribute `List[SimFunctionArgument]`.",
    "message": " `ARG_REGS` overrides attribute defined in `SimCC` inconsistently. Type `List[str]` is not a subtype of the overridden attribute `List[SimFunctionArgument]`.",
    "rule_id": "Inconsistent override [15]",
    "warning_line_no": 1268,
    "warning_line": "    ARG_REGS = [ 'r3', 'r4', 'r5', 'r6', 'r7', 'r8', 'r9', 'r10' ]"
  },
  {
    "project": "angr/angr",
    "commit": "ce9df85acf2b7f7ce2e616af48dd02f620b77401",
    "filename": "angr/calling_conventions.py",
    "filename_after_commit": "/home/chowyi/TypeAnnotation_Study/GitHub/angr-angr/angr/calling_conventions.py",
    "file_hunks_size": 4,
    "min_patch_found": false,
    "single_hunk": false,
    "fit_TFix": false,
    "delete_only_patch": false,
    "has_suppression_all_hunks": false,
    "full_warning_msg": "angr/calling_conventions.py:1277:4 Inconsistent override [15]: `ARG_REGS` overrides attribute defined in `SimCC` inconsistently. Type `List[str]` is not a subtype of the overridden attribute `List[SimFunctionArgument]`.",
    "message": " `ARG_REGS` overrides attribute defined in `SimCC` inconsistently. Type `List[str]` is not a subtype of the overridden attribute `List[SimFunctionArgument]`.",
    "rule_id": "Inconsistent override [15]",
    "warning_line_no": 1277,
    "warning_line": "    ARG_REGS = ['r3', 'r4', 'r5', 'r6', 'r7', 'r8', 'r9', 'r10']"
  },
  {
    "project": "angr/angr",
    "commit": "ce9df85acf2b7f7ce2e616af48dd02f620b77401",
    "filename": "angr/calling_conventions.py",
    "filename_after_commit": "/home/chowyi/TypeAnnotation_Study/GitHub/angr-angr/angr/calling_conventions.py",
    "file_hunks_size": 4,
    "min_patch_found": false,
    "single_hunk": false,
    "fit_TFix": false,
    "delete_only_patch": false,
    "has_suppression_all_hunks": false,
    "full_warning_msg": "angr/calling_conventions.py:1293:4 Inconsistent override [15]: `ARG_REGS` overrides attribute defined in `SimCC` inconsistently. Type `List[str]` is not a subtype of the overridden attribute `List[SimFunctionArgument]`.",
    "message": " `ARG_REGS` overrides attribute defined in `SimCC` inconsistently. Type `List[str]` is not a subtype of the overridden attribute `List[SimFunctionArgument]`.",
    "rule_id": "Inconsistent override [15]",
    "warning_line_no": 1293,
    "warning_line": "    ARG_REGS = [ 'r3', 'r4', 'r5', 'r6', 'r7', 'r8', 'r9', 'r10' ]"
  },
  {
    "project": "angr/angr",
    "commit": "ce9df85acf2b7f7ce2e616af48dd02f620b77401",
    "filename": "angr/calling_conventions.py",
    "filename_after_commit": "/home/chowyi/TypeAnnotation_Study/GitHub/angr-angr/angr/calling_conventions.py",
    "file_hunks_size": 4,
    "min_patch_found": false,
    "single_hunk": false,
    "fit_TFix": false,
    "delete_only_patch": false,
    "has_suppression_all_hunks": false,
    "full_warning_msg": "angr/calling_conventions.py:1334:4 Inconsistent override [15]: `ARG_REGS` overrides attribute defined in `SimCC` inconsistently. Type `List[str]` is not a subtype of the overridden attribute `List[SimFunctionArgument]`.",
    "message": " `ARG_REGS` overrides attribute defined in `SimCC` inconsistently. Type `List[str]` is not a subtype of the overridden attribute `List[SimFunctionArgument]`.",
    "rule_id": "Inconsistent override [15]",
    "warning_line_no": 1334,
    "warning_line": "    ARG_REGS = ['r2', 'r3', 'r4', 'r5', 'r6']"
  },
  {
    "project": "angr/angr",
    "commit": "ce9df85acf2b7f7ce2e616af48dd02f620b77401",
    "filename": "angr/calling_conventions.py",
    "filename_after_commit": "/home/chowyi/TypeAnnotation_Study/GitHub/angr-angr/angr/calling_conventions.py",
    "file_hunks_size": 4,
    "min_patch_found": false,
    "single_hunk": false,
    "fit_TFix": false,
    "delete_only_patch": false,
    "has_suppression_all_hunks": false,
    "full_warning_msg": "angr/calling_conventions.py:1335:4 Inconsistent override [15]: `FP_ARG_REGS` overrides attribute defined in `SimCC` inconsistently. Type `List[str]` is not a subtype of the overridden attribute `List[SimFunctionArgument]`.",
    "message": " `FP_ARG_REGS` overrides attribute defined in `SimCC` inconsistently. Type `List[str]` is not a subtype of the overridden attribute `List[SimFunctionArgument]`.",
    "rule_id": "Inconsistent override [15]",
    "warning_line_no": 1335,
    "warning_line": "    FP_ARG_REGS = ['f0', 'f2', 'f4', 'f6']"
  },
  {
    "project": "angr/angr",
    "commit": "ce9df85acf2b7f7ce2e616af48dd02f620b77401",
    "filename": "angr/calling_conventions.py",
    "filename_after_commit": "/home/chowyi/TypeAnnotation_Study/GitHub/angr-angr/angr/calling_conventions.py",
    "file_hunks_size": 4,
    "min_patch_found": false,
    "single_hunk": false,
    "fit_TFix": false,
    "delete_only_patch": false,
    "has_suppression_all_hunks": false,
    "full_warning_msg": "angr/calling_conventions.py:1342:4 Inconsistent override [15]: `ARG_REGS` overrides attribute defined in `SimCC` inconsistently. Type `List[str]` is not a subtype of the overridden attribute `List[SimFunctionArgument]`.",
    "message": " `ARG_REGS` overrides attribute defined in `SimCC` inconsistently. Type `List[str]` is not a subtype of the overridden attribute `List[SimFunctionArgument]`.",
    "rule_id": "Inconsistent override [15]",
    "warning_line_no": 1342,
    "warning_line": "    ARG_REGS = ['r2', 'r3', 'r4', 'r5', 'r6', 'r7']"
  }
]