[
  {
    "project": "altair-viz/altair",
    "commit": "bdcfae67d53db1bc55e042d03e71e320ab82fc75",
    "filename": "altair/utils/plugin_registry.py",
    "filename_after_commit": "/home/chowyi/TypeAnnotation_Study/GitHub/altair-viz-altair/altair/utils/plugin_registry.py",
    "file_hunks_size": 2,
    "min_patch_found": false,
    "single_hunk": false,
    "fit_TFix": false,
    "delete_only_patch": false,
    "has_suppression_all_hunks": false,
    "full_warning_msg": "altair/utils/plugin_registry.py:192:12 Incompatible return type [7]: Expected `Variable[PluginType]` but got `None`.",
    "message": " Expected `Variable[PluginType]` but got `None`.",
    "rule_id": "Incompatible return type [7]",
    "warning_line_no": 192,
    "warning_line": "            return self._active"
  }
]