[
  {
    "project": "anki/cozmo-python-sdk",
    "commit": "df1ddead3d6e04e81f07dc807dc52a14745e7484",
    "filename": "src/cozmo/robot_alignment.py",
    "filename_after_commit": "/home/chowyi/TypeAnnotation_Study/GitHub/anki-cozmo-python-sdk/src/cozmo/robot_alignment.py",
    "file_hunks_size": 2,
    "min_patch_found": false,
    "single_hunk": false,
    "fit_TFix": false,
    "delete_only_patch": false,
    "has_suppression_all_hunks": false,
    "full_warning_msg": "src/cozmo/robot_alignment.py:59:51 Unbound name [10]: Name `__cozmoclad_version__` is used but not defined in the current scope.",
    "message": " Name `__cozmoclad_version__` is used but not defined in the current scope.",
    "rule_id": "Unbound name [10]",
    "warning_line_no": 59,
    "warning_line": "            '(error: %s in robot_alignment.py)' % (__cozmoclad_version__, exc))"
  }
]