[
  {
    "project": "activeloopai/Hub",
    "commit": "2e815f9ba5877beeb7146fe25f32b4e8d499e958",
    "filename": "hub/core/dataset/dataset.py",
    "filename_after_commit": "/home/chowyi/TypeAnnotation_Study/GitHub/activeloopai-Hub/hub/core/dataset/dataset.py",
    "file_hunks_size": 19,
    "min_patch_found": false,
    "single_hunk": false,
    "fit_TFix": false,
    "delete_only_patch": false,
    "has_suppression_all_hunks": false,
    "full_warning_msg": "hub/core/dataset/dataset.py:578:53 Incompatible parameter type [6]: Expected `str` for 3rd positional only parameter to call `commit` but got `Optional[str]`.",
    "message": " Expected `str` for 3rd positional only parameter to call `commit` but got `Optional[str]`.",
    "rule_id": "Incompatible parameter type [6]",
    "warning_line_no": 578,
    "warning_line": "            commit(self.version_state, self.storage, message, hash)"
  }
]