[
  {
    "project": "arviz-devs/arviz",
    "commit": "26a11d1de8e5b16641554c2bbe60fcc6afc17974",
    "filename": "arviz/plots/traceplot.py",
    "filename_after_commit": "/home/chowyi/TypeAnnotation_Study/GitHub/arviz-devs-arviz/arviz/plots/traceplot.py",
    "file_hunks_size": 2,
    "min_patch_found": true,
    "single_hunk": true,
    "fit_TFix": true,
    "delete_only_patch": false,
    "has_suppression_all_hunks": false,
    "full_warning_msg": "arviz/plots/traceplot.py:23:4 Incompatible variable type [9]: circ_var_units is declared to have type `bool` but is used as type `str`.",
    "message": " circ_var_units is declared to have type `bool` but is used as type `str`.",
    "rule_id": "Incompatible variable type [9]",
    "warning_line_no": 23,
    "warning_line": "    circ_var_units: bool = \"radians\",",
    "min_patch": [
      {
        "hunk_fit_TFix": true,
        "inside_window": true,
        "delete_only": false,
        "has_suppression": false,
        "source_code": "    circ_var_names: Optional[List[str]] = None,\n    circ_var_units: bool = \"radians\",\n    compact: bool = True,\n",
        "source_code_len": 112,
        "target_code": "    circ_var_names: Optional[List[str]] = None,\n    circ_var_units: str = \"radians\",\n    compact: bool = True,\n",
        "target_code_len": 111,
        "diff_format": "@@ -22,3 +22,3 @@\n     circ_var_names: Optional[List[str]] = None,\n-    circ_var_units: bool = \"radians\",\n+    circ_var_units: str = \"radians\",\n     compact: bool = True,\n",
        "source_code_with_indent": "    circ_var_names: Optional[List[str]] = None,\n    circ_var_units: bool = \"radians\",\n    compact: bool = True,\n",
        "source_code_with_indent_exact_match": true,
        "target_code_with_indent": "    circ_var_names: Optional[List[str]] = None,\n    circ_var_units: str = \"radians\",\n    compact: bool = True,\n",
        "target_code_with_indent_exact_match": true
      }
    ]
  },
  {
    "project": "arviz-devs/arviz",
    "commit": "26a11d1de8e5b16641554c2bbe60fcc6afc17974",
    "filename": "arviz/plots/traceplot.py",
    "filename_after_commit": "/home/chowyi/TypeAnnotation_Study/GitHub/arviz-devs-arviz/arviz/plots/traceplot.py",
    "file_hunks_size": 2,
    "min_patch_found": true,
    "single_hunk": true,
    "fit_TFix": true,
    "delete_only_patch": false,
    "has_suppression_all_hunks": false,
    "full_warning_msg": "arviz/plots/traceplot.py:163:12 Incompatible variable type [9]: divergences is declared to have type `Optional[str]` but is used as type `bool`.",
    "message": " divergences is declared to have type `Optional[str]` but is used as type `bool`.",
    "rule_id": "Incompatible variable type [9]",
    "warning_line_no": 163,
    "warning_line": "            divergences = False",
    "min_patch": [
      {
        "hunk_fit_TFix": true,
        "inside_window": true,
        "delete_only": false,
        "has_suppression": false,
        "source_code": "        except (ValueError, AttributeError):  # No sample_stats, or no `.diverging`\n            divergences = False\n\n",
        "source_code_len": 117,
        "target_code": "        except (ValueError, AttributeError):  # No sample_stats, or no `.diverging`\n            divergences = None\n\n",
        "target_code_len": 116,
        "diff_format": "@@ -162,3 +162,3 @@\n         except (ValueError, AttributeError):  # No sample_stats, or no `.diverging`\n-            divergences = False\n+            divergences = None\n \n",
        "source_code_with_indent": "        <DED>except (ValueError, AttributeError):  # No sample_stats, or no `.diverging`\n            <IND>divergences = False\n\n",
        "source_code_with_indent_exact_match": true,
        "target_code_with_indent": "        <DED>except (ValueError, AttributeError):  # No sample_stats, or no `.diverging`\n            <IND>divergences = None\n\n",
        "target_code_with_indent_exact_match": true
      }
    ]
  }
]