[
  {
    "project": "adferrand/dnsrobocert",
    "commit": "1df8b7695105541034f264b53c7276e0d7ff3cb1",
    "filename": "src/dnsrobocert/core/utils.py",
    "filename_after_commit": "/home/chowyi/TypeAnnotation_Study/GitHub/adferrand-dnsrobocert/src/dnsrobocert/core/utils.py",
    "file_hunks_size": 1,
    "min_patch_found": true,
    "single_hunk": true,
    "fit_TFix": false,
    "delete_only_patch": false,
    "has_suppression_all_hunks": false,
    "full_warning_msg": "src/dnsrobocert/core/utils.py:127:36 Unbound name [10]: Name `argparse` is used but not defined in the current scope.",
    "message": " Name `argparse` is used but not defined in the current scope.",
    "rule_id": "Unbound name [10]",
    "warning_line_no": 127,
    "warning_line": "def validate_snap_environment(args: argparse.Namespace):",
    "min_patch": [
      {
        "hunk_fit_TFix": false,
        "inside_window": false,
        "delete_only": false,
        "has_suppression": false,
        "source_code": "import hashlib\n",
        "source_code_len": 15,
        "target_code": "import argparse\nimport hashlib\n",
        "target_code_len": 31,
        "diff_format": "@@ -1,1 +1,2 @@\n+import argparse\n import hashlib\n",
        "source_code_with_indent": "import hashlib\n",
        "source_code_with_indent_exact_match": true,
        "target_code_with_indent": "import argparse\nimport hashlib\n",
        "target_code_with_indent_exact_match": true
      }
    ]
  }
]