[
  {
    "project": "Axelrod-Python/Axelrod",
    "commit": "94ee76c35d894aed3292f89f8047b986d3e01ce5",
    "filename": "axelrod/actions.py",
    "filename_after_commit": "/home/chowyi/TypeAnnotation_Study/GitHub/Axelrod-Python-Axelrod/axelrod/actions.py",
    "file_hunks_size": 1,
    "min_patch_found": true,
    "single_hunk": true,
    "fit_TFix": false,
    "delete_only_patch": false,
    "has_suppression_all_hunks": false,
    "full_warning_msg": "axelrod/actions.py:13:8 Incompatible return type [7]: Expected `float` but got `str`.",
    "message": " Expected `float` but got `str`.",
    "rule_id": "Incompatible return type [7]",
    "warning_line_no": 13,
    "warning_line": "        return Actions.D",
    "min_patch": [
      {
        "hunk_fit_TFix": false,
        "inside_window": true,
        "delete_only": false,
        "has_suppression": false,
        "source_code": "\ndef flip_action(action: Action) -> float:\n    if action == Actions.C:\n",
        "source_code_len": 71,
        "target_code": "\ndef flip_action(action: Action) -> Action:\n    if action == Actions.C:\n",
        "target_code_len": 72,
        "diff_format": "@@ -10,3 +10,3 @@\n \n-def flip_action(action: Action) -> float:\n+def flip_action(action: Action) -> Action:\n     if action == Actions.C:\n",
        "source_code_with_indent": "\n<DED>def flip_action(action: Action) -> float:\n    <IND>if action == Actions.C:\n",
        "source_code_with_indent_exact_match": true,
        "target_code_with_indent": "\n<DED>def flip_action(action: Action) -> Action:\n    <IND>if action == Actions.C:\n",
        "target_code_with_indent_exact_match": true
      }
    ]
  },
  {
    "project": "Axelrod-Python/Axelrod",
    "commit": "94ee76c35d894aed3292f89f8047b986d3e01ce5",
    "filename": "axelrod/actions.py",
    "filename_after_commit": "/home/chowyi/TypeAnnotation_Study/GitHub/Axelrod-Python-Axelrod/axelrod/actions.py",
    "file_hunks_size": 1,
    "min_patch_found": true,
    "single_hunk": true,
    "fit_TFix": false,
    "delete_only_patch": false,
    "has_suppression_all_hunks": false,
    "full_warning_msg": "axelrod/actions.py:15:8 Incompatible return type [7]: Expected `float` but got `str`.",
    "message": " Expected `float` but got `str`.",
    "rule_id": "Incompatible return type [7]",
    "warning_line_no": 15,
    "warning_line": "        return Actions.C",
    "min_patch": [
      {
        "hunk_fit_TFix": false,
        "inside_window": false,
        "delete_only": false,
        "has_suppression": false,
        "source_code": "\ndef flip_action(action: Action) -> float:\n    if action == Actions.C:\n",
        "source_code_len": 71,
        "target_code": "\ndef flip_action(action: Action) -> Action:\n    if action == Actions.C:\n",
        "target_code_len": 72,
        "diff_format": "@@ -10,3 +10,3 @@\n \n-def flip_action(action: Action) -> float:\n+def flip_action(action: Action) -> Action:\n     if action == Actions.C:\n",
        "source_code_with_indent": "\n<DED>def flip_action(action: Action) -> float:\n    <IND>if action == Actions.C:\n",
        "source_code_with_indent_exact_match": true,
        "target_code_with_indent": "\n<DED>def flip_action(action: Action) -> Action:\n    <IND>if action == Actions.C:\n",
        "target_code_with_indent_exact_match": true
      }
    ]
  },
  {
    "project": "Axelrod-Python/Axelrod",
    "commit": "94ee76c35d894aed3292f89f8047b986d3e01ce5",
    "filename": "axelrod/strategies/axelrod_second.py",
    "min_patch_found": false,
    "full_warning_msg": "axelrod/strategies/axelrod_second.py:142:12 Incompatible return type [7]: Expected `str` but got `float`.",
    "exception": "PatchSet should only have 1 Patch, but it has 0",
    "dd_fail": true
  },
  {
    "project": "Axelrod-Python/Axelrod",
    "commit": "94ee76c35d894aed3292f89f8047b986d3e01ce5",
    "filename": "axelrod/strategies/negation.py",
    "min_patch_found": false,
    "full_warning_msg": "axelrod/strategies/negation.py:34:8 Incompatible return type [7]: Expected `str` but got `float`.",
    "exception": "PatchSet should only have 1 Patch, but it has 0",
    "dd_fail": true
  }
]