[
  {
    "project": "aiven/karapace",
    "commit": "301978af5635f7d8aa6f00c6dd4b2b022d5edf7b",
    "filename": "karapace/kafka_rest_apis.py",
    "min_patch_found": false,
    "full_warning_msg": "karapace/kafka_rest_apis.py:91:31 Incompatible variable type [9]: topics is declared to have type `List[str]` but is used as type `None`.",
    "exception": "[Errno 2] No such file or directory: '/home/chowyi/TypeAnnotation_Study/GitHub/aiven-karapace/karapace/kafka_rest_apis.py'",
    "dd_fail": true
  },
  {
    "project": "aiven/karapace",
    "commit": "301978af5635f7d8aa6f00c6dd4b2b022d5edf7b",
    "filename": "karapace/kafka_rest_apis.py",
    "min_patch_found": false,
    "full_warning_msg": "karapace/kafka_rest_apis.py:111:30 Incompatible parameter type [6]: Expected `typing.Dict[typing.Any, typing.Any]` for 2nd positional only parameter to call `dict.__setitem__` but got `List[typing.Any]`.",
    "exception": "[Errno 2] No such file or directory: '/home/chowyi/TypeAnnotation_Study/GitHub/aiven-karapace/karapace/kafka_rest_apis.py'",
    "dd_fail": true
  },
  {
    "project": "aiven/karapace",
    "commit": "301978af5635f7d8aa6f00c6dd4b2b022d5edf7b",
    "filename": "karapace/kafka_rest_apis.py",
    "min_patch_found": false,
    "full_warning_msg": "karapace/kafka_rest_apis.py:395:31 Incompatible variable type [9]: topics is declared to have type `str` but is used as type `None`.",
    "exception": "[Errno 2] No such file or directory: '/home/chowyi/TypeAnnotation_Study/GitHub/aiven-karapace/karapace/kafka_rest_apis.py'",
    "dd_fail": true
  },
  {
    "project": "aiven/karapace",
    "commit": "301978af5635f7d8aa6f00c6dd4b2b022d5edf7b",
    "filename": "karapace/kafka_rest_apis.py",
    "min_patch_found": false,
    "full_warning_msg": "karapace/kafka_rest_apis.py:430:12 Incompatible variable type [9]: partition_id is declared to have type `Optional[str]` but is used as type `int`.",
    "exception": "[Errno 2] No such file or directory: '/home/chowyi/TypeAnnotation_Study/GitHub/aiven-karapace/karapace/kafka_rest_apis.py'",
    "dd_fail": true
  },
  {
    "project": "aiven/karapace",
    "commit": "301978af5635f7d8aa6f00c6dd4b2b022d5edf7b",
    "filename": "karapace/kafka_rest_apis.py",
    "min_patch_found": false,
    "full_warning_msg": "karapace/kafka_rest_apis.py:441:16 Incompatible parameter type [6]: Expected `Optional[int]` for 5th parameter `default_partition` to call `KafkaRest._prepare_records` but got `Optional[str]`.",
    "exception": "[Errno 2] No such file or directory: '/home/chowyi/TypeAnnotation_Study/GitHub/aiven-karapace/karapace/kafka_rest_apis.py'",
    "dd_fail": true
  },
  {
    "project": "aiven/karapace",
    "commit": "301978af5635f7d8aa6f00c6dd4b2b022d5edf7b",
    "filename": "karapace/kafka_rest_apis.py",
    "min_patch_found": false,
    "full_warning_msg": "karapace/kafka_rest_apis.py:520:12 Incompatible variable type [9]: partition is declared to have type `str` but is used as type `int`.",
    "exception": "[Errno 2] No such file or directory: '/home/chowyi/TypeAnnotation_Study/GitHub/aiven-karapace/karapace/kafka_rest_apis.py'",
    "dd_fail": true
  },
  {
    "project": "aiven/karapace",
    "commit": "301978af5635f7d8aa6f00c6dd4b2b022d5edf7b",
    "filename": "karapace/kafka_rest_apis.py",
    "min_patch_found": false,
    "full_warning_msg": "karapace/kafka_rest_apis.py:565:57 Incompatible parameter type [6]: Expected `int` for 1st positional only parameter to call `karapace.serialization.SchemaRegistrySerializerDeserializer.get_schema_for_id` but got `Optional[int]`.",
    "exception": "[Errno 2] No such file or directory: '/home/chowyi/TypeAnnotation_Study/GitHub/aiven-karapace/karapace/kafka_rest_apis.py'",
    "dd_fail": true
  },
  {
    "project": "aiven/karapace",
    "commit": "301978af5635f7d8aa6f00c6dd4b2b022d5edf7b",
    "filename": "karapace/kafka_rest_apis.py",
    "min_patch_found": false,
    "full_warning_msg": "karapace/kafka_rest_apis.py:614:71 Incompatible variable type [9]: partition is declared to have type `int` but is used as type `None`.",
    "exception": "[Errno 2] No such file or directory: '/home/chowyi/TypeAnnotation_Study/GitHub/aiven-karapace/karapace/kafka_rest_apis.py'",
    "dd_fail": true
  },
  {
    "project": "aiven/karapace",
    "commit": "301978af5635f7d8aa6f00c6dd4b2b022d5edf7b",
    "filename": "karapace/kafka_rest_apis.py",
    "min_patch_found": false,
    "full_warning_msg": "karapace/kafka_rest_apis.py:642:45 Incompatible parameter type [6]: Expected `str` for 1st positional only parameter to call `KafkaRest.cluster_metadata` but got `List[str]`.",
    "exception": "[Errno 2] No such file or directory: '/home/chowyi/TypeAnnotation_Study/GitHub/aiven-karapace/karapace/kafka_rest_apis.py'",
    "dd_fail": true
  },
  {
    "project": "aiven/karapace",
    "commit": "301978af5635f7d8aa6f00c6dd4b2b022d5edf7b",
    "filename": "karapace/kafka_rest_apis.py",
    "min_patch_found": false,
    "full_warning_msg": "karapace/kafka_rest_apis.py:655:50 Incompatible parameter type [6]: Expected `str` for 1st positional only parameter to call `KafkaRest.cluster_metadata` but got `List[str]`.",
    "exception": "[Errno 2] No such file or directory: '/home/chowyi/TypeAnnotation_Study/GitHub/aiven-karapace/karapace/kafka_rest_apis.py'",
    "dd_fail": true
  }
]