[
  {
    "project": "backprop-ai/backprop",
    "commit": "50d4c966e36bb256f089b6fa4645cd29c3b537cf",
    "filename": "examples/use_cases/qa_chatbot.py",
    "min_patch_found": false,
    "full_warning_msg": "examples/use_cases/qa_chatbot.py:17:16 Unbound name [10]: Name `ElasticDocStore` is used but not defined in the current scope.",
    "exception": "[Errno 2] No such file or directory: '/home/chowyi/TypeAnnotation_Study/GitHub/backprop-ai-backprop/examples/use_cases/qa_chatbot.py'",
    "dd_fail": true
  },
  {
    "project": "backprop-ai/backprop",
    "commit": "50d4c966e36bb256f089b6fa4645cd29c3b537cf",
    "filename": "examples/use_cases/qa_chatbot.py",
    "min_patch_found": false,
    "full_warning_msg": "examples/use_cases/qa_chatbot.py:17:67 Unbound name [10]: Name `ElasticChunkedDocument` is used but not defined in the current scope.",
    "exception": "[Errno 2] No such file or directory: '/home/chowyi/TypeAnnotation_Study/GitHub/backprop-ai-backprop/examples/use_cases/qa_chatbot.py'",
    "dd_fail": true
  },
  {
    "project": "backprop-ai/backprop",
    "commit": "50d4c966e36bb256f089b6fa4645cd29c3b537cf",
    "filename": "examples/use_cases/qa_chatbot.py",
    "min_patch_found": false,
    "full_warning_msg": "examples/use_cases/qa_chatbot.py:20:33 Incompatible parameter type [6]: Expected `kiri.search.documents.Document` for 1st parameter `doc_class` to call `kiri.search.search.InMemoryDocStore.__init__` but got `typing.Type[kiri.search.documents.ChunkedDocument]`.",
    "exception": "[Errno 2] No such file or directory: '/home/chowyi/TypeAnnotation_Study/GitHub/backprop-ai-backprop/examples/use_cases/qa_chatbot.py'",
    "dd_fail": true
  },
  {
    "project": "backprop-ai/backprop",
    "commit": "50d4c966e36bb256f089b6fa4645cd29c3b537cf",
    "filename": "examples/use_cases/semantic_search.py",
    "min_patch_found": false,
    "full_warning_msg": "examples/use_cases/semantic_search.py:18:57 Incompatible parameter type [6]: Expected `kiri.search.documents.ElasticDocument` for 2nd parameter `doc_class` to call `kiri.search.search.ElasticDocStore.__init__` but got `typing.Type[kiri.search.documents.ElasticChunkedDocument]`.",
    "exception": "[Errno 2] No such file or directory: '/home/chowyi/TypeAnnotation_Study/GitHub/backprop-ai-backprop/examples/use_cases/semantic_search.py'",
    "dd_fail": true
  },
  {
    "project": "backprop-ai/backprop",
    "commit": "50d4c966e36bb256f089b6fa4645cd29c3b537cf",
    "filename": "examples/use_cases/semantic_search.py",
    "min_patch_found": false,
    "full_warning_msg": "examples/use_cases/semantic_search.py:21:4 Incompatible variable type [9]: doc_store is declared to have type `kiri.search.search.ElasticDocStore` but is used as type `kiri.search.search.InMemoryDocStore`.",
    "exception": "[Errno 2] No such file or directory: '/home/chowyi/TypeAnnotation_Study/GitHub/backprop-ai-backprop/examples/use_cases/semantic_search.py'",
    "dd_fail": true
  },
  {
    "project": "backprop-ai/backprop",
    "commit": "50d4c966e36bb256f089b6fa4645cd29c3b537cf",
    "filename": "examples/use_cases/semantic_search.py",
    "min_patch_found": false,
    "full_warning_msg": "examples/use_cases/semantic_search.py:21:33 Incompatible parameter type [6]: Expected `kiri.search.documents.Document` for 1st parameter `doc_class` to call `kiri.search.search.InMemoryDocStore.__init__` but got `typing.Type[kiri.search.documents.ChunkedDocument]`.",
    "exception": "[Errno 2] No such file or directory: '/home/chowyi/TypeAnnotation_Study/GitHub/backprop-ai-backprop/examples/use_cases/semantic_search.py'",
    "dd_fail": true
  },
  {
    "project": "backprop-ai/backprop",
    "commit": "50d4c966e36bb256f089b6fa4645cd29c3b537cf",
    "filename": "kiri/models/custom_models.py",
    "min_patch_found": false,
    "full_warning_msg": "kiri/models/custom_models.py:36:16 Incompatible variable type [9]: prev_qa is declared to have type `List[Tuple[str, str]]` but is used as type `List[List[Tuple[str, str]]]`.",
    "exception": "'bool' object has no attribute 'items'",
    "dd_fail": true
  },
  {
    "project": "backprop-ai/backprop",
    "commit": "50d4c966e36bb256f089b6fa4645cd29c3b537cf",
    "filename": "kiri/models/custom_models.py",
    "min_patch_found": false,
    "full_warning_msg": "kiri/models/custom_models.py:104:42 Incompatible parameter type [6]: Expected `Union[_typeshed.SupportsRead[bytes], bytes, pathlib.Path, str]` for 1st positional only parameter to call `Image.open` but got `Union[List[str], str]`.",
    "exception": "'bool' object has no attribute 'items'",
    "dd_fail": true
  },
  {
    "project": "backprop-ai/backprop",
    "commit": "50d4c966e36bb256f089b6fa4645cd29c3b537cf",
    "filename": "kiri/models/custom_models.py",
    "min_patch_found": false,
    "full_warning_msg": "kiri/models/custom_models.py:105:45 Incompatible parameter type [6]: Expected `Union[List[str], str]` for 2nd positional only parameter to call `clip.tokenize` but got `Union[List[List[str]], List[str]]`.",
    "exception": "'bool' object has no attribute 'items'",
    "dd_fail": true
  },
  {
    "project": "backprop-ai/backprop",
    "commit": "50d4c966e36bb256f089b6fa4645cd29c3b537cf",
    "filename": "kiri/models/tasks/base.py",
    "min_patch_found": false,
    "full_warning_msg": "kiri/models/tasks/base.py:8:49 Incompatible variable type [9]: local_models is declared to have type `Dict[typing.Any, typing.Any]` but is used as type `None`.",
    "exception": "'bool' object has no attribute 'items'",
    "dd_fail": true
  },
  {
    "project": "backprop-ai/backprop",
    "commit": "50d4c966e36bb256f089b6fa4645cd29c3b537cf",
    "filename": "kiri/models/tasks/base.py",
    "min_patch_found": false,
    "full_warning_msg": "kiri/models/tasks/base.py:9:16 Incompatible variable type [9]: api_models is declared to have type `List[str]` but is used as type `None`.",
    "exception": "'bool' object has no attribute 'items'",
    "dd_fail": true
  },
  {
    "project": "backprop-ai/backprop",
    "commit": "50d4c966e36bb256f089b6fa4645cd29c3b537cf",
    "filename": "kiri/models/tasks/base.py",
    "min_patch_found": false,
    "full_warning_msg": "kiri/models/tasks/base.py:9:46 Incompatible variable type [9]: default_local_model is declared to have type `str` but is used as type `None`.",
    "exception": "'bool' object has no attribute 'items'",
    "dd_fail": true
  },
  {
    "project": "backprop-ai/backprop",
    "commit": "50d4c966e36bb256f089b6fa4645cd29c3b537cf",
    "filename": "kiri/models/tasks/base.py",
    "min_patch_found": false,
    "full_warning_msg": "kiri/models/tasks/base.py:10:16 Incompatible variable type [9]: default_api_model is declared to have type `str` but is used as type `None`.",
    "exception": "'bool' object has no attribute 'items'",
    "dd_fail": true
  },
  {
    "project": "backprop-ai/backprop",
    "commit": "50d4c966e36bb256f089b6fa4645cd29c3b537cf",
    "filename": "kiri/models/tasks/classification.py",
    "filename_after_commit": "/home/chowyi/TypeAnnotation_Study/GitHub/backprop-ai-backprop/kiri/tasks/text_classification.py",
    "file_hunks_size": 9,
    "min_patch_found": false,
    "single_hunk": false,
    "fit_TFix": false,
    "delete_only_patch": false,
    "has_suppression_all_hunks": false,
    "full_warning_msg": "kiri/models/tasks/classification.py:33:23 Incompatible variable type [9]: model is declared to have type `Union[BaseModel, str]` but is used as type `None`.",
    "message": " model is declared to have type `Union[BaseModel, str]` but is used as type `None`.",
    "rule_id": "Incompatible variable type [9]",
    "warning_line_no": 33,
    "warning_line": "    def __init__(self, model: Union[str, BaseModel] = None,"
  },
  {
    "project": "backprop-ai/backprop",
    "commit": "50d4c966e36bb256f089b6fa4645cd29c3b537cf",
    "filename": "kiri/models/tasks/classification.py",
    "filename_after_commit": "/home/chowyi/TypeAnnotation_Study/GitHub/backprop-ai-backprop/kiri/tasks/text_classification.py",
    "file_hunks_size": 9,
    "min_patch_found": false,
    "single_hunk": false,
    "fit_TFix": false,
    "delete_only_patch": false,
    "has_suppression_all_hunks": false,
    "full_warning_msg": "kiri/models/tasks/classification.py:34:37 Incompatible variable type [9]: api_key is declared to have type `str` but is used as type `None`.",
    "message": " api_key is declared to have type `str` but is used as type `None`.",
    "rule_id": "Incompatible variable type [9]",
    "warning_line_no": 34,
    "warning_line": "                local: bool = False, api_key: str = None, device: str = \"cpu\","
  },
  {
    "project": "backprop-ai/backprop",
    "commit": "50d4c966e36bb256f089b6fa4645cd29c3b537cf",
    "filename": "kiri/models/tasks/emotion.py",
    "min_patch_found": false,
    "full_warning_msg": "kiri/models/tasks/emotion.py:34:23 Incompatible variable type [9]: model is declared to have type `Union[BaseModel, str]` but is used as type `None`.",
    "exception": "'bool' object has no attribute 'items'",
    "dd_fail": true
  },
  {
    "project": "backprop-ai/backprop",
    "commit": "50d4c966e36bb256f089b6fa4645cd29c3b537cf",
    "filename": "kiri/models/tasks/emotion.py",
    "min_patch_found": false,
    "full_warning_msg": "kiri/models/tasks/emotion.py:35:37 Incompatible variable type [9]: api_key is declared to have type `str` but is used as type `None`.",
    "exception": "'bool' object has no attribute 'items'",
    "dd_fail": true
  },
  {
    "project": "backprop-ai/backprop",
    "commit": "50d4c966e36bb256f089b6fa4645cd29c3b537cf",
    "filename": "kiri/models/tasks/generation.py",
    "min_patch_found": false,
    "full_warning_msg": "kiri/models/tasks/generation.py:33:23 Incompatible variable type [9]: model is declared to have type `Union[BaseModel, str]` but is used as type `None`.",
    "exception": "[Errno 2] No such file or directory: '/home/chowyi/TypeAnnotation_Study/GitHub/backprop-ai-backprop/kiri/models/tasks/generation.py'",
    "dd_fail": true
  },
  {
    "project": "backprop-ai/backprop",
    "commit": "50d4c966e36bb256f089b6fa4645cd29c3b537cf",
    "filename": "kiri/models/tasks/generation.py",
    "min_patch_found": false,
    "full_warning_msg": "kiri/models/tasks/generation.py:34:37 Incompatible variable type [9]: api_key is declared to have type `str` but is used as type `None`.",
    "exception": "[Errno 2] No such file or directory: '/home/chowyi/TypeAnnotation_Study/GitHub/backprop-ai-backprop/kiri/models/tasks/generation.py'",
    "dd_fail": true
  },
  {
    "project": "backprop-ai/backprop",
    "commit": "50d4c966e36bb256f089b6fa4645cd29c3b537cf",
    "filename": "kiri/models/tasks/image_classification.py",
    "filename_after_commit": "/home/chowyi/TypeAnnotation_Study/GitHub/backprop-ai-backprop/kiri/tasks/image_classification.py",
    "file_hunks_size": 7,
    "min_patch_found": false,
    "single_hunk": false,
    "fit_TFix": false,
    "delete_only_patch": false,
    "has_suppression_all_hunks": false,
    "full_warning_msg": "kiri/models/tasks/image_classification.py:34:23 Incompatible variable type [9]: model is declared to have type `Union[BaseModel, str]` but is used as type `None`.",
    "message": " model is declared to have type `Union[BaseModel, str]` but is used as type `None`.",
    "rule_id": "Incompatible variable type [9]",
    "warning_line_no": 34,
    "warning_line": "    def __init__(self, model: Union[str, BaseModel] = None,"
  },
  {
    "project": "backprop-ai/backprop",
    "commit": "50d4c966e36bb256f089b6fa4645cd29c3b537cf",
    "filename": "kiri/models/tasks/image_classification.py",
    "filename_after_commit": "/home/chowyi/TypeAnnotation_Study/GitHub/backprop-ai-backprop/kiri/tasks/image_classification.py",
    "file_hunks_size": 7,
    "min_patch_found": false,
    "single_hunk": false,
    "fit_TFix": false,
    "delete_only_patch": false,
    "has_suppression_all_hunks": false,
    "full_warning_msg": "kiri/models/tasks/image_classification.py:35:37 Incompatible variable type [9]: api_key is declared to have type `str` but is used as type `None`.",
    "message": " api_key is declared to have type `str` but is used as type `None`.",
    "rule_id": "Incompatible variable type [9]",
    "warning_line_no": 35,
    "warning_line": "                local: bool = False, api_key: str = None, device: str = \"cpu\","
  },
  {
    "project": "backprop-ai/backprop",
    "commit": "50d4c966e36bb256f089b6fa4645cd29c3b537cf",
    "filename": "kiri/models/tasks/qa.py",
    "min_patch_found": false,
    "full_warning_msg": "kiri/models/tasks/qa.py:34:23 Incompatible variable type [9]: model is declared to have type `Union[BaseModel, str]` but is used as type `None`.",
    "exception": "[Errno 2] No such file or directory: '/home/chowyi/TypeAnnotation_Study/GitHub/backprop-ai-backprop/kiri/models/tasks/qa.py'",
    "dd_fail": true
  },
  {
    "project": "backprop-ai/backprop",
    "commit": "50d4c966e36bb256f089b6fa4645cd29c3b537cf",
    "filename": "kiri/models/tasks/qa.py",
    "min_patch_found": false,
    "full_warning_msg": "kiri/models/tasks/qa.py:35:37 Incompatible variable type [9]: api_key is declared to have type `str` but is used as type `None`.",
    "exception": "[Errno 2] No such file or directory: '/home/chowyi/TypeAnnotation_Study/GitHub/backprop-ai-backprop/kiri/models/tasks/qa.py'",
    "dd_fail": true
  },
  {
    "project": "backprop-ai/backprop",
    "commit": "50d4c966e36bb256f089b6fa4645cd29c3b537cf",
    "filename": "kiri/models/tasks/qa.py",
    "min_patch_found": false,
    "full_warning_msg": "kiri/models/tasks/qa.py:62:12 Incompatible variable type [9]: prev_qa is declared to have type `List[Tuple[str, str]]` but is used as type `List[List[str]]`.",
    "exception": "[Errno 2] No such file or directory: '/home/chowyi/TypeAnnotation_Study/GitHub/backprop-ai-backprop/kiri/models/tasks/qa.py'",
    "dd_fail": true
  },
  {
    "project": "backprop-ai/backprop",
    "commit": "50d4c966e36bb256f089b6fa4645cd29c3b537cf",
    "filename": "kiri/models/tasks/summarisation.py",
    "min_patch_found": false,
    "full_warning_msg": "kiri/models/tasks/summarisation.py:34:23 Incompatible variable type [9]: model is declared to have type `Union[BaseModel, str]` but is used as type `None`.",
    "exception": "'bool' object has no attribute 'items'",
    "dd_fail": true
  },
  {
    "project": "backprop-ai/backprop",
    "commit": "50d4c966e36bb256f089b6fa4645cd29c3b537cf",
    "filename": "kiri/models/tasks/summarisation.py",
    "min_patch_found": false,
    "full_warning_msg": "kiri/models/tasks/summarisation.py:35:37 Incompatible variable type [9]: api_key is declared to have type `str` but is used as type `None`.",
    "exception": "'bool' object has no attribute 'items'",
    "dd_fail": true
  },
  {
    "project": "backprop-ai/backprop",
    "commit": "50d4c966e36bb256f089b6fa4645cd29c3b537cf",
    "filename": "kiri/models/tasks/vectorisation.py",
    "filename_after_commit": "/home/chowyi/TypeAnnotation_Study/GitHub/backprop-ai-backprop/kiri/tasks/text_vectorisation.py",
    "file_hunks_size": 9,
    "min_patch_found": false,
    "single_hunk": false,
    "fit_TFix": false,
    "delete_only_patch": false,
    "has_suppression_all_hunks": false,
    "full_warning_msg": "kiri/models/tasks/vectorisation.py:33:23 Incompatible variable type [9]: model is declared to have type `Union[BaseModel, str]` but is used as type `None`.",
    "message": " model is declared to have type `Union[BaseModel, str]` but is used as type `None`.",
    "rule_id": "Incompatible variable type [9]",
    "warning_line_no": 33,
    "warning_line": "    def __init__(self, model: Union[str, BaseModel] = None,"
  },
  {
    "project": "backprop-ai/backprop",
    "commit": "50d4c966e36bb256f089b6fa4645cd29c3b537cf",
    "filename": "kiri/models/tasks/vectorisation.py",
    "filename_after_commit": "/home/chowyi/TypeAnnotation_Study/GitHub/backprop-ai-backprop/kiri/tasks/text_vectorisation.py",
    "file_hunks_size": 9,
    "min_patch_found": false,
    "single_hunk": false,
    "fit_TFix": false,
    "delete_only_patch": false,
    "has_suppression_all_hunks": false,
    "full_warning_msg": "kiri/models/tasks/vectorisation.py:34:37 Incompatible variable type [9]: api_key is declared to have type `str` but is used as type `None`.",
    "message": " api_key is declared to have type `str` but is used as type `None`.",
    "rule_id": "Incompatible variable type [9]",
    "warning_line_no": 34,
    "warning_line": "                local: bool = False, api_key: str = None, device: str = \"cpu\","
  },
  {
    "project": "backprop-ai/backprop",
    "commit": "50d4c966e36bb256f089b6fa4645cd29c3b537cf",
    "filename": "kiri/search/documents.py",
    "min_patch_found": false,
    "full_warning_msg": "kiri/search/documents.py:19:37 Incompatible variable type [9]: id is declared to have type `str` but is used as type `None`.",
    "exception": "[Errno 2] No such file or directory: '/home/chowyi/TypeAnnotation_Study/GitHub/backprop-ai-backprop/kiri/search/documents.py'",
    "dd_fail": true
  },
  {
    "project": "backprop-ai/backprop",
    "commit": "50d4c966e36bb256f089b6fa4645cd29c3b537cf",
    "filename": "kiri/search/documents.py",
    "min_patch_found": false,
    "full_warning_msg": "kiri/search/documents.py:20:17 Incompatible variable type [9]: attributes is declared to have type `Dict[typing.Any, typing.Any]` but is used as type `None`.",
    "exception": "[Errno 2] No such file or directory: '/home/chowyi/TypeAnnotation_Study/GitHub/backprop-ai-backprop/kiri/search/documents.py'",
    "dd_fail": true
  },
  {
    "project": "backprop-ai/backprop",
    "commit": "50d4c966e36bb256f089b6fa4645cd29c3b537cf",
    "filename": "kiri/search/documents.py",
    "min_patch_found": false,
    "full_warning_msg": "kiri/search/documents.py:20:42 Incompatible variable type [9]: vector is declared to have type `List[float]` but is used as type `None`.",
    "exception": "[Errno 2] No such file or directory: '/home/chowyi/TypeAnnotation_Study/GitHub/backprop-ai-backprop/kiri/search/documents.py'",
    "dd_fail": true
  },
  {
    "project": "backprop-ai/backprop",
    "commit": "50d4c966e36bb256f089b6fa4645cd29c3b537cf",
    "filename": "kiri/search/documents.py",
    "min_patch_found": false,
    "full_warning_msg": "kiri/search/documents.py:97:55 Incompatible variable type [9]: chunks is declared to have type `List[str]` but is used as type `None`.",
    "exception": "[Errno 2] No such file or directory: '/home/chowyi/TypeAnnotation_Study/GitHub/backprop-ai-backprop/kiri/search/documents.py'",
    "dd_fail": true
  },
  {
    "project": "backprop-ai/backprop",
    "commit": "50d4c966e36bb256f089b6fa4645cd29c3b537cf",
    "filename": "kiri/search/documents.py",
    "min_patch_found": false,
    "full_warning_msg": "kiri/search/documents.py:98:17 Incompatible variable type [9]: chunk_vectors is declared to have type `List[List[float]]` but is used as type `None`.",
    "exception": "[Errno 2] No such file or directory: '/home/chowyi/TypeAnnotation_Study/GitHub/backprop-ai-backprop/kiri/search/documents.py'",
    "dd_fail": true
  },
  {
    "project": "backprop-ai/backprop",
    "commit": "50d4c966e36bb256f089b6fa4645cd29c3b537cf",
    "filename": "kiri/search/search.py",
    "min_patch_found": false,
    "full_warning_msg": "kiri/search/search.py:19:57 Incompatible variable type [9]: preview is declared to have type `str` but is used as type `None`.",
    "exception": "[Errno 2] No such file or directory: '/home/chowyi/TypeAnnotation_Study/GitHub/backprop-ai-backprop/kiri/search/search.py'",
    "dd_fail": true
  },
  {
    "project": "backprop-ai/backprop",
    "commit": "50d4c966e36bb256f089b6fa4645cd29c3b537cf",
    "filename": "kiri/search/search.py",
    "min_patch_found": false,
    "full_warning_msg": "kiri/search/search.py:97:23 Incompatible variable type [9]: doc_class is declared to have type `Document` but is used as type `typing.Type[Document]`.",
    "exception": "[Errno 2] No such file or directory: '/home/chowyi/TypeAnnotation_Study/GitHub/backprop-ai-backprop/kiri/search/search.py'",
    "dd_fail": true
  },
  {
    "project": "backprop-ai/backprop",
    "commit": "50d4c966e36bb256f089b6fa4645cd29c3b537cf",
    "filename": "kiri/search/search.py",
    "min_patch_found": false,
    "full_warning_msg": "kiri/search/search.py:101:4 Inconsistent override [14]: `kiri.search.search.InMemoryDocStore.upload` overrides method defined in `DocStore` inconsistently. Could not find parameter `Variable(unknown)` in overriding signature.",
    "exception": "[Errno 2] No such file or directory: '/home/chowyi/TypeAnnotation_Study/GitHub/backprop-ai-backprop/kiri/search/search.py'",
    "dd_fail": true
  },
  {
    "project": "backprop-ai/backprop",
    "commit": "50d4c966e36bb256f089b6fa4645cd29c3b537cf",
    "filename": "kiri/search/search.py",
    "min_patch_found": false,
    "full_warning_msg": "kiri/search/search.py:101:4 Inconsistent override [14]: `kiri.search.search.InMemoryDocStore.upload` overrides method defined in `DocStore` inconsistently. Could not find parameter `Keywords(unknown)` in overriding signature.",
    "exception": "[Errno 2] No such file or directory: '/home/chowyi/TypeAnnotation_Study/GitHub/backprop-ai-backprop/kiri/search/search.py'",
    "dd_fail": true
  },
  {
    "project": "backprop-ai/backprop",
    "commit": "50d4c966e36bb256f089b6fa4645cd29c3b537cf",
    "filename": "kiri/search/search.py",
    "min_patch_found": false,
    "full_warning_msg": "kiri/search/search.py:122:12 Incompatible attribute type [8]: Attribute `_doc_class` declared in class `InMemoryDocStore` has type `Document` but is used as type `typing.Type[ChunkedDocument]`.",
    "exception": "[Errno 2] No such file or directory: '/home/chowyi/TypeAnnotation_Study/GitHub/backprop-ai-backprop/kiri/search/search.py'",
    "dd_fail": true
  },
  {
    "project": "backprop-ai/backprop",
    "commit": "50d4c966e36bb256f089b6fa4645cd29c3b537cf",
    "filename": "kiri/search/search.py",
    "min_patch_found": false,
    "full_warning_msg": "kiri/search/search.py:153:17 Incompatible variable type [9]: doc_class is declared to have type `ElasticDocument` but is used as type `typing.Type[ElasticDocument]`.",
    "exception": "[Errno 2] No such file or directory: '/home/chowyi/TypeAnnotation_Study/GitHub/backprop-ai-backprop/kiri/search/search.py'",
    "dd_fail": true
  },
  {
    "project": "backprop-ai/backprop",
    "commit": "50d4c966e36bb256f089b6fa4645cd29c3b537cf",
    "filename": "kiri/search/search.py",
    "min_patch_found": false,
    "full_warning_msg": "kiri/search/search.py:178:4 Inconsistent override [14]: `kiri.search.search.ElasticDocStore.upload` overrides method defined in `DocStore` inconsistently. Could not find parameter `Variable(unknown)` in overriding signature.",
    "exception": "[Errno 2] No such file or directory: '/home/chowyi/TypeAnnotation_Study/GitHub/backprop-ai-backprop/kiri/search/search.py'",
    "dd_fail": true
  },
  {
    "project": "backprop-ai/backprop",
    "commit": "50d4c966e36bb256f089b6fa4645cd29c3b537cf",
    "filename": "kiri/search/search.py",
    "min_patch_found": false,
    "full_warning_msg": "kiri/search/search.py:178:4 Inconsistent override [14]: `kiri.search.search.ElasticDocStore.upload` overrides method defined in `DocStore` inconsistently. Could not find parameter `Keywords(unknown)` in overriding signature.",
    "exception": "[Errno 2] No such file or directory: '/home/chowyi/TypeAnnotation_Study/GitHub/backprop-ai-backprop/kiri/search/search.py'",
    "dd_fail": true
  },
  {
    "project": "backprop-ai/backprop",
    "commit": "50d4c966e36bb256f089b6fa4645cd29c3b537cf",
    "filename": "kiri/search/search.py",
    "min_patch_found": false,
    "full_warning_msg": "kiri/search/search.py:178:71 Incompatible variable type [9]: index is declared to have type `str` but is used as type `None`.",
    "exception": "[Errno 2] No such file or directory: '/home/chowyi/TypeAnnotation_Study/GitHub/backprop-ai-backprop/kiri/search/search.py'",
    "dd_fail": true
  },
  {
    "project": "backprop-ai/backprop",
    "commit": "50d4c966e36bb256f089b6fa4645cd29c3b537cf",
    "filename": "kiri/search/search.py",
    "min_patch_found": false,
    "full_warning_msg": "kiri/search/search.py:193:34 Incompatible parameter type [6]: Expected `List[Document]` for 1st positional only parameter to call `kiri.utils.verification.check_duplicate_documents` but got `List[ElasticDocument]`.",
    "exception": "[Errno 2] No such file or directory: '/home/chowyi/TypeAnnotation_Study/GitHub/backprop-ai-backprop/kiri/search/search.py'",
    "dd_fail": true
  },
  {
    "project": "backprop-ai/backprop",
    "commit": "50d4c966e36bb256f089b6fa4645cd29c3b537cf",
    "filename": "kiri/search/search.py",
    "min_patch_found": false,
    "full_warning_msg": "kiri/search/search.py:195:29 Incompatible parameter type [6]: Expected `List[Document]` for 1st positional only parameter to call `kiri.utils.verification.check_document_types` but got `List[ElasticDocument]`.",
    "exception": "[Errno 2] No such file or directory: '/home/chowyi/TypeAnnotation_Study/GitHub/backprop-ai-backprop/kiri/search/search.py'",
    "dd_fail": true
  },
  {
    "project": "backprop-ai/backprop",
    "commit": "50d4c966e36bb256f089b6fa4645cd29c3b537cf",
    "filename": "kiri/search/search.py",
    "min_patch_found": false,
    "full_warning_msg": "kiri/search/search.py:223:4 Inconsistent override [14]: `kiri.search.search.ElasticDocStore.search` overrides method defined in `DocStore` inconsistently. Could not find parameter `Variable(unknown)` in overriding signature.",
    "exception": "[Errno 2] No such file or directory: '/home/chowyi/TypeAnnotation_Study/GitHub/backprop-ai-backprop/kiri/search/search.py'",
    "dd_fail": true
  },
  {
    "project": "backprop-ai/backprop",
    "commit": "50d4c966e36bb256f089b6fa4645cd29c3b537cf",
    "filename": "kiri/search/search.py",
    "min_patch_found": false,
    "full_warning_msg": "kiri/search/search.py:223:4 Inconsistent override [14]: `kiri.search.search.ElasticDocStore.search` overrides method defined in `DocStore` inconsistently. Could not find parameter `Keywords(unknown)` in overriding signature.",
    "exception": "[Errno 2] No such file or directory: '/home/chowyi/TypeAnnotation_Study/GitHub/backprop-ai-backprop/kiri/search/search.py'",
    "dd_fail": true
  },
  {
    "project": "backprop-ai/backprop",
    "commit": "50d4c966e36bb256f089b6fa4645cd29c3b537cf",
    "filename": "kiri/utils/processing.py",
    "min_patch_found": false,
    "full_warning_msg": "kiri/utils/processing.py:71:36 Incompatible parameter type [6]: Expected `typing.Iterable[Variable[_T1]]` for 1st positional only parameter to call `zip.__new__` but got `Union[List[kiri.search.documents.Document], kiri.search.documents.Document]`.",
    "exception": "[Errno 2] No such file or directory: '/home/chowyi/TypeAnnotation_Study/GitHub/backprop-ai-backprop/kiri/utils/processing.py'",
    "dd_fail": true
  }
]