[
  {
    "project": "bentoml/BentoML",
    "commit": "33ebf2e24b7c9c1437ba1dca916c9b58c15f1049",
    "filename": "bentoml/adapters/dataframe_output.py",
    "filename_after_commit": "/home/chowyi/TypeAnnotation_Study/GitHub/bentoml-BentoML/bentoml/adapters/dataframe_output.py",
    "file_hunks_size": 5,
    "min_patch_found": false,
    "single_hunk": false,
    "fit_TFix": false,
    "delete_only_patch": false,
    "has_suppression_all_hunks": false,
    "full_warning_msg": "bentoml/adapters/dataframe_output.py:71:8 Incompatible variable type [9]: requests is declared to have type `Iterable[SimpleRequest]` but is used as type `None`.",
    "message": " requests is declared to have type `Iterable[SimpleRequest]` but is used as type `None`.",
    "rule_id": "Incompatible variable type [9]",
    "warning_line_no": 71,
    "warning_line": "        requests: Iterable[SimpleRequest] = None,"
  },
  {
    "project": "bentoml/BentoML",
    "commit": "33ebf2e24b7c9c1437ba1dca916c9b58c15f1049",
    "filename": "bentoml/adapters/dataframe_output.py",
    "filename_after_commit": "/home/chowyi/TypeAnnotation_Study/GitHub/bentoml-BentoML/bentoml/adapters/dataframe_output.py",
    "file_hunks_size": 5,
    "min_patch_found": false,
    "single_hunk": false,
    "fit_TFix": false,
    "delete_only_patch": false,
    "has_suppression_all_hunks": false,
    "full_warning_msg": "bentoml/adapters/dataframe_output.py:90:31 Incompatible parameter type [6]: Expected `None` for 2nd positional only parameter to call `list.__setitem__` but got `SimpleResponse`.",
    "message": " Expected `None` for 2nd positional only parameter to call `list.__setitem__` but got `SimpleResponse`.",
    "rule_id": "Incompatible parameter type [6]",
    "warning_line_no": 90,
    "warning_line": "                responses[i] = SimpleResponse("
  },
  {
    "project": "bentoml/BentoML",
    "commit": "33ebf2e24b7c9c1437ba1dca916c9b58c15f1049",
    "filename": "bentoml/adapters/dataframe_output.py",
    "filename_after_commit": "/home/chowyi/TypeAnnotation_Study/GitHub/bentoml-BentoML/bentoml/adapters/dataframe_output.py",
    "file_hunks_size": 5,
    "min_patch_found": false,
    "single_hunk": false,
    "fit_TFix": false,
    "delete_only_patch": false,
    "has_suppression_all_hunks": false,
    "full_warning_msg": "bentoml/adapters/dataframe_output.py:94:31 Incompatible parameter type [6]: Expected `None` for 2nd positional only parameter to call `list.__setitem__` but got `SimpleResponse`.",
    "message": " Expected `None` for 2nd positional only parameter to call `list.__setitem__` but got `SimpleResponse`.",
    "rule_id": "Incompatible parameter type [6]",
    "warning_line_no": 94,
    "warning_line": "                responses[i] = SimpleResponse(400, None, str(e))"
  },
  {
    "project": "bentoml/BentoML",
    "commit": "33ebf2e24b7c9c1437ba1dca916c9b58c15f1049",
    "filename": "bentoml/adapters/dataframe_output.py",
    "filename_after_commit": "/home/chowyi/TypeAnnotation_Study/GitHub/bentoml-BentoML/bentoml/adapters/dataframe_output.py",
    "file_hunks_size": 5,
    "min_patch_found": false,
    "single_hunk": false,
    "fit_TFix": false,
    "delete_only_patch": false,
    "has_suppression_all_hunks": false,
    "full_warning_msg": "bentoml/adapters/dataframe_output.py:94:51 Incompatible parameter type [6]: Expected `typing.Tuple[typing.Any, ...]` for 2nd positional only parameter to call `SimpleResponse.__init__` but got `None`.",
    "message": " Expected `typing.Tuple[typing.Any, ...]` for 2nd positional only parameter to call `SimpleResponse.__init__` but got `None`.",
    "rule_id": "Incompatible parameter type [6]",
    "warning_line_no": 94,
    "warning_line": "                responses[i] = SimpleResponse(400, None, str(e))"
  },
  {
    "project": "bentoml/BentoML",
    "commit": "33ebf2e24b7c9c1437ba1dca916c9b58c15f1049",
    "filename": "bentoml/adapters/dataframe_output.py",
    "filename_after_commit": "/home/chowyi/TypeAnnotation_Study/GitHub/bentoml-BentoML/bentoml/adapters/dataframe_output.py",
    "file_hunks_size": 5,
    "min_patch_found": false,
    "single_hunk": false,
    "fit_TFix": false,
    "delete_only_patch": false,
    "has_suppression_all_hunks": false,
    "full_warning_msg": "bentoml/adapters/dataframe_output.py:96:31 Incompatible parameter type [6]: Expected `None` for 2nd positional only parameter to call `list.__setitem__` but got `SimpleResponse`.",
    "message": " Expected `None` for 2nd positional only parameter to call `list.__setitem__` but got `SimpleResponse`.",
    "rule_id": "Incompatible parameter type [6]",
    "warning_line_no": 96,
    "warning_line": "                responses[i] = SimpleResponse(500, None, str(e))"
  },
  {
    "project": "bentoml/BentoML",
    "commit": "33ebf2e24b7c9c1437ba1dca916c9b58c15f1049",
    "filename": "bentoml/adapters/dataframe_output.py",
    "filename_after_commit": "/home/chowyi/TypeAnnotation_Study/GitHub/bentoml-BentoML/bentoml/adapters/dataframe_output.py",
    "file_hunks_size": 5,
    "min_patch_found": false,
    "single_hunk": false,
    "fit_TFix": false,
    "delete_only_patch": false,
    "has_suppression_all_hunks": false,
    "full_warning_msg": "bentoml/adapters/dataframe_output.py:96:51 Incompatible parameter type [6]: Expected `typing.Tuple[typing.Any, ...]` for 2nd positional only parameter to call `SimpleResponse.__init__` but got `None`.",
    "message": " Expected `typing.Tuple[typing.Any, ...]` for 2nd positional only parameter to call `SimpleResponse.__init__` but got `None`.",
    "rule_id": "Incompatible parameter type [6]",
    "warning_line_no": 96,
    "warning_line": "                responses[i] = SimpleResponse(500, None, str(e))"
  },
  {
    "project": "bentoml/BentoML",
    "commit": "33ebf2e24b7c9c1437ba1dca916c9b58c15f1049",
    "filename": "bentoml/adapters/dataframe_output.py",
    "filename_after_commit": "/home/chowyi/TypeAnnotation_Study/GitHub/bentoml-BentoML/bentoml/adapters/dataframe_output.py",
    "file_hunks_size": 5,
    "min_patch_found": false,
    "single_hunk": false,
    "fit_TFix": false,
    "delete_only_patch": false,
    "has_suppression_all_hunks": false,
    "full_warning_msg": "bentoml/adapters/dataframe_output.py:97:8 Incompatible return type [7]: Expected `Iterable[SimpleResponse]` but got `typing.List[None]`.",
    "message": " Expected `Iterable[SimpleResponse]` but got `typing.List[None]`.",
    "rule_id": "Incompatible return type [7]",
    "warning_line_no": 97,
    "warning_line": "        return responses"
  },
  {
    "project": "bentoml/BentoML",
    "commit": "33ebf2e24b7c9c1437ba1dca916c9b58c15f1049",
    "filename": "bentoml/adapters/default_output.py",
    "filename_after_commit": "/home/chowyi/TypeAnnotation_Study/GitHub/bentoml-BentoML/bentoml/adapters/default_output.py",
    "file_hunks_size": 4,
    "min_patch_found": false,
    "single_hunk": false,
    "fit_TFix": false,
    "delete_only_patch": false,
    "has_suppression_all_hunks": false,
    "full_warning_msg": "bentoml/adapters/default_output.py:74:8 Incompatible variable type [9]: requests is declared to have type `Iterable[SimpleRequest]` but is used as type `None`.",
    "message": " requests is declared to have type `Iterable[SimpleRequest]` but is used as type `None`.",
    "rule_id": "Incompatible variable type [9]",
    "warning_line_no": 74,
    "warning_line": "        requests: Iterable[SimpleRequest] = None,"
  },
  {
    "project": "bentoml/BentoML",
    "commit": "33ebf2e24b7c9c1437ba1dca916c9b58c15f1049",
    "filename": "bentoml/adapters/json_input.py",
    "filename_after_commit": "/home/chowyi/TypeAnnotation_Study/GitHub/bentoml-BentoML/bentoml/adapters/json_input.py",
    "file_hunks_size": 2,
    "min_patch_found": false,
    "single_hunk": false,
    "fit_TFix": false,
    "delete_only_patch": false,
    "has_suppression_all_hunks": false,
    "full_warning_msg": "bentoml/adapters/json_input.py:80:39 Incompatible parameter type [6]: Expected `typing.Tuple[typing.Any, ...]` for 2nd positional only parameter to call `SimpleResponse.__init__` but got `None`.",
    "message": " Expected `typing.Tuple[typing.Any, ...]` for 2nd positional only parameter to call `SimpleResponse.__init__` but got `None`.",
    "rule_id": "Incompatible parameter type [6]",
    "warning_line_no": 80,
    "warning_line": "        bad_resp = SimpleResponse(400, None, \"Bad Input\")"
  },
  {
    "project": "bentoml/BentoML",
    "commit": "33ebf2e24b7c9c1437ba1dca916c9b58c15f1049",
    "filename": "bentoml/adapters/json_input.py",
    "filename_after_commit": "/home/chowyi/TypeAnnotation_Study/GitHub/bentoml-BentoML/bentoml/adapters/json_input.py",
    "file_hunks_size": 2,
    "min_patch_found": false,
    "single_hunk": false,
    "fit_TFix": false,
    "delete_only_patch": false,
    "has_suppression_all_hunks": false,
    "full_warning_msg": "bentoml/adapters/json_input.py:81:38 Incompatible parameter type [6]: Expected `typing.Sized` for 1st positional only parameter to call `len` but got `Iterable[SimpleRequest]`.",
    "message": " Expected `typing.Sized` for 1st positional only parameter to call `len` but got `Iterable[SimpleRequest]`.",
    "rule_id": "Incompatible parameter type [6]",
    "warning_line_no": 81,
    "warning_line": "        instances_list = [None] * len(requests)"
  },
  {
    "project": "bentoml/BentoML",
    "commit": "33ebf2e24b7c9c1437ba1dca916c9b58c15f1049",
    "filename": "bentoml/adapters/json_input.py",
    "filename_after_commit": "/home/chowyi/TypeAnnotation_Study/GitHub/bentoml-BentoML/bentoml/adapters/json_input.py",
    "file_hunks_size": 2,
    "min_patch_found": false,
    "single_hunk": false,
    "fit_TFix": false,
    "delete_only_patch": false,
    "has_suppression_all_hunks": false,
    "full_warning_msg": "bentoml/adapters/json_input.py:82:37 Incompatible parameter type [6]: Expected `typing.Sized` for 1st positional only parameter to call `len` but got `Iterable[SimpleRequest]`.",
    "message": " Expected `typing.Sized` for 1st positional only parameter to call `len` but got `Iterable[SimpleRequest]`.",
    "rule_id": "Incompatible parameter type [6]",
    "warning_line_no": 82,
    "warning_line": "        fallbacks = [bad_resp] * len(requests)"
  },
  {
    "project": "bentoml/BentoML",
    "commit": "33ebf2e24b7c9c1437ba1dca916c9b58c15f1049",
    "filename": "bentoml/adapters/json_input.py",
    "filename_after_commit": "/home/chowyi/TypeAnnotation_Study/GitHub/bentoml-BentoML/bentoml/adapters/json_input.py",
    "file_hunks_size": 2,
    "min_patch_found": false,
    "single_hunk": false,
    "fit_TFix": false,
    "delete_only_patch": false,
    "has_suppression_all_hunks": false,
    "full_warning_msg": "bentoml/adapters/json_input.py:83:35 Incompatible parameter type [6]: Expected `typing.Sized` for 1st positional only parameter to call `len` but got `Iterable[SimpleRequest]`.",
    "message": " Expected `typing.Sized` for 1st positional only parameter to call `len` but got `Iterable[SimpleRequest]`.",
    "rule_id": "Incompatible parameter type [6]",
    "warning_line_no": 83,
    "warning_line": "        batch_flags = [None] * len(requests)"
  },
  {
    "project": "bentoml/BentoML",
    "commit": "33ebf2e24b7c9c1437ba1dca916c9b58c15f1049",
    "filename": "bentoml/adapters/json_input.py",
    "filename_after_commit": "/home/chowyi/TypeAnnotation_Study/GitHub/bentoml-BentoML/bentoml/adapters/json_input.py",
    "file_hunks_size": 2,
    "min_patch_found": false,
    "single_hunk": false,
    "fit_TFix": false,
    "delete_only_patch": false,
    "has_suppression_all_hunks": false,
    "full_warning_msg": "bentoml/adapters/json_input.py:92:51 Incompatible parameter type [6]: Expected `typing.Tuple[typing.Any, ...]` for 2nd positional only parameter to call `SimpleResponse.__init__` but got `None`.",
    "message": " Expected `typing.Tuple[typing.Any, ...]` for 2nd positional only parameter to call `SimpleResponse.__init__` but got `None`.",
    "rule_id": "Incompatible parameter type [6]",
    "warning_line_no": 92,
    "warning_line": "                fallbacks[i] = SimpleResponse(400, None, \"Not a valid json\")"
  },
  {
    "project": "bentoml/BentoML",
    "commit": "33ebf2e24b7c9c1437ba1dca916c9b58c15f1049",
    "filename": "bentoml/adapters/json_input.py",
    "filename_after_commit": "/home/chowyi/TypeAnnotation_Study/GitHub/bentoml-BentoML/bentoml/adapters/json_input.py",
    "file_hunks_size": 2,
    "min_patch_found": false,
    "single_hunk": false,
    "fit_TFix": false,
    "delete_only_patch": false,
    "has_suppression_all_hunks": false,
    "full_warning_msg": "bentoml/adapters/json_input.py:98:25 Incompatible parameter type [6]: Expected `typing.Tuple[typing.Any, ...]` for 2nd positional only parameter to call `SimpleResponse.__init__` but got `None`.",
    "message": " Expected `typing.Tuple[typing.Any, ...]` for 2nd positional only parameter to call `SimpleResponse.__init__` but got `None`.",
    "rule_id": "Incompatible parameter type [6]",
    "warning_line_no": 98,
    "warning_line": "                    500, None, f\"Internal Server Error: {err}\""
  },
  {
    "project": "bentoml/BentoML",
    "commit": "33ebf2e24b7c9c1437ba1dca916c9b58c15f1049",
    "filename": "bentoml/adapters/json_output.py",
    "filename_after_commit": "/home/chowyi/TypeAnnotation_Study/GitHub/bentoml-BentoML/bentoml/adapters/json_output.py",
    "file_hunks_size": 4,
    "min_patch_found": false,
    "single_hunk": false,
    "fit_TFix": false,
    "delete_only_patch": false,
    "has_suppression_all_hunks": false,
    "full_warning_msg": "bentoml/adapters/json_output.py:40:8 Incompatible variable type [9]: requests is declared to have type `Iterable[SimpleRequest]` but is used as type `None`.",
    "message": " requests is declared to have type `Iterable[SimpleRequest]` but is used as type `None`.",
    "rule_id": "Incompatible variable type [9]",
    "warning_line_no": 40,
    "warning_line": "        requests: Iterable[SimpleRequest] = None,"
  },
  {
    "project": "bentoml/BentoML",
    "commit": "33ebf2e24b7c9c1437ba1dca916c9b58c15f1049",
    "filename": "bentoml/adapters/json_output.py",
    "filename_after_commit": "/home/chowyi/TypeAnnotation_Study/GitHub/bentoml-BentoML/bentoml/adapters/json_output.py",
    "file_hunks_size": 4,
    "min_patch_found": false,
    "single_hunk": false,
    "fit_TFix": false,
    "delete_only_patch": false,
    "has_suppression_all_hunks": false,
    "full_warning_msg": "bentoml/adapters/json_output.py:59:31 Incompatible parameter type [6]: Expected `None` for 2nd positional only parameter to call `list.__setitem__` but got `SimpleResponse`.",
    "message": " Expected `None` for 2nd positional only parameter to call `list.__setitem__` but got `SimpleResponse`.",
    "rule_id": "Incompatible parameter type [6]",
    "warning_line_no": 59,
    "warning_line": "                responses[i] = SimpleResponse("
  },
  {
    "project": "bentoml/BentoML",
    "commit": "33ebf2e24b7c9c1437ba1dca916c9b58c15f1049",
    "filename": "bentoml/adapters/json_output.py",
    "filename_after_commit": "/home/chowyi/TypeAnnotation_Study/GitHub/bentoml-BentoML/bentoml/adapters/json_output.py",
    "file_hunks_size": 4,
    "min_patch_found": false,
    "single_hunk": false,
    "fit_TFix": false,
    "delete_only_patch": false,
    "has_suppression_all_hunks": false,
    "full_warning_msg": "bentoml/adapters/json_output.py:63:31 Incompatible parameter type [6]: Expected `None` for 2nd positional only parameter to call `list.__setitem__` but got `SimpleResponse`.",
    "message": " Expected `None` for 2nd positional only parameter to call `list.__setitem__` but got `SimpleResponse`.",
    "rule_id": "Incompatible parameter type [6]",
    "warning_line_no": 63,
    "warning_line": "                responses[i] = SimpleResponse(400, None, str(e))"
  },
  {
    "project": "bentoml/BentoML",
    "commit": "33ebf2e24b7c9c1437ba1dca916c9b58c15f1049",
    "filename": "bentoml/adapters/json_output.py",
    "filename_after_commit": "/home/chowyi/TypeAnnotation_Study/GitHub/bentoml-BentoML/bentoml/adapters/json_output.py",
    "file_hunks_size": 4,
    "min_patch_found": false,
    "single_hunk": false,
    "fit_TFix": false,
    "delete_only_patch": false,
    "has_suppression_all_hunks": false,
    "full_warning_msg": "bentoml/adapters/json_output.py:63:51 Incompatible parameter type [6]: Expected `typing.Tuple[typing.Any, ...]` for 2nd positional only parameter to call `SimpleResponse.__init__` but got `None`.",
    "message": " Expected `typing.Tuple[typing.Any, ...]` for 2nd positional only parameter to call `SimpleResponse.__init__` but got `None`.",
    "rule_id": "Incompatible parameter type [6]",
    "warning_line_no": 63,
    "warning_line": "                responses[i] = SimpleResponse(400, None, str(e))"
  },
  {
    "project": "bentoml/BentoML",
    "commit": "33ebf2e24b7c9c1437ba1dca916c9b58c15f1049",
    "filename": "bentoml/adapters/json_output.py",
    "filename_after_commit": "/home/chowyi/TypeAnnotation_Study/GitHub/bentoml-BentoML/bentoml/adapters/json_output.py",
    "file_hunks_size": 4,
    "min_patch_found": false,
    "single_hunk": false,
    "fit_TFix": false,
    "delete_only_patch": false,
    "has_suppression_all_hunks": false,
    "full_warning_msg": "bentoml/adapters/json_output.py:65:31 Incompatible parameter type [6]: Expected `None` for 2nd positional only parameter to call `list.__setitem__` but got `SimpleResponse`.",
    "message": " Expected `None` for 2nd positional only parameter to call `list.__setitem__` but got `SimpleResponse`.",
    "rule_id": "Incompatible parameter type [6]",
    "warning_line_no": 65,
    "warning_line": "                responses[i] = SimpleResponse(500, None, str(e))"
  },
  {
    "project": "bentoml/BentoML",
    "commit": "33ebf2e24b7c9c1437ba1dca916c9b58c15f1049",
    "filename": "bentoml/adapters/json_output.py",
    "filename_after_commit": "/home/chowyi/TypeAnnotation_Study/GitHub/bentoml-BentoML/bentoml/adapters/json_output.py",
    "file_hunks_size": 4,
    "min_patch_found": false,
    "single_hunk": false,
    "fit_TFix": false,
    "delete_only_patch": false,
    "has_suppression_all_hunks": false,
    "full_warning_msg": "bentoml/adapters/json_output.py:65:51 Incompatible parameter type [6]: Expected `typing.Tuple[typing.Any, ...]` for 2nd positional only parameter to call `SimpleResponse.__init__` but got `None`.",
    "message": " Expected `typing.Tuple[typing.Any, ...]` for 2nd positional only parameter to call `SimpleResponse.__init__` but got `None`.",
    "rule_id": "Incompatible parameter type [6]",
    "warning_line_no": 65,
    "warning_line": "                responses[i] = SimpleResponse(500, None, str(e))"
  },
  {
    "project": "bentoml/BentoML",
    "commit": "33ebf2e24b7c9c1437ba1dca916c9b58c15f1049",
    "filename": "bentoml/adapters/json_output.py",
    "filename_after_commit": "/home/chowyi/TypeAnnotation_Study/GitHub/bentoml-BentoML/bentoml/adapters/json_output.py",
    "file_hunks_size": 4,
    "min_patch_found": false,
    "single_hunk": false,
    "fit_TFix": false,
    "delete_only_patch": false,
    "has_suppression_all_hunks": false,
    "full_warning_msg": "bentoml/adapters/json_output.py:66:8 Incompatible return type [7]: Expected `Iterable[SimpleResponse]` but got `typing.List[None]`.",
    "message": " Expected `Iterable[SimpleResponse]` but got `typing.List[None]`.",
    "rule_id": "Incompatible return type [7]",
    "warning_line_no": 66,
    "warning_line": "        return responses"
  },
  {
    "project": "bentoml/BentoML",
    "commit": "33ebf2e24b7c9c1437ba1dca916c9b58c15f1049",
    "filename": "bentoml/adapters/tensorflow_tensor_input.py",
    "filename_after_commit": "/home/chowyi/TypeAnnotation_Study/GitHub/bentoml-BentoML/bentoml/adapters/tensorflow_tensor_input.py",
    "file_hunks_size": 10,
    "min_patch_found": false,
    "single_hunk": false,
    "fit_TFix": false,
    "delete_only_patch": false,
    "has_suppression_all_hunks": false,
    "full_warning_msg": "bentoml/adapters/tensorflow_tensor_input.py:107:39 Incompatible parameter type [6]: Expected `typing.Tuple[typing.Any, ...]` for 2nd positional only parameter to call `SimpleResponse.__init__` but got `None`.",
    "message": " Expected `typing.Tuple[typing.Any, ...]` for 2nd positional only parameter to call `SimpleResponse.__init__` but got `None`.",
    "rule_id": "Incompatible parameter type [6]",
    "warning_line_no": 107,
    "warning_line": "        bad_resp = SimpleResponse(400, None, \"input format error\")"
  },
  {
    "project": "bentoml/BentoML",
    "commit": "33ebf2e24b7c9c1437ba1dca916c9b58c15f1049",
    "filename": "bentoml/adapters/tensorflow_tensor_input.py",
    "filename_after_commit": "/home/chowyi/TypeAnnotation_Study/GitHub/bentoml-BentoML/bentoml/adapters/tensorflow_tensor_input.py",
    "file_hunks_size": 10,
    "min_patch_found": false,
    "single_hunk": false,
    "fit_TFix": false,
    "delete_only_patch": false,
    "has_suppression_all_hunks": false,
    "full_warning_msg": "bentoml/adapters/tensorflow_tensor_input.py:108:38 Incompatible parameter type [6]: Expected `typing.Sized` for 1st positional only parameter to call `len` but got `Iterable[SimpleRequest]`.",
    "message": " Expected `typing.Sized` for 1st positional only parameter to call `len` but got `Iterable[SimpleRequest]`.",
    "rule_id": "Incompatible parameter type [6]",
    "warning_line_no": 108,
    "warning_line": "        instances_list = [None] * len(requests)"
  },
  {
    "project": "bentoml/BentoML",
    "commit": "33ebf2e24b7c9c1437ba1dca916c9b58c15f1049",
    "filename": "bentoml/adapters/tensorflow_tensor_input.py",
    "filename_after_commit": "/home/chowyi/TypeAnnotation_Study/GitHub/bentoml-BentoML/bentoml/adapters/tensorflow_tensor_input.py",
    "file_hunks_size": 10,
    "min_patch_found": false,
    "single_hunk": false,
    "fit_TFix": false,
    "delete_only_patch": false,
    "has_suppression_all_hunks": false,
    "full_warning_msg": "bentoml/adapters/tensorflow_tensor_input.py:109:37 Incompatible parameter type [6]: Expected `typing.Sized` for 1st positional only parameter to call `len` but got `Iterable[SimpleRequest]`.",
    "message": " Expected `typing.Sized` for 1st positional only parameter to call `len` but got `Iterable[SimpleRequest]`.",
    "rule_id": "Incompatible parameter type [6]",
    "warning_line_no": 109,
    "warning_line": "        responses = [bad_resp] * len(requests)"
  },
  {
    "project": "bentoml/BentoML",
    "commit": "33ebf2e24b7c9c1437ba1dca916c9b58c15f1049",
    "filename": "bentoml/adapters/tensorflow_tensor_input.py",
    "filename_after_commit": "/home/chowyi/TypeAnnotation_Study/GitHub/bentoml-BentoML/bentoml/adapters/tensorflow_tensor_input.py",
    "file_hunks_size": 10,
    "min_patch_found": false,
    "single_hunk": false,
    "fit_TFix": false,
    "delete_only_patch": false,
    "has_suppression_all_hunks": false,
    "full_warning_msg": "bentoml/adapters/tensorflow_tensor_input.py:110:35 Incompatible parameter type [6]: Expected `typing.Sized` for 1st positional only parameter to call `len` but got `Iterable[SimpleRequest]`.",
    "message": " Expected `typing.Sized` for 1st positional only parameter to call `len` but got `Iterable[SimpleRequest]`.",
    "rule_id": "Incompatible parameter type [6]",
    "warning_line_no": 110,
    "warning_line": "        batch_flags = [None] * len(requests)"
  },
  {
    "project": "bentoml/BentoML",
    "commit": "33ebf2e24b7c9c1437ba1dca916c9b58c15f1049",
    "filename": "bentoml/adapters/tensorflow_tensor_input.py",
    "filename_after_commit": "/home/chowyi/TypeAnnotation_Study/GitHub/bentoml-BentoML/bentoml/adapters/tensorflow_tensor_input.py",
    "file_hunks_size": 10,
    "min_patch_found": false,
    "single_hunk": false,
    "fit_TFix": false,
    "delete_only_patch": false,
    "has_suppression_all_hunks": false,
    "full_warning_msg": "bentoml/adapters/tensorflow_tensor_input.py:125:29 Incompatible parameter type [6]: Expected `typing.Tuple[typing.Any, ...]` for 2nd positional only parameter to call `SimpleResponse.__init__` but got `None`.",
    "message": " Expected `typing.Tuple[typing.Any, ...]` for 2nd positional only parameter to call `SimpleResponse.__init__` but got `None`.",
    "rule_id": "Incompatible parameter type [6]",
    "warning_line_no": 125,
    "warning_line": "                        501, None, \"Column format 'inputs' not implemented\""
  },
  {
    "project": "bentoml/BentoML",
    "commit": "33ebf2e24b7c9c1437ba1dca916c9b58c15f1049",
    "filename": "bentoml/adapters/tensorflow_tensor_input.py",
    "filename_after_commit": "/home/chowyi/TypeAnnotation_Study/GitHub/bentoml-BentoML/bentoml/adapters/tensorflow_tensor_input.py",
    "file_hunks_size": 10,
    "min_patch_found": false,
    "single_hunk": false,
    "fit_TFix": false,
    "delete_only_patch": false,
    "has_suppression_all_hunks": false,
    "full_warning_msg": "bentoml/adapters/tensorflow_tensor_input.py:135:25 Incompatible parameter type [6]: Expected `typing.Tuple[typing.Any, ...]` for 2nd positional only parameter to call `SimpleResponse.__init__` but got `None`.",
    "message": " Expected `typing.Tuple[typing.Any, ...]` for 2nd positional only parameter to call `SimpleResponse.__init__` but got `None`.",
    "rule_id": "Incompatible parameter type [6]",
    "warning_line_no": 135,
    "warning_line": "                    500, None, f\"Internal Server Error: {err}\""
  },
  {
    "project": "bentoml/BentoML",
    "commit": "33ebf2e24b7c9c1437ba1dca916c9b58c15f1049",
    "filename": "bentoml/adapters/tensorflow_tensor_output.py",
    "filename_after_commit": "/home/chowyi/TypeAnnotation_Study/GitHub/bentoml-BentoML/bentoml/adapters/tensorflow_tensor_output.py",
    "file_hunks_size": 3,
    "min_patch_found": false,
    "single_hunk": false,
    "fit_TFix": false,
    "delete_only_patch": false,
    "has_suppression_all_hunks": false,
    "full_warning_msg": "bentoml/adapters/tensorflow_tensor_output.py:64:8 Incompatible variable type [9]: requests is declared to have type `Iterable[SimpleRequest]` but is used as type `None`.",
    "message": " requests is declared to have type `Iterable[SimpleRequest]` but is used as type `None`.",
    "rule_id": "Incompatible variable type [9]",
    "warning_line_no": 64,
    "warning_line": "        requests: Iterable[SimpleRequest] = None,"
  },
  {
    "project": "bentoml/BentoML",
    "commit": "33ebf2e24b7c9c1437ba1dca916c9b58c15f1049",
    "filename": "bentoml/adapters/tensorflow_tensor_output.py",
    "filename_after_commit": "/home/chowyi/TypeAnnotation_Study/GitHub/bentoml-BentoML/bentoml/adapters/tensorflow_tensor_output.py",
    "file_hunks_size": 3,
    "min_patch_found": false,
    "single_hunk": false,
    "fit_TFix": false,
    "delete_only_patch": false,
    "has_suppression_all_hunks": false,
    "full_warning_msg": "bentoml/adapters/tensorflow_tensor_output.py:81:27 Incompatible parameter type [6]: Expected `None` for 2nd positional only parameter to call `list.__setitem__` but got `SimpleResponse`.",
    "message": " Expected `None` for 2nd positional only parameter to call `list.__setitem__` but got `SimpleResponse`.",
    "rule_id": "Incompatible parameter type [6]",
    "warning_line_no": 81,
    "warning_line": "            responses[i] = SimpleResponse(200, dict(), result_str)"
  },
  {
    "project": "bentoml/BentoML",
    "commit": "33ebf2e24b7c9c1437ba1dca916c9b58c15f1049",
    "filename": "bentoml/adapters/tensorflow_tensor_output.py",
    "filename_after_commit": "/home/chowyi/TypeAnnotation_Study/GitHub/bentoml-BentoML/bentoml/adapters/tensorflow_tensor_output.py",
    "file_hunks_size": 3,
    "min_patch_found": false,
    "single_hunk": false,
    "fit_TFix": false,
    "delete_only_patch": false,
    "has_suppression_all_hunks": false,
    "full_warning_msg": "bentoml/adapters/tensorflow_tensor_output.py:81:47 Incompatible parameter type [6]: Expected `typing.Tuple[typing.Any, ...]` for 2nd positional only parameter to call `SimpleResponse.__init__` but got `typing.Dict[Variable[_KT], Variable[_VT]]`.",
    "message": " Expected `typing.Tuple[typing.Any, ...]` for 2nd positional only parameter to call `SimpleResponse.__init__` but got `typing.Dict[Variable[_KT], Variable[_VT]]`.",
    "rule_id": "Incompatible parameter type [6]",
    "warning_line_no": 81,
    "warning_line": "            responses[i] = SimpleResponse(200, dict(), result_str)"
  },
  {
    "project": "bentoml/BentoML",
    "commit": "33ebf2e24b7c9c1437ba1dca916c9b58c15f1049",
    "filename": "bentoml/adapters/tensorflow_tensor_output.py",
    "filename_after_commit": "/home/chowyi/TypeAnnotation_Study/GitHub/bentoml-BentoML/bentoml/adapters/tensorflow_tensor_output.py",
    "file_hunks_size": 3,
    "min_patch_found": false,
    "single_hunk": false,
    "fit_TFix": false,
    "delete_only_patch": false,
    "has_suppression_all_hunks": false,
    "full_warning_msg": "bentoml/adapters/tensorflow_tensor_output.py:82:8 Incompatible return type [7]: Expected `Iterable[SimpleResponse]` but got `typing.List[None]`.",
    "message": " Expected `Iterable[SimpleResponse]` but got `typing.List[None]`.",
    "rule_id": "Incompatible return type [7]",
    "warning_line_no": 82,
    "warning_line": "        return responses"
  }
]