[
  {
    "project": "aiortc/aioquic",
    "commit": "39119a8d7e4aed81d6ff6901a77f0842e937508d",
    "filename": "aioquic/asyncio/client.py",
    "min_patch_found": false,
    "full_warning_msg": "aioquic/asyncio/client.py:77:8 Incompatible attribute type [8]: Attribute `supported_versions` declared in class `QuicConfiguration` has type `List[aioquic.quic.packet.QuicProtocolVersion]` but is used as type `List[int]`.",
    "exception": "PatchSet should only have 1 Patch, but it has 0",
    "dd_fail": true
  }
]