[
  {
    "project": "asyml/forte",
    "commit": "d74af3f75cb3163619b3bedfc853c51deff12e9c",
    "filename": "examples/wiki_parser/wiki_dump_parse.py",
    "filename_after_commit": "/home/chowyi/TypeAnnotation_Study/GitHub/asyml-forte/examples/wiki_parser/wiki_dump_parse.py",
    "file_hunks_size": 6,
    "min_patch_found": false,
    "single_hunk": false,
    "fit_TFix": false,
    "delete_only_patch": false,
    "has_suppression_all_hunks": false,
    "full_warning_msg": "examples/wiki_parser/wiki_dump_parse.py:59:37 Incompatible parameter type [6]: Expected `_csv._Writer` for 1st positional only parameter to call `_csv.writer` but got `io.TextIOWrapper`.",
    "message": " Expected `_csv._Writer` for 1st positional only parameter to call `_csv.writer` but got `io.TextIOWrapper`.",
    "rule_id": "Incompatible parameter type [6]",
    "warning_line_no": 59,
    "warning_line": "        self.csv_writer = csv.writer(self.article_index, delimiter='\\t')"
  },
  {
    "project": "asyml/forte",
    "commit": "d74af3f75cb3163619b3bedfc853c51deff12e9c",
    "filename": "forte/data/datasets/wikipedia/dbpedia_based_reader.py",
    "min_patch_found": false,
    "full_warning_msg": "forte/data/datasets/wikipedia/dbpedia_based_reader.py:161:4 Inconsistent override [14]: `forte.data.datasets.wikipedia.dbpedia_based_reader.DBpediaWikiReader._parse_pack` overrides method defined in `forte.data.readers.base_reader.BaseReader` inconsistently. Could not find parameter `collection` in overriding signature.",
    "exception": "[Errno 2] No such file or directory: '/home/chowyi/TypeAnnotation_Study/GitHub/asyml-forte/forte/data/datasets/wikipedia/dbpedia_based_reader.py'",
    "dd_fail": true
  }
]