[
  {
    "project": "armory3d/armory",
    "commit": "56eb968148637aec6c53d4da66783f82ca92d37c",
    "filename": "blender/arm/logicnode/array_length.py",
    "filename_after_commit": "/home/chowyi/TypeAnnotation_Study/GitHub/armory3d-armory/blender/arm/logicnode/array_length.py",
    "file_hunks_size": 1,
    "min_patch_found": false,
    "single_hunk": false,
    "fit_TFix": false,
    "delete_only_patch": false,
    "has_suppression_all_hunks": false,
    "full_warning_msg": "blender/arm/logicnode/array_length.py:16:9 Unbound name [10]: Name `ArrayGetNode` is used but not defined in the current scope.",
    "message": " Name `ArrayGetNode` is used but not defined in the current scope.",
    "rule_id": "Unbound name [10]",
    "warning_line_no": 16,
    "warning_line": "add_node(ArrayGetNode, category='Array')"
  }
]