[
  {
    "project": "automl/auto-sklearn",
    "commit": "a38a5c32fd8c1c39e4433e7e04d2180e50ef2263",
    "filename": "autosklearn/automl.py",
    "filename_after_commit": "/home/chowyi/TypeAnnotation_Study/GitHub/automl-auto-sklearn/autosklearn/automl.py",
    "file_hunks_size": 30,
    "min_patch_found": false,
    "single_hunk": false,
    "fit_TFix": false,
    "delete_only_patch": false,
    "has_suppression_all_hunks": false,
    "full_warning_msg": "autosklearn/automl.py:1669:4 Inconsistent override [14]: `autosklearn.automl.AutoMLClassifier.fit` overrides method defined in `AutoML` inconsistently. Parameter of type `bool` is not a supertype of the overridden parameter `Optional[bool]`.",
    "message": " `autosklearn.automl.AutoMLClassifier.fit` overrides method defined in `AutoML` inconsistently. Parameter of type `bool` is not a supertype of the overridden parameter `Optional[bool]`.",
    "rule_id": "Inconsistent override [14]",
    "warning_line_no": 1669,
    "warning_line": "    def fit("
  },
  {
    "project": "automl/auto-sklearn",
    "commit": "a38a5c32fd8c1c39e4433e7e04d2180e50ef2263",
    "filename": "autosklearn/automl.py",
    "filename_after_commit": "/home/chowyi/TypeAnnotation_Study/GitHub/automl-auto-sklearn/autosklearn/automl.py",
    "file_hunks_size": 30,
    "min_patch_found": true,
    "single_hunk": true,
    "fit_TFix": false,
    "delete_only_patch": true,
    "has_suppression_all_hunks": false,
    "full_warning_msg": "autosklearn/automl.py:1696:12 Incompatible parameter type [6]: Expected `Optional[List[str]]` for 6th parameter `feat_type` to call `AutoML.fit` but got `Optional[List[bool]]`.",
    "message": " Expected `Optional[List[str]]` for 6th parameter `feat_type` to call `AutoML.fit` but got `Optional[List[bool]]`.",
    "rule_id": "Incompatible parameter type [6]",
    "warning_line_no": 1696,
    "warning_line": "            feat_type=feat_type,",
    "min_patch": [
      {
        "hunk_fit_TFix": true,
        "inside_window": true,
        "delete_only": true,
        "has_suppression": false,
        "source_code": "            y_test=y_test,\n            task=task,\n            feat_type=feat_type,\n",
        "source_code_len": 83,
        "target_code": "            y_test=y_test,\n            feat_type=feat_type,\n",
        "target_code_len": 60,
        "diff_format": "@@ -1694,3 +1825,2 @@\n             y_test=y_test,\n-            task=task,\n             feat_type=feat_type,\n",
        "source_code_with_indent": "            y_test=y_test,\n            task=task,\n            feat_type=feat_type,\n",
        "source_code_with_indent_exact_match": true,
        "target_code_with_indent": "            y_test=y_test,\n            feat_type=feat_type,\n",
        "target_code_with_indent_exact_match": true
      }
    ]
  },
  {
    "project": "automl/auto-sklearn",
    "commit": "a38a5c32fd8c1c39e4433e7e04d2180e50ef2263",
    "filename": "autosklearn/automl.py",
    "filename_after_commit": "/home/chowyi/TypeAnnotation_Study/GitHub/automl-auto-sklearn/autosklearn/automl.py",
    "file_hunks_size": 30,
    "min_patch_found": false,
    "single_hunk": false,
    "fit_TFix": false,
    "delete_only_patch": false,
    "has_suppression_all_hunks": false,
    "full_warning_msg": "autosklearn/automl.py:1761:4 Inconsistent override [14]: `autosklearn.automl.AutoMLRegressor.fit` overrides method defined in `AutoML` inconsistently. Parameter of type `bool` is not a supertype of the overridden parameter `Optional[bool]`.",
    "message": " `autosklearn.automl.AutoMLRegressor.fit` overrides method defined in `AutoML` inconsistently. Parameter of type `bool` is not a supertype of the overridden parameter `Optional[bool]`.",
    "rule_id": "Inconsistent override [14]",
    "warning_line_no": 1761,
    "warning_line": "    def fit("
  },
  {
    "project": "automl/auto-sklearn",
    "commit": "a38a5c32fd8c1c39e4433e7e04d2180e50ef2263",
    "filename": "autosklearn/automl.py",
    "filename_after_commit": "/home/chowyi/TypeAnnotation_Study/GitHub/automl-auto-sklearn/autosklearn/automl.py",
    "file_hunks_size": 30,
    "min_patch_found": true,
    "single_hunk": true,
    "fit_TFix": false,
    "delete_only_patch": true,
    "has_suppression_all_hunks": false,
    "full_warning_msg": "autosklearn/automl.py:1788:12 Incompatible parameter type [6]: Expected `Optional[List[str]]` for 6th parameter `feat_type` to call `AutoML.fit` but got `Optional[List[bool]]`.",
    "message": " Expected `Optional[List[str]]` for 6th parameter `feat_type` to call `AutoML.fit` but got `Optional[List[bool]]`.",
    "rule_id": "Incompatible parameter type [6]",
    "warning_line_no": 1788,
    "warning_line": "            feat_type=feat_type,",
    "min_patch": [
      {
        "hunk_fit_TFix": true,
        "inside_window": true,
        "delete_only": true,
        "has_suppression": false,
        "source_code": "            y_test=y_test,\n            task=task,\n            feat_type=feat_type,\n",
        "source_code_len": 83,
        "target_code": "            y_test=y_test,\n            feat_type=feat_type,\n",
        "target_code_len": 60,
        "diff_format": "@@ -1786,3 +1902,2 @@\n             y_test=y_test,\n-            task=task,\n             feat_type=feat_type,\n",
        "source_code_with_indent": "            y_test=y_test,\n            task=task,\n            feat_type=feat_type,\n",
        "source_code_with_indent_exact_match": true,
        "target_code_with_indent": "            y_test=y_test,\n            feat_type=feat_type,\n",
        "target_code_with_indent_exact_match": true
      }
    ]
  }
]