[
  {
    "project": "bentoml/BentoML",
    "commit": "e00f96b8ad9a681f69ac289a261b180a24c19203",
    "filename": "bentoml/proto/deployment_pb2.py",
    "filename_after_commit": "/home/chowyi/TypeAnnotation_Study/GitHub/bentoml-BentoML/bentoml/proto/deployment_pb2.py",
    "file_hunks_size": 31,
    "min_patch_found": false,
    "single_hunk": false,
    "fit_TFix": false,
    "delete_only_patch": false,
    "has_suppression_all_hunks": false,
    "full_warning_msg": "bentoml/proto/deployment_pb2.py:1060:21 Call error [29]: `typing.Union[typing.Callable[[Named(x, typing.Any)], typing.Any], bool]` is not a function.",
    "message": " `typing.Union[typing.Callable[[Named(x, typing.Any)], typing.Any], bool]` is not a function.",
    "rule_id": "Call error [29]",
    "warning_line_no": 1060,
    "warning_line": "  serialized_options=_b('8\\001'),"
  },
  {
    "project": "bentoml/BentoML",
    "commit": "e00f96b8ad9a681f69ac289a261b180a24c19203",
    "filename": "bentoml/proto/deployment_pb2.py",
    "filename_after_commit": "/home/chowyi/TypeAnnotation_Study/GitHub/bentoml-BentoML/bentoml/proto/deployment_pb2.py",
    "file_hunks_size": 31,
    "min_patch_found": false,
    "single_hunk": false,
    "fit_TFix": false,
    "delete_only_patch": false,
    "has_suppression_all_hunks": false,
    "full_warning_msg": "bentoml/proto/deployment_pb2.py:1080:45 Call error [29]: `typing.Union[typing.Callable[[Named(x, typing.Any)], typing.Any], bool]` is not a function.",
    "message": " `typing.Union[typing.Callable[[Named(x, typing.Any)], typing.Any], bool]` is not a function.",
    "rule_id": "Call error [29]",
    "warning_line_no": 1080,
    "warning_line": "      has_default_value=False, default_value=_b(\"\").decode('utf-8'),"
  }
]