[
  {
    "project": "BEEmod/BEE2.4",
    "commit": "b09f727b1cc71b97aa07b4628465f99c22f27e6a",
    "filename": "src/vbsp.py",
    "filename_after_commit": "/home/chowyi/TypeAnnotation_Study/GitHub/BEEmod-BEE2.4/src/vbsp.py",
    "file_hunks_size": 2,
    "min_patch_found": false,
    "single_hunk": false,
    "fit_TFix": false,
    "delete_only_patch": false,
    "has_suppression_all_hunks": false,
    "full_warning_msg": "src/vbsp.py:53:0 Incompatible variable type [9]: settings is declared to have type `Dict[str, Dict[str, typing.Any]]` but is used as type `Dict[str, typing.Union[None, Dict[Variable[_KT], Variable[_VT]], Dict[Variable[_KT], Variable[_VT]], Dict[Variable[_KT], Variable[_VT]], Dict[Variable[_KT], Variable[_VT]], typing.DefaultDict[Variable[collections._KT], bool], typing.DefaultDict[Variable[collections._KT], bool], typing.DefaultDict[Variable[collections._KT], List[Variable[_T]]]]]`.",
    "message": " settings is declared to have type `Dict[str, Dict[str, typing.Any]]` but is used as type `Dict[str, typing.Union[None, Dict[Variable[_KT], Variable[_VT]], Dict[Variable[_KT], Variable[_VT]], Dict[Variable[_KT], Variable[_VT]], Dict[Variable[_KT], Variable[_VT]], typing.DefaultDict[Variable[collections._KT], bool], typing.DefaultDict[Variable[collections._KT], bool], typing.DefaultDict[Variable[collections._KT], List[Variable[_T]]]]]`.",
    "rule_id": "Incompatible variable type [9]",
    "warning_line_no": 53,
    "warning_line": "settings: Dict[str, Dict[str, Any]] = {"
  }
]