[
  {
    "project": "AIStream-Peelout/flow-forecast",
    "commit": "d0da60af6dc3484d831be1797392b67a82d19dcf",
    "filename": "flood_forecast/evaluator.py",
    "filename_after_commit": "/home/chowyi/TypeAnnotation_Study/GitHub/AIStream-Peelout-flow-forecast/flood_forecast/evaluator.py",
    "file_hunks_size": 2,
    "min_patch_found": true,
    "single_hunk": true,
    "fit_TFix": false,
    "delete_only_patch": false,
    "has_suppression_all_hunks": false,
    "full_warning_msg": "flood_forecast/evaluator.py:51:25 Unbound name [10]: Name `Type` is used but not defined in the current scope.",
    "message": " Name `Type` is used but not defined in the current scope.",
    "rule_id": "Unbound name [10]",
    "warning_line_no": 51,
    "warning_line": "def evaluate_model(model:Type, model_type:str, target_col:str, evaluation_metrics:List, inference_params:Dict, eval_log:Dict):",
    "min_patch": [
      {
        "hunk_fit_TFix": false,
        "inside_window": false,
        "delete_only": false,
        "has_suppression": false,
        "source_code": "from datetime import datetime\nfrom typing import Callable, Tuple, Dict, List\nimport sklearn.metrics\n",
        "source_code_len": 100,
        "target_code": "from datetime import datetime\nfrom typing import Callable, Tuple, Dict, List, Type\nfrom flood_forecast.time_model import TimeSeriesModel\nimport sklearn.metrics\n",
        "target_code_len": 160,
        "diff_format": "@@ -4,3 +4,4 @@\n from datetime import datetime\n-from typing import Callable, Tuple, Dict, List\n+from typing import Callable, Tuple, Dict, List, Type\n+from flood_forecast.time_model import TimeSeriesModel\n import sklearn.metrics\n",
        "source_code_with_indent": "from datetime import datetime\nfrom typing import Callable, Tuple, Dict, List\nimport sklearn.metrics\n",
        "source_code_with_indent_exact_match": true,
        "target_code_with_indent": "from datetime import datetime\nfrom typing import Callable, Tuple, Dict, List, Type\nfrom flood_forecast.time_model import TimeSeriesModel\nimport sklearn.metrics\n",
        "target_code_with_indent_exact_match": true
      }
    ]
  }
]