[
  {
    "project": "apache/airflow",
    "commit": "4fc0530309d79afa55c4c5bfb257ae82f514a6f0",
    "filename": "airflow/security/kerberos.py",
    "filename_after_commit": "/home/chowyi/TypeAnnotation_Study/GitHub/apache-airflow/airflow/security/kerberos.py",
    "file_hunks_size": 1,
    "min_patch_found": true,
    "single_hunk": true,
    "fit_TFix": true,
    "delete_only_patch": false,
    "has_suppression_all_hunks": false,
    "full_warning_msg": "airflow/security/kerberos.py:117:40 Incompatible parameter type [6]: Expected `str` for 1st positional only parameter to call `perform_krb181_workaround` but got `Optional[str]`.",
    "message": " Expected `str` for 1st positional only parameter to call `perform_krb181_workaround` but got `Optional[str]`.",
    "rule_id": "Incompatible parameter type [6]",
    "warning_line_no": 117,
    "warning_line": "        ret = perform_krb181_workaround(principal)",
    "min_patch": [
      {
        "hunk_fit_TFix": true,
        "inside_window": true,
        "delete_only": false,
        "has_suppression": false,
        "source_code": "        time.sleep(1.5)\n        ret = perform_krb181_workaround(principal)\n        if exit_on_fail and ret != 0:\n",
        "source_code_len": 113,
        "target_code": "        time.sleep(1.5)\n        ret = perform_krb181_workaround(cmd_principal)\n        if exit_on_fail and ret != 0:\n",
        "target_code_len": 117,
        "diff_format": "@@ -116,3 +116,3 @@\n         time.sleep(1.5)\n-        ret = perform_krb181_workaround(principal)\n+        ret = perform_krb181_workaround(cmd_principal)\n         if exit_on_fail and ret != 0:\n",
        "source_code_with_indent": "        <IND>time.sleep(1.5)\n        ret = perform_krb181_workaround(principal)\n        if exit_on_fail and ret != 0:\n",
        "source_code_with_indent_exact_match": true,
        "target_code_with_indent": "        <IND>time.sleep(1.5)\n        ret = perform_krb181_workaround(cmd_principal)\n        if exit_on_fail and ret != 0:\n",
        "target_code_with_indent_exact_match": true
      }
    ]
  }
]