[
  {
    "project": "ail-project/ail-framework",
    "commit": "15ef02fe5337255b6adb024bbcf356518e748d46",
    "filename": "bin/Web.py",
    "filename_after_commit": "/home/chowyi/TypeAnnotation_Study/GitHub/ail-project-ail-framework/bin/Web.py",
    "file_hunks_size": 6,
    "min_patch_found": false,
    "single_hunk": false,
    "fit_TFix": false,
    "delete_only_patch": false,
    "has_suppression_all_hunks": false,
    "full_warning_msg": "bin/Web.py:105:28 Unbound name [10]: Name `unicode` is used but not defined in the current scope.",
    "message": " Name `unicode` is used but not defined in the current scope.",
    "rule_id": "Unbound name [10]",
    "warning_line_no": 105,
    "warning_line": "                    hostl = unicode(avoidNone(subdomain)+avoidNone(domain))"
  }
]