[
  {
    "project": "alegonz/baikal",
    "commit": "974f9a7a7e201ef16ac894261ab00acb57837497",
    "filename": "baikal/_core/model.py",
    "filename_after_commit": "/home/chowyi/TypeAnnotation_Study/GitHub/alegonz-baikal/baikal/_core/model.py",
    "file_hunks_size": 1,
    "min_patch_found": false,
    "single_hunk": false,
    "fit_TFix": false,
    "delete_only_patch": false,
    "has_suppression_all_hunks": false,
    "full_warning_msg": "baikal/_core/model.py:412:50 Incompatible parameter type [6]: Expected `Step` for 1st positional only parameter to call `typing.Mapping.get` but got `baikal._core.step._StepBase`.",
    "message": " Expected `Step` for 1st positional only parameter to call `typing.Mapping.get` but got `baikal._core.step._StepBase`.",
    "rule_id": "Incompatible parameter type [6]",
    "warning_line_no": 412,
    "warning_line": "                fit_params = fit_params_steps.get(node.step, {})"
  }
]