[
  {
    "project": "apache/airflow",
    "commit": "aa27d9f92ef261ce2bf2b0e1b3699c1ffd23307f",
    "filename": "airflow/executors/kubernetes_executor.py",
    "filename_after_commit": "/home/chowyi/TypeAnnotation_Study/GitHub/apache-airflow/airflow/executors/kubernetes_executor.py",
    "file_hunks_size": 5,
    "min_patch_found": false,
    "single_hunk": false,
    "fit_TFix": false,
    "delete_only_patch": false,
    "has_suppression_all_hunks": false,
    "full_warning_msg": "airflow/executors/kubernetes_executor.py:103:56 Incompatible parameter type [6]: Expected `str` for 3rd positional only parameter to call `KubernetesJobWatcher._run` but got `Optional[str]`.",
    "message": " Expected `str` for 3rd positional only parameter to call `KubernetesJobWatcher._run` but got `Optional[str]`.",
    "rule_id": "Incompatible parameter type [6]",
    "warning_line_no": 103,
    "warning_line": "                    kube_client, self.resource_version, self.scheduler_job_id, self.kube_config"
  },
  {
    "project": "apache/airflow",
    "commit": "aa27d9f92ef261ce2bf2b0e1b3699c1ffd23307f",
    "filename": "airflow/executors/kubernetes_executor.py",
    "filename_after_commit": "/home/chowyi/TypeAnnotation_Study/GitHub/apache-airflow/airflow/executors/kubernetes_executor.py",
    "file_hunks_size": 5,
    "min_patch_found": false,
    "single_hunk": false,
    "fit_TFix": false,
    "delete_only_patch": false,
    "has_suppression_all_hunks": false,
    "full_warning_msg": "airflow/executors/kubernetes_executor.py:313:12 Incompatible parameter type [6]: Expected `int` for 2nd parameter `scheduler_job_id` to call `PodGenerator.construct_pod` but got `str`.",
    "message": " Expected `int` for 2nd parameter `scheduler_job_id` to call `PodGenerator.construct_pod` but got `str`.",
    "rule_id": "Incompatible parameter type [6]",
    "warning_line_no": 313,
    "warning_line": "            scheduler_job_id=self.scheduler_job_id,"
  },
  {
    "project": "apache/airflow",
    "commit": "aa27d9f92ef261ce2bf2b0e1b3699c1ffd23307f",
    "filename": "airflow/executors/kubernetes_executor.py",
    "filename_after_commit": "/home/chowyi/TypeAnnotation_Study/GitHub/apache-airflow/airflow/executors/kubernetes_executor.py",
    "file_hunks_size": 5,
    "min_patch_found": false,
    "single_hunk": false,
    "fit_TFix": false,
    "delete_only_patch": false,
    "has_suppression_all_hunks": false,
    "full_warning_msg": "airflow/executors/kubernetes_executor.py:510:84 Incompatible parameter type [6]: Expected `str` for 5th positional only parameter to call `AirflowKubernetesScheduler.__init__` but got `Optional[str]`.",
    "message": " Expected `str` for 5th positional only parameter to call `AirflowKubernetesScheduler.__init__` but got `Optional[str]`.",
    "rule_id": "Incompatible parameter type [6]",
    "warning_line_no": 510,
    "warning_line": "            self.kube_config, self.task_queue, self.result_queue, self.kube_client, self.scheduler_job_id"
  },
  {
    "project": "apache/airflow",
    "commit": "aa27d9f92ef261ce2bf2b0e1b3699c1ffd23307f",
    "filename": "airflow/executors/kubernetes_executor.py",
    "filename_after_commit": "/home/chowyi/TypeAnnotation_Study/GitHub/apache-airflow/airflow/executors/kubernetes_executor.py",
    "file_hunks_size": 5,
    "min_patch_found": false,
    "single_hunk": false,
    "fit_TFix": false,
    "delete_only_patch": false,
    "has_suppression_all_hunks": false,
    "full_warning_msg": "airflow/executors/kubernetes_executor.py:551:33 Incompatible parameter type [6]: Expected `int` for 2nd positional only parameter to call `dict.__setitem__` but got `float`.",
    "message": " Expected `int` for 2nd positional only parameter to call `dict.__setitem__` but got `float`.",
    "rule_id": "Incompatible parameter type [6]",
    "warning_line_no": 551,
    "warning_line": "        self.last_handled[key] = time.time()"
  }
]