[
  {
    "project": "BEEmod/BEE2.4",
    "commit": "54852182864574e3c953d907535a2c49a58074ca",
    "filename": "src/app/tk_tools.py",
    "filename_after_commit": "/home/chowyi/TypeAnnotation_Study/GitHub/BEEmod-BEE2.4/src/app/tk_tools.py",
    "file_hunks_size": 15,
    "min_patch_found": true,
    "single_hunk": true,
    "fit_TFix": false,
    "delete_only_patch": true,
    "has_suppression_all_hunks": false,
    "full_warning_msg": "src/app/tk_tools.py:523:12 Incompatible parameter type [6]: Expected `Union[typing_extensions.Literal[''], int]` for 3rd parameter `width` to call `ttk.Button.__init__` but got `float`.",
    "message": " Expected `Union[typing_extensions.Literal[''], int]` for 3rd parameter `width` to call `ttk.Button.__init__` but got `float`.",
    "rule_id": "Incompatible parameter type [6]",
    "warning_line_no": 523,
    "warning_line": "            width=1.5,",
    "min_patch": [
      {
        "hunk_fit_TFix": true,
        "inside_window": true,
        "delete_only": true,
        "has_suppression": false,
        "source_code": "            text=\"...\",\n            width=1.5,\n            command=self.browse,\n",
        "source_code_len": 80,
        "target_code": "            text=\"...\",\n            command=self.browse,\n",
        "target_code_len": 57,
        "diff_format": "@@ -522,3 +508,2 @@\n             text=\"...\",\n-            width=1.5,\n             command=self.browse,\n",
        "source_code_with_indent": "            text=\"...\",\n            width=1.5,\n            command=self.browse,\n",
        "source_code_with_indent_exact_match": true,
        "target_code_with_indent": "            text=\"...\",\n            command=self.browse,\n",
        "target_code_with_indent_exact_match": true
      }
    ]
  }
]