[
  {
    "project": "bnpr/Malt",
    "commit": "27ec9707e1860e64f564ffab5390eaa2d5cdf66a",
    "filename": "BlenderMalt/Material.py",
    "filename_after_commit": "/home/chowyi/TypeAnnotation_Study/GitHub/bnpr-Malt/BlenderMalt/MaltMaterial.py",
    "file_hunks_size": 9,
    "min_patch_found": false,
    "single_hunk": false,
    "fit_TFix": false,
    "delete_only_patch": false,
    "has_suppression_all_hunks": false,
    "full_warning_msg": "BlenderMalt/Material.py:23:20 Invalid type [31]: Expression `bpy.props.StringProperty($parameter$name = \"Shader Source\", $parameter$subtype = \"FILE_PATH\", $parameter$update = BlenderMalt.Material.MaltMaterial.update_source)` is not a valid type.",
    "message": " Expression `bpy.props.StringProperty($parameter$name = \"Shader Source\", $parameter$subtype = \"FILE_PATH\", $parameter$update = BlenderMalt.Material.MaltMaterial.update_source)` is not a valid type.",
    "rule_id": "Invalid type [31]",
    "warning_line_no": 23,
    "warning_line": "    shader_source : bpy.props.StringProperty(name=\"Shader Source\", subtype='FILE_PATH', update=update_source)"
  },
  {
    "project": "bnpr/Malt",
    "commit": "27ec9707e1860e64f564ffab5390eaa2d5cdf66a",
    "filename": "BlenderMalt/Material.py",
    "filename_after_commit": "/home/chowyi/TypeAnnotation_Study/GitHub/bnpr-Malt/BlenderMalt/MaltMaterial.py",
    "file_hunks_size": 9,
    "min_patch_found": false,
    "single_hunk": false,
    "fit_TFix": false,
    "delete_only_patch": false,
    "has_suppression_all_hunks": false,
    "full_warning_msg": "BlenderMalt/Material.py:24:21 Invalid type [31]: Expression `bpy.props.StringProperty($parameter$name = \"Compiler Error\")` is not a valid type.",
    "message": " Expression `bpy.props.StringProperty($parameter$name = \"Compiler Error\")` is not a valid type.",
    "rule_id": "Invalid type [31]",
    "warning_line_no": 24,
    "warning_line": "    compiler_error : bpy.props.StringProperty(name=\"Compiler Error\")"
  },
  {
    "project": "bnpr/Malt",
    "commit": "27ec9707e1860e64f564ffab5390eaa2d5cdf66a",
    "filename": "BlenderMalt/Material.py",
    "filename_after_commit": "/home/chowyi/TypeAnnotation_Study/GitHub/bnpr-Malt/BlenderMalt/MaltMaterial.py",
    "file_hunks_size": 9,
    "min_patch_found": false,
    "single_hunk": false,
    "fit_TFix": false,
    "delete_only_patch": false,
    "has_suppression_all_hunks": false,
    "full_warning_msg": "BlenderMalt/Material.py:26:17 Invalid type [31]: Expression `bpy.props.PointerProperty($parameter$type = BlenderMalt.Properties.MaltPropertyGroup, $parameter$name = \"Parameters\")` is not a valid type.",
    "message": " Expression `bpy.props.PointerProperty($parameter$type = BlenderMalt.Properties.MaltPropertyGroup, $parameter$name = \"Parameters\")` is not a valid type.",
    "rule_id": "Invalid type [31]",
    "warning_line_no": 26,
    "warning_line": "    parameters : bpy.props.PointerProperty(type=MaltPropertyGroup, name=\"Parameters\")"
  },
  {
    "project": "bnpr/Malt",
    "commit": "27ec9707e1860e64f564ffab5390eaa2d5cdf66a",
    "filename": "BlenderMalt/Properties.py",
    "filename_after_commit": "/home/chowyi/TypeAnnotation_Study/GitHub/bnpr-Malt/BlenderMalt/MaltProperties.py",
    "file_hunks_size": 8,
    "min_patch_found": false,
    "single_hunk": false,
    "fit_TFix": false,
    "delete_only_patch": false,
    "has_suppression_all_hunks": false,
    "full_warning_msg": "BlenderMalt/Properties.py:19:14 Invalid type [31]: Expression `bpy.props.PointerProperty($parameter$type = bpy.types.Image)` is not a valid type.",
    "message": " Expression `bpy.props.PointerProperty($parameter$type = bpy.types.Image)` is not a valid type.",
    "rule_id": "Invalid type [31]",
    "warning_line_no": 19,
    "warning_line": "    texture : bpy.props.PointerProperty(type=bpy.types.Image)"
  },
  {
    "project": "bnpr/Malt",
    "commit": "27ec9707e1860e64f564ffab5390eaa2d5cdf66a",
    "filename": "BlenderMalt/Properties.py",
    "filename_after_commit": "/home/chowyi/TypeAnnotation_Study/GitHub/bnpr-Malt/BlenderMalt/MaltProperties.py",
    "file_hunks_size": 8,
    "min_patch_found": false,
    "single_hunk": false,
    "fit_TFix": false,
    "delete_only_patch": false,
    "has_suppression_all_hunks": false,
    "full_warning_msg": "BlenderMalt/Properties.py:26:15 Invalid type [31]: Expression `bpy.props.CollectionProperty($parameter$type = BlenderMalt.Properties.TexturePropertyWrapper)` is not a valid type.",
    "message": " Expression `bpy.props.CollectionProperty($parameter$type = BlenderMalt.Properties.TexturePropertyWrapper)` is not a valid type.",
    "rule_id": "Invalid type [31]",
    "warning_line_no": 26,
    "warning_line": "    textures : bpy.props.CollectionProperty(type=TexturePropertyWrapper)"
  }
]