[
  {
    "project": "allenai/allennlp",
    "commit": "fdc472577588af93b850fb0a0d114da931a49df8",
    "filename": "scripts/convert_openie_to_conll.py",
    "filename_after_commit": "/home/chowyi/TypeAnnotation_Study/GitHub/allenai-allennlp/scripts/convert_openie_to_conll.py",
    "file_hunks_size": 27,
    "min_patch_found": false,
    "single_hunk": false,
    "fit_TFix": false,
    "delete_only_patch": false,
    "has_suppression_all_hunks": false,
    "full_warning_msg": "scripts/convert_openie_to_conll.py:51:62 Incompatible parameter type [6]: Expected `List[Extraction]` for 1st positional only parameter to call `convert_sent_to_conll` but got `Extraction`.",
    "message": " Expected `List[Extraction]` for 1st positional only parameter to call `convert_sent_to_conll` but got `Extraction`.",
    "rule_id": "Incompatible parameter type [6]",
    "warning_line_no": 51,
    "warning_line": "                            for line in convert_sent_to_conll(sent_ls)"
  },
  {
    "project": "allenai/allennlp",
    "commit": "fdc472577588af93b850fb0a0d114da931a49df8",
    "filename": "scripts/convert_openie_to_conll.py",
    "filename_after_commit": "/home/chowyi/TypeAnnotation_Study/GitHub/allenai-allennlp/scripts/convert_openie_to_conll.py",
    "file_hunks_size": 27,
    "min_patch_found": false,
    "single_hunk": false,
    "fit_TFix": false,
    "delete_only_patch": false,
    "has_suppression_all_hunks": false,
    "full_warning_msg": "scripts/convert_openie_to_conll.py:78:63 Incompatible parameter type [6]: Expected `typing.Sized` for 1st positional only parameter to call `len` but got `int`.",
    "message": " Expected `typing.Sized` for 1st positional only parameter to call `len` but got `int`.",
    "rule_id": "Incompatible parameter type [6]",
    "warning_line_no": 78,
    "warning_line": "    return Element(span_type, [span[0].idx, span[-1].idx + len(span[-1])], \" \".join(map(str, span)))"
  },
  {
    "project": "allenai/allennlp",
    "commit": "fdc472577588af93b850fb0a0d114da931a49df8",
    "filename": "scripts/convert_openie_to_conll.py",
    "filename_after_commit": "/home/chowyi/TypeAnnotation_Study/GitHub/allenai-allennlp/scripts/convert_openie_to_conll.py",
    "file_hunks_size": 27,
    "min_patch_found": false,
    "single_hunk": false,
    "fit_TFix": false,
    "delete_only_patch": false,
    "has_suppression_all_hunks": false,
    "full_warning_msg": "scripts/convert_openie_to_conll.py:222:20 Incompatible return type [7]: Expected `List[Extraction]` but got `typing.Generator[List[typing.Any], None, None]`.",
    "message": " Expected `List[Extraction]` but got `typing.Generator[List[typing.Any], None, None]`.",
    "rule_id": "Incompatible return type [7]",
    "warning_line_no": 222,
    "warning_line": "                    yield prev_sent"
  },
  {
    "project": "allenai/allennlp",
    "commit": "fdc472577588af93b850fb0a0d114da931a49df8",
    "filename": "scripts/convert_openie_to_conll.py",
    "filename_after_commit": "/home/chowyi/TypeAnnotation_Study/GitHub/allenai-allennlp/scripts/convert_openie_to_conll.py",
    "file_hunks_size": 27,
    "min_patch_found": false,
    "single_hunk": false,
    "fit_TFix": false,
    "delete_only_patch": false,
    "has_suppression_all_hunks": false,
    "full_warning_msg": "scripts/convert_openie_to_conll.py:226:8 Incompatible return type [7]: Expected `List[Extraction]` but got `typing.Generator[List[typing.Any], None, None]`.",
    "message": " Expected `List[Extraction]` but got `typing.Generator[List[typing.Any], None, None]`.",
    "rule_id": "Incompatible return type [7]",
    "warning_line_no": 226,
    "warning_line": "        yield prev_sent"
  }
]