[
  {
    "project": "albumentations-team/albumentations",
    "commit": "6741f516672f559eb6a4a9ebe521b43065426341",
    "filename": "albumentations/core/six.py",
    "min_patch_found": false,
    "full_warning_msg": "albumentations/core/six.py:31:20 Unbound name [10]: Name `basestring` is used but not defined in the current scope.",
    "exception": "[Errno 2] No such file or directory: '/home/chowyi/TypeAnnotation_Study/GitHub/albumentations-team-albumentations/albumentations/core/six.py'",
    "dd_fail": true
  }
]