[
  {
    "project": "amundsen-io/amundsen",
    "commit": "f32721e87e3ae8da3b601515d79792eb76182859",
    "filename": "databuilder/databuilder/extractor/bigquery_watermark_extractor.py",
    "filename_after_commit": "/home/chowyi/TypeAnnotation_Study/GitHub/amundsen-io-amundsen/databuilder/databuilder/extractor/bigquery_watermark_extractor.py",
    "file_hunks_size": 1,
    "min_patch_found": false,
    "single_hunk": false,
    "fit_TFix": false,
    "delete_only_patch": false,
    "has_suppression_all_hunks": false,
    "full_warning_msg": "databuilder/databuilder/extractor/bigquery_watermark_extractor.py:60:32 Incompatible parameter type [6]: Expected `Variable[_typeshed.SupportsLessThanT (bound to _typeshed.SupportsLessThan)]` for 1st positional only parameter to call `min` but got `Union[Dict[str, typing.Any], str]`.",
    "message": " Expected `Variable[_typeshed.SupportsLessThanT (bound to _typeshed.SupportsLessThan)]` for 1st positional only parameter to call `min` but got `Union[Dict[str, typing.Any], str]`.",
    "rule_id": "Incompatible parameter type [6]",
    "warning_line_no": 60,
    "warning_line": "                                sharded_table_watermarks[prefix]['low'], date)"
  },
  {
    "project": "amundsen-io/amundsen",
    "commit": "f32721e87e3ae8da3b601515d79792eb76182859",
    "filename": "databuilder/databuilder/extractor/bigquery_watermark_extractor.py",
    "filename_after_commit": "/home/chowyi/TypeAnnotation_Study/GitHub/amundsen-io-amundsen/databuilder/databuilder/extractor/bigquery_watermark_extractor.py",
    "file_hunks_size": 1,
    "min_patch_found": false,
    "single_hunk": false,
    "fit_TFix": false,
    "delete_only_patch": false,
    "has_suppression_all_hunks": false,
    "full_warning_msg": "databuilder/databuilder/extractor/bigquery_watermark_extractor.py:62:32 Incompatible parameter type [6]: Expected `Variable[_typeshed.SupportsLessThanT (bound to _typeshed.SupportsLessThan)]` for 1st positional only parameter to call `max` but got `Union[Dict[str, typing.Any], str]`.",
    "message": " Expected `Variable[_typeshed.SupportsLessThanT (bound to _typeshed.SupportsLessThan)]` for 1st positional only parameter to call `max` but got `Union[Dict[str, typing.Any], str]`.",
    "rule_id": "Incompatible parameter type [6]",
    "warning_line_no": 62,
    "warning_line": "                                sharded_table_watermarks[prefix]['high'], date)"
  },
  {
    "project": "amundsen-io/amundsen",
    "commit": "f32721e87e3ae8da3b601515d79792eb76182859",
    "filename": "databuilder/databuilder/extractor/bigquery_watermark_extractor.py",
    "filename_after_commit": "/home/chowyi/TypeAnnotation_Study/GitHub/amundsen-io-amundsen/databuilder/databuilder/extractor/bigquery_watermark_extractor.py",
    "file_hunks_size": 1,
    "min_patch_found": false,
    "single_hunk": false,
    "fit_TFix": false,
    "delete_only_patch": false,
    "has_suppression_all_hunks": false,
    "full_warning_msg": "databuilder/databuilder/extractor/bigquery_watermark_extractor.py:75:33 Incompatible parameter type [6]: Expected `Union[int, slice]` for 1st positional only parameter to call `str.__getitem__` but got `str`.",
    "message": " Expected `Union[int, slice]` for 1st positional only parameter to call `str.__getitem__` but got `str`.",
    "rule_id": "Incompatible parameter type [6]",
    "warning_line_no": 75,
    "warning_line": "                tableRef = table['tableReference']"
  },
  {
    "project": "amundsen-io/amundsen",
    "commit": "f32721e87e3ae8da3b601515d79792eb76182859",
    "filename": "databuilder/databuilder/extractor/bigquery_watermark_extractor.py",
    "filename_after_commit": "/home/chowyi/TypeAnnotation_Study/GitHub/amundsen-io-amundsen/databuilder/databuilder/extractor/bigquery_watermark_extractor.py",
    "file_hunks_size": 1,
    "min_patch_found": false,
    "single_hunk": false,
    "fit_TFix": false,
    "delete_only_patch": false,
    "has_suppression_all_hunks": false,
    "full_warning_msg": "databuilder/databuilder/extractor/bigquery_watermark_extractor.py:78:64 Incompatible parameter type [6]: Expected `Union[int, slice]` for 1st positional only parameter to call `str.__getitem__` but got `str`.",
    "message": " Expected `Union[int, slice]` for 1st positional only parameter to call `str.__getitem__` but got `str`.",
    "rule_id": "Incompatible parameter type [6]",
    "warning_line_no": 78,
    "warning_line": "                    datetime.datetime.fromtimestamp(float(table['creationTime']) / 1000).strftime('%Y-%m-%d %H:%M:%S'),"
  },
  {
    "project": "amundsen-io/amundsen",
    "commit": "f32721e87e3ae8da3b601515d79792eb76182859",
    "filename": "databuilder/databuilder/extractor/bigquery_watermark_extractor.py",
    "filename_after_commit": "/home/chowyi/TypeAnnotation_Study/GitHub/amundsen-io-amundsen/databuilder/databuilder/extractor/bigquery_watermark_extractor.py",
    "file_hunks_size": 1,
    "min_patch_found": false,
    "single_hunk": false,
    "fit_TFix": false,
    "delete_only_patch": false,
    "has_suppression_all_hunks": false,
    "full_warning_msg": "databuilder/databuilder/extractor/bigquery_watermark_extractor.py:80:29 Incompatible parameter type [6]: Expected `Union[int, slice]` for 1st positional only parameter to call `str.__getitem__` but got `str`.",
    "message": " Expected `Union[int, slice]` for 1st positional only parameter to call `str.__getitem__` but got `str`.",
    "rule_id": "Incompatible parameter type [6]",
    "warning_line_no": 80,
    "warning_line": "                    tableRef['datasetId'],"
  },
  {
    "project": "amundsen-io/amundsen",
    "commit": "f32721e87e3ae8da3b601515d79792eb76182859",
    "filename": "databuilder/databuilder/extractor/bigquery_watermark_extractor.py",
    "filename_after_commit": "/home/chowyi/TypeAnnotation_Study/GitHub/amundsen-io-amundsen/databuilder/databuilder/extractor/bigquery_watermark_extractor.py",
    "file_hunks_size": 1,
    "min_patch_found": false,
    "single_hunk": false,
    "fit_TFix": false,
    "delete_only_patch": false,
    "has_suppression_all_hunks": false,
    "full_warning_msg": "databuilder/databuilder/extractor/bigquery_watermark_extractor.py:84:37 Incompatible parameter type [6]: Expected `Union[int, slice]` for 1st positional only parameter to call `str.__getitem__` but got `str`.",
    "message": " Expected `Union[int, slice]` for 1st positional only parameter to call `str.__getitem__` but got `str`.",
    "rule_id": "Incompatible parameter type [6]",
    "warning_line_no": 84,
    "warning_line": "                    cluster=tableRef['projectId']"
  },
  {
    "project": "amundsen-io/amundsen",
    "commit": "f32721e87e3ae8da3b601515d79792eb76182859",
    "filename": "databuilder/databuilder/extractor/bigquery_watermark_extractor.py",
    "filename_after_commit": "/home/chowyi/TypeAnnotation_Study/GitHub/amundsen-io-amundsen/databuilder/databuilder/extractor/bigquery_watermark_extractor.py",
    "file_hunks_size": 1,
    "min_patch_found": false,
    "single_hunk": false,
    "fit_TFix": false,
    "delete_only_patch": false,
    "has_suppression_all_hunks": false,
    "full_warning_msg": "databuilder/databuilder/extractor/bigquery_watermark_extractor.py:88:64 Incompatible parameter type [6]: Expected `Union[int, slice]` for 1st positional only parameter to call `str.__getitem__` but got `str`.",
    "message": " Expected `Union[int, slice]` for 1st positional only parameter to call `str.__getitem__` but got `str`.",
    "rule_id": "Incompatible parameter type [6]",
    "warning_line_no": 88,
    "warning_line": "                    datetime.datetime.fromtimestamp(float(table['creationTime']) / 1000).strftime('%Y-%m-%d %H:%M:%S'),"
  },
  {
    "project": "amundsen-io/amundsen",
    "commit": "f32721e87e3ae8da3b601515d79792eb76182859",
    "filename": "databuilder/databuilder/extractor/bigquery_watermark_extractor.py",
    "filename_after_commit": "/home/chowyi/TypeAnnotation_Study/GitHub/amundsen-io-amundsen/databuilder/databuilder/extractor/bigquery_watermark_extractor.py",
    "file_hunks_size": 1,
    "min_patch_found": false,
    "single_hunk": false,
    "fit_TFix": false,
    "delete_only_patch": false,
    "has_suppression_all_hunks": false,
    "full_warning_msg": "databuilder/databuilder/extractor/bigquery_watermark_extractor.py:90:29 Incompatible parameter type [6]: Expected `Union[int, slice]` for 1st positional only parameter to call `str.__getitem__` but got `str`.",
    "message": " Expected `Union[int, slice]` for 1st positional only parameter to call `str.__getitem__` but got `str`.",
    "rule_id": "Incompatible parameter type [6]",
    "warning_line_no": 90,
    "warning_line": "                    tableRef['datasetId'],"
  },
  {
    "project": "amundsen-io/amundsen",
    "commit": "f32721e87e3ae8da3b601515d79792eb76182859",
    "filename": "databuilder/databuilder/extractor/bigquery_watermark_extractor.py",
    "filename_after_commit": "/home/chowyi/TypeAnnotation_Study/GitHub/amundsen-io-amundsen/databuilder/databuilder/extractor/bigquery_watermark_extractor.py",
    "file_hunks_size": 1,
    "min_patch_found": false,
    "single_hunk": false,
    "fit_TFix": false,
    "delete_only_patch": false,
    "has_suppression_all_hunks": false,
    "full_warning_msg": "databuilder/databuilder/extractor/bigquery_watermark_extractor.py:94:37 Incompatible parameter type [6]: Expected `Union[int, slice]` for 1st positional only parameter to call `str.__getitem__` but got `str`.",
    "message": " Expected `Union[int, slice]` for 1st positional only parameter to call `str.__getitem__` but got `str`.",
    "rule_id": "Incompatible parameter type [6]",
    "warning_line_no": 94,
    "warning_line": "                    cluster=tableRef['projectId']"
  }
]