[
  {
    "project": "aio-libs/aioredis-py",
    "commit": "eb8c2036812a1d88b442380d36d8230ea6d487a4",
    "filename": "aioredis/connection.py",
    "filename_after_commit": "/home/chowyi/TypeAnnotation_Study/GitHub/aio-libs-aioredis-py/aioredis/connection.py",
    "file_hunks_size": 7,
    "min_patch_found": true,
    "single_hunk": true,
    "fit_TFix": true,
    "delete_only_patch": false,
    "has_suppression_all_hunks": false,
    "full_warning_msg": "aioredis/connection.py:235:8 Incompatible variable type [9]: length is declared to have type `int` but is used as type `None`.",
    "message": " length is declared to have type `int` but is used as type `None`.",
    "rule_id": "Incompatible variable type [9]",
    "warning_line_no": 235,
    "warning_line": "        length: int = None,",
    "min_patch": [
      {
        "hunk_fit_TFix": true,
        "inside_window": true,
        "delete_only": false,
        "has_suppression": false,
        "source_code": "        self,\n        length: int = None,\n        timeout: Optional[float] = SENTINEL,  # type: ignore\n",
        "source_code_len": 103,
        "target_code": "        self,\n        length: Optional[int] = None,\n        timeout: Optional[float] = SENTINEL,  # type: ignore\n",
        "target_code_len": 113,
        "diff_format": "@@ -234,3 +234,3 @@\n         self,\n-        length: int = None,\n+        length: Optional[int] = None,\n         timeout: Optional[float] = SENTINEL,  # type: ignore\n",
        "source_code_with_indent": "        self,\n        length: int = None,\n        timeout: Optional[float] = SENTINEL,  # type: ignore\n",
        "source_code_with_indent_exact_match": true,
        "target_code_with_indent": "        self,\n        length: Optional[int] = None,\n        timeout: Optional[float] = SENTINEL,  # type: ignore\n",
        "target_code_with_indent_exact_match": true
      }
    ]
  },
  {
    "project": "aio-libs/aioredis-py",
    "commit": "eb8c2036812a1d88b442380d36d8230ea6d487a4",
    "filename": "aioredis/connection.py",
    "filename_after_commit": "/home/chowyi/TypeAnnotation_Study/GitHub/aio-libs-aioredis-py/aioredis/connection.py",
    "file_hunks_size": 7,
    "min_patch_found": false,
    "single_hunk": false,
    "fit_TFix": false,
    "delete_only_patch": false,
    "has_suppression_all_hunks": false,
    "full_warning_msg": "aioredis/connection.py:571:8 Incompatible variable type [9]: password is declared to have type `str` but is used as type `None`.",
    "message": " password is declared to have type `str` but is used as type `None`.",
    "rule_id": "Incompatible variable type [9]",
    "warning_line_no": 571,
    "warning_line": "        password: str = None,"
  },
  {
    "project": "aio-libs/aioredis-py",
    "commit": "eb8c2036812a1d88b442380d36d8230ea6d487a4",
    "filename": "aioredis/connection.py",
    "filename_after_commit": "/home/chowyi/TypeAnnotation_Study/GitHub/aio-libs-aioredis-py/aioredis/connection.py",
    "file_hunks_size": 7,
    "min_patch_found": false,
    "single_hunk": false,
    "fit_TFix": false,
    "delete_only_patch": false,
    "has_suppression_all_hunks": false,
    "full_warning_msg": "aioredis/connection.py:572:8 Incompatible variable type [9]: socket_timeout is declared to have type `float` but is used as type `None`.",
    "message": " socket_timeout is declared to have type `float` but is used as type `None`.",
    "rule_id": "Incompatible variable type [9]",
    "warning_line_no": 572,
    "warning_line": "        socket_timeout: float = None,"
  },
  {
    "project": "aio-libs/aioredis-py",
    "commit": "eb8c2036812a1d88b442380d36d8230ea6d487a4",
    "filename": "aioredis/connection.py",
    "filename_after_commit": "/home/chowyi/TypeAnnotation_Study/GitHub/aio-libs-aioredis-py/aioredis/connection.py",
    "file_hunks_size": 7,
    "min_patch_found": false,
    "single_hunk": false,
    "fit_TFix": false,
    "delete_only_patch": false,
    "has_suppression_all_hunks": false,
    "full_warning_msg": "aioredis/connection.py:573:8 Incompatible variable type [9]: socket_connect_timeout is declared to have type `float` but is used as type `None`.",
    "message": " socket_connect_timeout is declared to have type `float` but is used as type `None`.",
    "rule_id": "Incompatible variable type [9]",
    "warning_line_no": 573,
    "warning_line": "        socket_connect_timeout: float = None,"
  },
  {
    "project": "aio-libs/aioredis-py",
    "commit": "eb8c2036812a1d88b442380d36d8230ea6d487a4",
    "filename": "aioredis/connection.py",
    "filename_after_commit": "/home/chowyi/TypeAnnotation_Study/GitHub/aio-libs-aioredis-py/aioredis/connection.py",
    "file_hunks_size": 7,
    "min_patch_found": false,
    "single_hunk": false,
    "fit_TFix": false,
    "delete_only_patch": false,
    "has_suppression_all_hunks": false,
    "full_warning_msg": "aioredis/connection.py:575:8 Incompatible variable type [9]: socket_keepalive_options is declared to have type `typing.Dict[typing.Any, typing.Any]` but is used as type `None`.",
    "message": " socket_keepalive_options is declared to have type `typing.Dict[typing.Any, typing.Any]` but is used as type `None`.",
    "rule_id": "Incompatible variable type [9]",
    "warning_line_no": 575,
    "warning_line": "        socket_keepalive_options: dict = None,"
  },
  {
    "project": "aio-libs/aioredis-py",
    "commit": "eb8c2036812a1d88b442380d36d8230ea6d487a4",
    "filename": "aioredis/connection.py",
    "filename_after_commit": "/home/chowyi/TypeAnnotation_Study/GitHub/aio-libs-aioredis-py/aioredis/connection.py",
    "file_hunks_size": 7,
    "min_patch_found": true,
    "single_hunk": true,
    "fit_TFix": true,
    "delete_only_patch": false,
    "has_suppression_all_hunks": false,
    "full_warning_msg": "aioredis/connection.py:584:8 Incompatible variable type [9]: client_name is declared to have type `str` but is used as type `None`.",
    "message": " client_name is declared to have type `str` but is used as type `None`.",
    "rule_id": "Incompatible variable type [9]",
    "warning_line_no": 584,
    "warning_line": "        client_name: str = None,",
    "min_patch": [
      {
        "hunk_fit_TFix": true,
        "inside_window": true,
        "delete_only": false,
        "has_suppression": false,
        "source_code": "        health_check_interval: int = 0,\n        client_name: str = None,\n        username: str = None,\n        encoder_class: Type[Encoder] = Encoder,\n",
        "source_code_len": 151,
        "target_code": "        health_check_interval: int = 0,\n        client_name: Optional[str] = None,\n        username: Optional[str] = None,\n        encoder_class: Type[Encoder] = Encoder,\n",
        "target_code_len": 171,
        "diff_format": "@@ -583,4 +583,4 @@\n         health_check_interval: int = 0,\n-        client_name: str = None,\n-        username: str = None,\n+        client_name: Optional[str] = None,\n+        username: Optional[str] = None,\n         encoder_class: Type[Encoder] = Encoder,\n",
        "source_code_with_indent": "        health_check_interval: int = 0,\n        client_name: str = None,\n        username: str = None,\n        encoder_class: Type[Encoder] = Encoder,\n",
        "source_code_with_indent_exact_match": true,
        "target_code_with_indent": "        health_check_interval: int = 0,\n        client_name: Optional[str] = None,\n        username: Optional[str] = None,\n        encoder_class: Type[Encoder] = Encoder,\n",
        "target_code_with_indent_exact_match": true
      }
    ]
  },
  {
    "project": "aio-libs/aioredis-py",
    "commit": "eb8c2036812a1d88b442380d36d8230ea6d487a4",
    "filename": "aioredis/connection.py",
    "filename_after_commit": "/home/chowyi/TypeAnnotation_Study/GitHub/aio-libs-aioredis-py/aioredis/connection.py",
    "file_hunks_size": 7,
    "min_patch_found": true,
    "single_hunk": true,
    "fit_TFix": true,
    "delete_only_patch": false,
    "has_suppression_all_hunks": false,
    "full_warning_msg": "aioredis/connection.py:585:8 Incompatible variable type [9]: username is declared to have type `str` but is used as type `None`.",
    "message": " username is declared to have type `str` but is used as type `None`.",
    "rule_id": "Incompatible variable type [9]",
    "warning_line_no": 585,
    "warning_line": "        username: str = None,",
    "min_patch": [
      {
        "hunk_fit_TFix": true,
        "inside_window": true,
        "delete_only": false,
        "has_suppression": false,
        "source_code": "        health_check_interval: int = 0,\n        client_name: str = None,\n        username: str = None,\n        encoder_class: Type[Encoder] = Encoder,\n",
        "source_code_len": 151,
        "target_code": "        health_check_interval: int = 0,\n        client_name: Optional[str] = None,\n        username: Optional[str] = None,\n        encoder_class: Type[Encoder] = Encoder,\n",
        "target_code_len": 171,
        "diff_format": "@@ -583,4 +583,4 @@\n         health_check_interval: int = 0,\n-        client_name: str = None,\n-        username: str = None,\n+        client_name: Optional[str] = None,\n+        username: Optional[str] = None,\n         encoder_class: Type[Encoder] = Encoder,\n",
        "source_code_with_indent": "        health_check_interval: int = 0,\n        client_name: str = None,\n        username: str = None,\n        encoder_class: Type[Encoder] = Encoder,\n",
        "source_code_with_indent_exact_match": true,
        "target_code_with_indent": "        health_check_interval: int = 0,\n        client_name: Optional[str] = None,\n        username: Optional[str] = None,\n        encoder_class: Type[Encoder] = Encoder,\n",
        "target_code_with_indent_exact_match": true
      }
    ]
  },
  {
    "project": "aio-libs/aioredis-py",
    "commit": "eb8c2036812a1d88b442380d36d8230ea6d487a4",
    "filename": "aioredis/connection.py",
    "filename_after_commit": "/home/chowyi/TypeAnnotation_Study/GitHub/aio-libs-aioredis-py/aioredis/connection.py",
    "file_hunks_size": 7,
    "min_patch_found": true,
    "single_hunk": false,
    "fit_TFix": false,
    "delete_only_patch": false,
    "has_suppression_all_hunks": false,
    "full_warning_msg": "aioredis/connection.py:949:8 Incompatible variable type [9]: ssl_keyfile is declared to have type `str` but is used as type `None`.",
    "message": " ssl_keyfile is declared to have type `str` but is used as type `None`.",
    "rule_id": "Incompatible variable type [9]",
    "warning_line_no": 949,
    "warning_line": "        ssl_keyfile: str = None,",
    "min_patch": [
      {
        "hunk_fit_TFix": true,
        "inside_window": true,
        "delete_only": false,
        "has_suppression": false,
        "source_code": "        self,\n        ssl_keyfile: str = None,\n        ssl_certfile: str = None,\n        ssl_cert_reqs: str = \"required\",\n        ssl_ca_certs: str = None,\n        ssl_check_hostname: bool = False,\n",
        "source_code_len": 198,
        "target_code": "        self,\n        ssl_keyfile: Optional[str] = None,\n        ssl_certfile: Optional[str] = None,\n        ssl_cert_reqs: str = \"required\",\n        ssl_ca_certs: Optional[str] = None,\n        ssl_check_hostname: bool = False,\n",
        "target_code_len": 228,
        "diff_format": "@@ -948,6 +948,6 @@\n         self,\n-        ssl_keyfile: str = None,\n-        ssl_certfile: str = None,\n+        ssl_keyfile: Optional[str] = None,\n+        ssl_certfile: Optional[str] = None,\n         ssl_cert_reqs: str = \"required\",\n-        ssl_ca_certs: str = None,\n+        ssl_ca_certs: Optional[str] = None,\n         ssl_check_hostname: bool = False,\n",
        "source_code_with_indent": "        self,\n        ssl_keyfile: str = None,\n        ssl_certfile: str = None,\n        ssl_cert_reqs: str = \"required\",\n        ssl_ca_certs: str = None,\n        ssl_check_hostname: bool = False,\n",
        "source_code_with_indent_exact_match": true,
        "target_code_with_indent": "        self,\n        ssl_keyfile: Optional[str] = None,\n        ssl_certfile: Optional[str] = None,\n        ssl_cert_reqs: str = \"required\",\n        ssl_ca_certs: Optional[str] = None,\n        ssl_check_hostname: bool = False,\n",
        "target_code_with_indent_exact_match": true
      },
      {
        "hunk_fit_TFix": false,
        "inside_window": true,
        "delete_only": false,
        "has_suppression": false,
        "source_code": "        self,\n        keyfile: str = None,\n        certfile: str = None,\n        cert_reqs: str = None,\n        ca_certs: str = None,\n        check_hostname: bool = False,\n",
        "source_code_len": 172,
        "target_code": "        self,\n        keyfile: Optional[str] = None,\n        certfile: Optional[str] = None,\n        cert_reqs: Optional[str] = None,\n        ca_certs: Optional[str] = None,\n        check_hostname: bool = False,\n",
        "target_code_len": 212,
        "diff_format": "@@ -997,6 +997,6 @@\n         self,\n-        keyfile: str = None,\n-        certfile: str = None,\n-        cert_reqs: str = None,\n-        ca_certs: str = None,\n+        keyfile: Optional[str] = None,\n+        certfile: Optional[str] = None,\n+        cert_reqs: Optional[str] = None,\n+        ca_certs: Optional[str] = None,\n         check_hostname: bool = False,\n",
        "source_code_with_indent": "        self,\n        keyfile: str = None,\n        certfile: str = None,\n        cert_reqs: str = None,\n        ca_certs: str = None,\n        check_hostname: bool = False,\n",
        "source_code_with_indent_exact_match": true,
        "target_code_with_indent": "        self,\n        keyfile: Optional[str] = None,\n        certfile: Optional[str] = None,\n        cert_reqs: Optional[str] = None,\n        ca_certs: Optional[str] = None,\n        check_hostname: bool = False,\n",
        "target_code_with_indent_exact_match": true
      }
    ]
  },
  {
    "project": "aio-libs/aioredis-py",
    "commit": "eb8c2036812a1d88b442380d36d8230ea6d487a4",
    "filename": "aioredis/connection.py",
    "filename_after_commit": "/home/chowyi/TypeAnnotation_Study/GitHub/aio-libs-aioredis-py/aioredis/connection.py",
    "file_hunks_size": 7,
    "min_patch_found": true,
    "single_hunk": false,
    "fit_TFix": false,
    "delete_only_patch": false,
    "has_suppression_all_hunks": false,
    "full_warning_msg": "aioredis/connection.py:950:8 Incompatible variable type [9]: ssl_certfile is declared to have type `str` but is used as type `None`.",
    "message": " ssl_certfile is declared to have type `str` but is used as type `None`.",
    "rule_id": "Incompatible variable type [9]",
    "warning_line_no": 950,
    "warning_line": "        ssl_certfile: str = None,",
    "min_patch": [
      {
        "hunk_fit_TFix": true,
        "inside_window": true,
        "delete_only": false,
        "has_suppression": false,
        "source_code": "        self,\n        ssl_keyfile: str = None,\n        ssl_certfile: str = None,\n        ssl_cert_reqs: str = \"required\",\n        ssl_ca_certs: str = None,\n        ssl_check_hostname: bool = False,\n",
        "source_code_len": 198,
        "target_code": "        self,\n        ssl_keyfile: Optional[str] = None,\n        ssl_certfile: Optional[str] = None,\n        ssl_cert_reqs: str = \"required\",\n        ssl_ca_certs: Optional[str] = None,\n        ssl_check_hostname: bool = False,\n",
        "target_code_len": 228,
        "diff_format": "@@ -948,6 +948,6 @@\n         self,\n-        ssl_keyfile: str = None,\n-        ssl_certfile: str = None,\n+        ssl_keyfile: Optional[str] = None,\n+        ssl_certfile: Optional[str] = None,\n         ssl_cert_reqs: str = \"required\",\n-        ssl_ca_certs: str = None,\n+        ssl_ca_certs: Optional[str] = None,\n         ssl_check_hostname: bool = False,\n",
        "source_code_with_indent": "        self,\n        ssl_keyfile: str = None,\n        ssl_certfile: str = None,\n        ssl_cert_reqs: str = \"required\",\n        ssl_ca_certs: str = None,\n        ssl_check_hostname: bool = False,\n",
        "source_code_with_indent_exact_match": true,
        "target_code_with_indent": "        self,\n        ssl_keyfile: Optional[str] = None,\n        ssl_certfile: Optional[str] = None,\n        ssl_cert_reqs: str = \"required\",\n        ssl_ca_certs: Optional[str] = None,\n        ssl_check_hostname: bool = False,\n",
        "target_code_with_indent_exact_match": true
      },
      {
        "hunk_fit_TFix": false,
        "inside_window": false,
        "delete_only": false,
        "has_suppression": false,
        "source_code": "        self,\n        keyfile: str = None,\n        certfile: str = None,\n        cert_reqs: str = None,\n        ca_certs: str = None,\n        check_hostname: bool = False,\n",
        "source_code_len": 172,
        "target_code": "        self,\n        keyfile: Optional[str] = None,\n        certfile: Optional[str] = None,\n        cert_reqs: Optional[str] = None,\n        ca_certs: Optional[str] = None,\n        check_hostname: bool = False,\n",
        "target_code_len": 212,
        "diff_format": "@@ -997,6 +997,6 @@\n         self,\n-        keyfile: str = None,\n-        certfile: str = None,\n-        cert_reqs: str = None,\n-        ca_certs: str = None,\n+        keyfile: Optional[str] = None,\n+        certfile: Optional[str] = None,\n+        cert_reqs: Optional[str] = None,\n+        ca_certs: Optional[str] = None,\n         check_hostname: bool = False,\n",
        "source_code_with_indent": "        self,\n        keyfile: str = None,\n        certfile: str = None,\n        cert_reqs: str = None,\n        ca_certs: str = None,\n        check_hostname: bool = False,\n",
        "source_code_with_indent_exact_match": true,
        "target_code_with_indent": "        self,\n        keyfile: Optional[str] = None,\n        certfile: Optional[str] = None,\n        cert_reqs: Optional[str] = None,\n        ca_certs: Optional[str] = None,\n        check_hostname: bool = False,\n",
        "target_code_with_indent_exact_match": true
      }
    ]
  },
  {
    "project": "aio-libs/aioredis-py",
    "commit": "eb8c2036812a1d88b442380d36d8230ea6d487a4",
    "filename": "aioredis/connection.py",
    "filename_after_commit": "/home/chowyi/TypeAnnotation_Study/GitHub/aio-libs-aioredis-py/aioredis/connection.py",
    "file_hunks_size": 7,
    "min_patch_found": true,
    "single_hunk": false,
    "fit_TFix": false,
    "delete_only_patch": false,
    "has_suppression_all_hunks": false,
    "full_warning_msg": "aioredis/connection.py:952:8 Incompatible variable type [9]: ssl_ca_certs is declared to have type `str` but is used as type `None`.",
    "message": " ssl_ca_certs is declared to have type `str` but is used as type `None`.",
    "rule_id": "Incompatible variable type [9]",
    "warning_line_no": 952,
    "warning_line": "        ssl_ca_certs: str = None,",
    "min_patch": [
      {
        "hunk_fit_TFix": true,
        "inside_window": true,
        "delete_only": false,
        "has_suppression": false,
        "source_code": "        self,\n        ssl_keyfile: str = None,\n        ssl_certfile: str = None,\n        ssl_cert_reqs: str = \"required\",\n        ssl_ca_certs: str = None,\n        ssl_check_hostname: bool = False,\n",
        "source_code_len": 198,
        "target_code": "        self,\n        ssl_keyfile: Optional[str] = None,\n        ssl_certfile: Optional[str] = None,\n        ssl_cert_reqs: str = \"required\",\n        ssl_ca_certs: Optional[str] = None,\n        ssl_check_hostname: bool = False,\n",
        "target_code_len": 228,
        "diff_format": "@@ -948,6 +948,6 @@\n         self,\n-        ssl_keyfile: str = None,\n-        ssl_certfile: str = None,\n+        ssl_keyfile: Optional[str] = None,\n+        ssl_certfile: Optional[str] = None,\n         ssl_cert_reqs: str = \"required\",\n-        ssl_ca_certs: str = None,\n+        ssl_ca_certs: Optional[str] = None,\n         ssl_check_hostname: bool = False,\n",
        "source_code_with_indent": "        self,\n        ssl_keyfile: str = None,\n        ssl_certfile: str = None,\n        ssl_cert_reqs: str = \"required\",\n        ssl_ca_certs: str = None,\n        ssl_check_hostname: bool = False,\n",
        "source_code_with_indent_exact_match": true,
        "target_code_with_indent": "        self,\n        ssl_keyfile: Optional[str] = None,\n        ssl_certfile: Optional[str] = None,\n        ssl_cert_reqs: str = \"required\",\n        ssl_ca_certs: Optional[str] = None,\n        ssl_check_hostname: bool = False,\n",
        "target_code_with_indent_exact_match": true
      },
      {
        "hunk_fit_TFix": false,
        "inside_window": false,
        "delete_only": false,
        "has_suppression": false,
        "source_code": "        self,\n        keyfile: str = None,\n        certfile: str = None,\n        cert_reqs: str = None,\n        ca_certs: str = None,\n        check_hostname: bool = False,\n",
        "source_code_len": 172,
        "target_code": "        self,\n        keyfile: Optional[str] = None,\n        certfile: Optional[str] = None,\n        cert_reqs: Optional[str] = None,\n        ca_certs: Optional[str] = None,\n        check_hostname: bool = False,\n",
        "target_code_len": 212,
        "diff_format": "@@ -997,6 +997,6 @@\n         self,\n-        keyfile: str = None,\n-        certfile: str = None,\n-        cert_reqs: str = None,\n-        ca_certs: str = None,\n+        keyfile: Optional[str] = None,\n+        certfile: Optional[str] = None,\n+        cert_reqs: Optional[str] = None,\n+        ca_certs: Optional[str] = None,\n         check_hostname: bool = False,\n",
        "source_code_with_indent": "        self,\n        keyfile: str = None,\n        certfile: str = None,\n        cert_reqs: str = None,\n        ca_certs: str = None,\n        check_hostname: bool = False,\n",
        "source_code_with_indent_exact_match": true,
        "target_code_with_indent": "        self,\n        keyfile: Optional[str] = None,\n        certfile: Optional[str] = None,\n        cert_reqs: Optional[str] = None,\n        ca_certs: Optional[str] = None,\n        check_hostname: bool = False,\n",
        "target_code_with_indent_exact_match": true
      }
    ]
  },
  {
    "project": "aio-libs/aioredis-py",
    "commit": "eb8c2036812a1d88b442380d36d8230ea6d487a4",
    "filename": "aioredis/connection.py",
    "filename_after_commit": "/home/chowyi/TypeAnnotation_Study/GitHub/aio-libs-aioredis-py/aioredis/connection.py",
    "file_hunks_size": 7,
    "min_patch_found": true,
    "single_hunk": true,
    "fit_TFix": false,
    "delete_only_patch": false,
    "has_suppression_all_hunks": false,
    "full_warning_msg": "aioredis/connection.py:998:8 Incompatible variable type [9]: keyfile is declared to have type `str` but is used as type `None`.",
    "message": " keyfile is declared to have type `str` but is used as type `None`.",
    "rule_id": "Incompatible variable type [9]",
    "warning_line_no": 998,
    "warning_line": "        keyfile: str = None,",
    "min_patch": [
      {
        "hunk_fit_TFix": false,
        "inside_window": true,
        "delete_only": false,
        "has_suppression": false,
        "source_code": "        self,\n        keyfile: str = None,\n        certfile: str = None,\n        cert_reqs: str = None,\n        ca_certs: str = None,\n        check_hostname: bool = False,\n",
        "source_code_len": 172,
        "target_code": "        self,\n        keyfile: Optional[str] = None,\n        certfile: Optional[str] = None,\n        cert_reqs: Optional[str] = None,\n        ca_certs: Optional[str] = None,\n        check_hostname: bool = False,\n",
        "target_code_len": 212,
        "diff_format": "@@ -997,6 +997,6 @@\n         self,\n-        keyfile: str = None,\n-        certfile: str = None,\n-        cert_reqs: str = None,\n-        ca_certs: str = None,\n+        keyfile: Optional[str] = None,\n+        certfile: Optional[str] = None,\n+        cert_reqs: Optional[str] = None,\n+        ca_certs: Optional[str] = None,\n         check_hostname: bool = False,\n",
        "source_code_with_indent": "        self,\n        keyfile: str = None,\n        certfile: str = None,\n        cert_reqs: str = None,\n        ca_certs: str = None,\n        check_hostname: bool = False,\n",
        "source_code_with_indent_exact_match": true,
        "target_code_with_indent": "        self,\n        keyfile: Optional[str] = None,\n        certfile: Optional[str] = None,\n        cert_reqs: Optional[str] = None,\n        ca_certs: Optional[str] = None,\n        check_hostname: bool = False,\n",
        "target_code_with_indent_exact_match": true
      }
    ]
  },
  {
    "project": "aio-libs/aioredis-py",
    "commit": "eb8c2036812a1d88b442380d36d8230ea6d487a4",
    "filename": "aioredis/connection.py",
    "filename_after_commit": "/home/chowyi/TypeAnnotation_Study/GitHub/aio-libs-aioredis-py/aioredis/connection.py",
    "file_hunks_size": 7,
    "min_patch_found": true,
    "single_hunk": true,
    "fit_TFix": false,
    "delete_only_patch": false,
    "has_suppression_all_hunks": false,
    "full_warning_msg": "aioredis/connection.py:999:8 Incompatible variable type [9]: certfile is declared to have type `str` but is used as type `None`.",
    "message": " certfile is declared to have type `str` but is used as type `None`.",
    "rule_id": "Incompatible variable type [9]",
    "warning_line_no": 999,
    "warning_line": "        certfile: str = None,",
    "min_patch": [
      {
        "hunk_fit_TFix": false,
        "inside_window": true,
        "delete_only": false,
        "has_suppression": false,
        "source_code": "        self,\n        keyfile: str = None,\n        certfile: str = None,\n        cert_reqs: str = None,\n        ca_certs: str = None,\n        check_hostname: bool = False,\n",
        "source_code_len": 172,
        "target_code": "        self,\n        keyfile: Optional[str] = None,\n        certfile: Optional[str] = None,\n        cert_reqs: Optional[str] = None,\n        ca_certs: Optional[str] = None,\n        check_hostname: bool = False,\n",
        "target_code_len": 212,
        "diff_format": "@@ -997,6 +997,6 @@\n         self,\n-        keyfile: str = None,\n-        certfile: str = None,\n-        cert_reqs: str = None,\n-        ca_certs: str = None,\n+        keyfile: Optional[str] = None,\n+        certfile: Optional[str] = None,\n+        cert_reqs: Optional[str] = None,\n+        ca_certs: Optional[str] = None,\n         check_hostname: bool = False,\n",
        "source_code_with_indent": "        self,\n        keyfile: str = None,\n        certfile: str = None,\n        cert_reqs: str = None,\n        ca_certs: str = None,\n        check_hostname: bool = False,\n",
        "source_code_with_indent_exact_match": true,
        "target_code_with_indent": "        self,\n        keyfile: Optional[str] = None,\n        certfile: Optional[str] = None,\n        cert_reqs: Optional[str] = None,\n        ca_certs: Optional[str] = None,\n        check_hostname: bool = False,\n",
        "target_code_with_indent_exact_match": true
      }
    ]
  },
  {
    "project": "aio-libs/aioredis-py",
    "commit": "eb8c2036812a1d88b442380d36d8230ea6d487a4",
    "filename": "aioredis/connection.py",
    "filename_after_commit": "/home/chowyi/TypeAnnotation_Study/GitHub/aio-libs-aioredis-py/aioredis/connection.py",
    "file_hunks_size": 7,
    "min_patch_found": true,
    "single_hunk": true,
    "fit_TFix": false,
    "delete_only_patch": false,
    "has_suppression_all_hunks": false,
    "full_warning_msg": "aioredis/connection.py:1000:8 Incompatible variable type [9]: cert_reqs is declared to have type `str` but is used as type `None`.",
    "message": " cert_reqs is declared to have type `str` but is used as type `None`.",
    "rule_id": "Incompatible variable type [9]",
    "warning_line_no": 1000,
    "warning_line": "        cert_reqs: str = None,",
    "min_patch": [
      {
        "hunk_fit_TFix": false,
        "inside_window": true,
        "delete_only": false,
        "has_suppression": false,
        "source_code": "        self,\n        keyfile: str = None,\n        certfile: str = None,\n        cert_reqs: str = None,\n        ca_certs: str = None,\n        check_hostname: bool = False,\n",
        "source_code_len": 172,
        "target_code": "        self,\n        keyfile: Optional[str] = None,\n        certfile: Optional[str] = None,\n        cert_reqs: Optional[str] = None,\n        ca_certs: Optional[str] = None,\n        check_hostname: bool = False,\n",
        "target_code_len": 212,
        "diff_format": "@@ -997,6 +997,6 @@\n         self,\n-        keyfile: str = None,\n-        certfile: str = None,\n-        cert_reqs: str = None,\n-        ca_certs: str = None,\n+        keyfile: Optional[str] = None,\n+        certfile: Optional[str] = None,\n+        cert_reqs: Optional[str] = None,\n+        ca_certs: Optional[str] = None,\n         check_hostname: bool = False,\n",
        "source_code_with_indent": "        self,\n        keyfile: str = None,\n        certfile: str = None,\n        cert_reqs: str = None,\n        ca_certs: str = None,\n        check_hostname: bool = False,\n",
        "source_code_with_indent_exact_match": true,
        "target_code_with_indent": "        self,\n        keyfile: Optional[str] = None,\n        certfile: Optional[str] = None,\n        cert_reqs: Optional[str] = None,\n        ca_certs: Optional[str] = None,\n        check_hostname: bool = False,\n",
        "target_code_with_indent_exact_match": true
      }
    ]
  },
  {
    "project": "aio-libs/aioredis-py",
    "commit": "eb8c2036812a1d88b442380d36d8230ea6d487a4",
    "filename": "aioredis/connection.py",
    "filename_after_commit": "/home/chowyi/TypeAnnotation_Study/GitHub/aio-libs-aioredis-py/aioredis/connection.py",
    "file_hunks_size": 7,
    "min_patch_found": true,
    "single_hunk": true,
    "fit_TFix": false,
    "delete_only_patch": false,
    "has_suppression_all_hunks": false,
    "full_warning_msg": "aioredis/connection.py:1001:8 Incompatible variable type [9]: ca_certs is declared to have type `str` but is used as type `None`.",
    "message": " ca_certs is declared to have type `str` but is used as type `None`.",
    "rule_id": "Incompatible variable type [9]",
    "warning_line_no": 1001,
    "warning_line": "        ca_certs: str = None,",
    "min_patch": [
      {
        "hunk_fit_TFix": false,
        "inside_window": true,
        "delete_only": false,
        "has_suppression": false,
        "source_code": "        self,\n        keyfile: str = None,\n        certfile: str = None,\n        cert_reqs: str = None,\n        ca_certs: str = None,\n        check_hostname: bool = False,\n",
        "source_code_len": 172,
        "target_code": "        self,\n        keyfile: Optional[str] = None,\n        certfile: Optional[str] = None,\n        cert_reqs: Optional[str] = None,\n        ca_certs: Optional[str] = None,\n        check_hostname: bool = False,\n",
        "target_code_len": 212,
        "diff_format": "@@ -997,6 +997,6 @@\n         self,\n-        keyfile: str = None,\n-        certfile: str = None,\n-        cert_reqs: str = None,\n-        ca_certs: str = None,\n+        keyfile: Optional[str] = None,\n+        certfile: Optional[str] = None,\n+        cert_reqs: Optional[str] = None,\n+        ca_certs: Optional[str] = None,\n         check_hostname: bool = False,\n",
        "source_code_with_indent": "        self,\n        keyfile: str = None,\n        certfile: str = None,\n        cert_reqs: str = None,\n        ca_certs: str = None,\n        check_hostname: bool = False,\n",
        "source_code_with_indent_exact_match": true,
        "target_code_with_indent": "        self,\n        keyfile: Optional[str] = None,\n        certfile: Optional[str] = None,\n        cert_reqs: Optional[str] = None,\n        ca_certs: Optional[str] = None,\n        check_hostname: bool = False,\n",
        "target_code_with_indent_exact_match": true
      }
    ]
  },
  {
    "project": "aio-libs/aioredis-py",
    "commit": "eb8c2036812a1d88b442380d36d8230ea6d487a4",
    "filename": "aioredis/connection.py",
    "filename_after_commit": "/home/chowyi/TypeAnnotation_Study/GitHub/aio-libs-aioredis-py/aioredis/connection.py",
    "file_hunks_size": 7,
    "min_patch_found": true,
    "single_hunk": true,
    "fit_TFix": false,
    "delete_only_patch": false,
    "has_suppression_all_hunks": false,
    "full_warning_msg": "aioredis/connection.py:1042:8 Incompatible variable type [9]: username is declared to have type `str` but is used as type `None`.",
    "message": " username is declared to have type `str` but is used as type `None`.",
    "rule_id": "Incompatible variable type [9]",
    "warning_line_no": 1042,
    "warning_line": "        username: str = None,",
    "min_patch": [
      {
        "hunk_fit_TFix": false,
        "inside_window": true,
        "delete_only": false,
        "has_suppression": false,
        "source_code": "        db: Union[str, int] = 0,\n        username: str = None,\n        password: str = None,\n        socket_timeout: float = None,\n        socket_connect_timeout: float = None,\n        encoding: str = \"utf-8\",\n",
        "source_code_len": 210,
        "target_code": "        db: Union[str, int] = 0,\n        username: Optional[str] = None,\n        password: Optional[str] = None,\n        socket_timeout: Optional[float] = None,\n        socket_connect_timeout: Optional[float] = None,\n        encoding: str = \"utf-8\",\n",
        "target_code_len": 250,
        "diff_format": "@@ -1041,6 +1041,6 @@\n         db: Union[str, int] = 0,\n-        username: str = None,\n-        password: str = None,\n-        socket_timeout: float = None,\n-        socket_connect_timeout: float = None,\n+        username: Optional[str] = None,\n+        password: Optional[str] = None,\n+        socket_timeout: Optional[float] = None,\n+        socket_connect_timeout: Optional[float] = None,\n         encoding: str = \"utf-8\",\n",
        "source_code_with_indent": "        db: Union[str, int] = 0,\n        username: str = None,\n        password: str = None,\n        socket_timeout: float = None,\n        socket_connect_timeout: float = None,\n        encoding: str = \"utf-8\",\n",
        "source_code_with_indent_exact_match": true,
        "target_code_with_indent": "        db: Union[str, int] = 0,\n        username: Optional[str] = None,\n        password: Optional[str] = None,\n        socket_timeout: Optional[float] = None,\n        socket_connect_timeout: Optional[float] = None,\n        encoding: str = \"utf-8\",\n",
        "target_code_with_indent_exact_match": true
      }
    ]
  },
  {
    "project": "aio-libs/aioredis-py",
    "commit": "eb8c2036812a1d88b442380d36d8230ea6d487a4",
    "filename": "aioredis/connection.py",
    "filename_after_commit": "/home/chowyi/TypeAnnotation_Study/GitHub/aio-libs-aioredis-py/aioredis/connection.py",
    "file_hunks_size": 7,
    "min_patch_found": true,
    "single_hunk": true,
    "fit_TFix": false,
    "delete_only_patch": false,
    "has_suppression_all_hunks": false,
    "full_warning_msg": "aioredis/connection.py:1043:8 Incompatible variable type [9]: password is declared to have type `str` but is used as type `None`.",
    "message": " password is declared to have type `str` but is used as type `None`.",
    "rule_id": "Incompatible variable type [9]",
    "warning_line_no": 1043,
    "warning_line": "        password: str = None,",
    "min_patch": [
      {
        "hunk_fit_TFix": false,
        "inside_window": true,
        "delete_only": false,
        "has_suppression": false,
        "source_code": "        db: Union[str, int] = 0,\n        username: str = None,\n        password: str = None,\n        socket_timeout: float = None,\n        socket_connect_timeout: float = None,\n        encoding: str = \"utf-8\",\n",
        "source_code_len": 210,
        "target_code": "        db: Union[str, int] = 0,\n        username: Optional[str] = None,\n        password: Optional[str] = None,\n        socket_timeout: Optional[float] = None,\n        socket_connect_timeout: Optional[float] = None,\n        encoding: str = \"utf-8\",\n",
        "target_code_len": 250,
        "diff_format": "@@ -1041,6 +1041,6 @@\n         db: Union[str, int] = 0,\n-        username: str = None,\n-        password: str = None,\n-        socket_timeout: float = None,\n-        socket_connect_timeout: float = None,\n+        username: Optional[str] = None,\n+        password: Optional[str] = None,\n+        socket_timeout: Optional[float] = None,\n+        socket_connect_timeout: Optional[float] = None,\n         encoding: str = \"utf-8\",\n",
        "source_code_with_indent": "        db: Union[str, int] = 0,\n        username: str = None,\n        password: str = None,\n        socket_timeout: float = None,\n        socket_connect_timeout: float = None,\n        encoding: str = \"utf-8\",\n",
        "source_code_with_indent_exact_match": true,
        "target_code_with_indent": "        db: Union[str, int] = 0,\n        username: Optional[str] = None,\n        password: Optional[str] = None,\n        socket_timeout: Optional[float] = None,\n        socket_connect_timeout: Optional[float] = None,\n        encoding: str = \"utf-8\",\n",
        "target_code_with_indent_exact_match": true
      }
    ]
  },
  {
    "project": "aio-libs/aioredis-py",
    "commit": "eb8c2036812a1d88b442380d36d8230ea6d487a4",
    "filename": "aioredis/connection.py",
    "filename_after_commit": "/home/chowyi/TypeAnnotation_Study/GitHub/aio-libs-aioredis-py/aioredis/connection.py",
    "file_hunks_size": 7,
    "min_patch_found": true,
    "single_hunk": true,
    "fit_TFix": false,
    "delete_only_patch": false,
    "has_suppression_all_hunks": false,
    "full_warning_msg": "aioredis/connection.py:1044:8 Incompatible variable type [9]: socket_timeout is declared to have type `float` but is used as type `None`.",
    "message": " socket_timeout is declared to have type `float` but is used as type `None`.",
    "rule_id": "Incompatible variable type [9]",
    "warning_line_no": 1044,
    "warning_line": "        socket_timeout: float = None,",
    "min_patch": [
      {
        "hunk_fit_TFix": false,
        "inside_window": true,
        "delete_only": false,
        "has_suppression": false,
        "source_code": "        db: Union[str, int] = 0,\n        username: str = None,\n        password: str = None,\n        socket_timeout: float = None,\n        socket_connect_timeout: float = None,\n        encoding: str = \"utf-8\",\n",
        "source_code_len": 210,
        "target_code": "        db: Union[str, int] = 0,\n        username: Optional[str] = None,\n        password: Optional[str] = None,\n        socket_timeout: Optional[float] = None,\n        socket_connect_timeout: Optional[float] = None,\n        encoding: str = \"utf-8\",\n",
        "target_code_len": 250,
        "diff_format": "@@ -1041,6 +1041,6 @@\n         db: Union[str, int] = 0,\n-        username: str = None,\n-        password: str = None,\n-        socket_timeout: float = None,\n-        socket_connect_timeout: float = None,\n+        username: Optional[str] = None,\n+        password: Optional[str] = None,\n+        socket_timeout: Optional[float] = None,\n+        socket_connect_timeout: Optional[float] = None,\n         encoding: str = \"utf-8\",\n",
        "source_code_with_indent": "        db: Union[str, int] = 0,\n        username: str = None,\n        password: str = None,\n        socket_timeout: float = None,\n        socket_connect_timeout: float = None,\n        encoding: str = \"utf-8\",\n",
        "source_code_with_indent_exact_match": true,
        "target_code_with_indent": "        db: Union[str, int] = 0,\n        username: Optional[str] = None,\n        password: Optional[str] = None,\n        socket_timeout: Optional[float] = None,\n        socket_connect_timeout: Optional[float] = None,\n        encoding: str = \"utf-8\",\n",
        "target_code_with_indent_exact_match": true
      }
    ]
  },
  {
    "project": "aio-libs/aioredis-py",
    "commit": "eb8c2036812a1d88b442380d36d8230ea6d487a4",
    "filename": "aioredis/connection.py",
    "filename_after_commit": "/home/chowyi/TypeAnnotation_Study/GitHub/aio-libs-aioredis-py/aioredis/connection.py",
    "file_hunks_size": 7,
    "min_patch_found": true,
    "single_hunk": true,
    "fit_TFix": false,
    "delete_only_patch": false,
    "has_suppression_all_hunks": false,
    "full_warning_msg": "aioredis/connection.py:1045:8 Incompatible variable type [9]: socket_connect_timeout is declared to have type `float` but is used as type `None`.",
    "message": " socket_connect_timeout is declared to have type `float` but is used as type `None`.",
    "rule_id": "Incompatible variable type [9]",
    "warning_line_no": 1045,
    "warning_line": "        socket_connect_timeout: float = None,",
    "min_patch": [
      {
        "hunk_fit_TFix": false,
        "inside_window": true,
        "delete_only": false,
        "has_suppression": false,
        "source_code": "        db: Union[str, int] = 0,\n        username: str = None,\n        password: str = None,\n        socket_timeout: float = None,\n        socket_connect_timeout: float = None,\n        encoding: str = \"utf-8\",\n",
        "source_code_len": 210,
        "target_code": "        db: Union[str, int] = 0,\n        username: Optional[str] = None,\n        password: Optional[str] = None,\n        socket_timeout: Optional[float] = None,\n        socket_connect_timeout: Optional[float] = None,\n        encoding: str = \"utf-8\",\n",
        "target_code_len": 250,
        "diff_format": "@@ -1041,6 +1041,6 @@\n         db: Union[str, int] = 0,\n-        username: str = None,\n-        password: str = None,\n-        socket_timeout: float = None,\n-        socket_connect_timeout: float = None,\n+        username: Optional[str] = None,\n+        password: Optional[str] = None,\n+        socket_timeout: Optional[float] = None,\n+        socket_connect_timeout: Optional[float] = None,\n         encoding: str = \"utf-8\",\n",
        "source_code_with_indent": "        db: Union[str, int] = 0,\n        username: str = None,\n        password: str = None,\n        socket_timeout: float = None,\n        socket_connect_timeout: float = None,\n        encoding: str = \"utf-8\",\n",
        "source_code_with_indent_exact_match": true,
        "target_code_with_indent": "        db: Union[str, int] = 0,\n        username: Optional[str] = None,\n        password: Optional[str] = None,\n        socket_timeout: Optional[float] = None,\n        socket_connect_timeout: Optional[float] = None,\n        encoding: str = \"utf-8\",\n",
        "target_code_with_indent_exact_match": true
      }
    ]
  },
  {
    "project": "aio-libs/aioredis-py",
    "commit": "eb8c2036812a1d88b442380d36d8230ea6d487a4",
    "filename": "aioredis/connection.py",
    "filename_after_commit": "/home/chowyi/TypeAnnotation_Study/GitHub/aio-libs-aioredis-py/aioredis/connection.py",
    "file_hunks_size": 7,
    "min_patch_found": true,
    "single_hunk": true,
    "fit_TFix": true,
    "delete_only_patch": false,
    "has_suppression_all_hunks": false,
    "full_warning_msg": "aioredis/connection.py:1250:8 Incompatible variable type [9]: max_connections is declared to have type `int` but is used as type `None`.",
    "message": " max_connections is declared to have type `int` but is used as type `None`.",
    "rule_id": "Incompatible variable type [9]",
    "warning_line_no": 1250,
    "warning_line": "        max_connections: int = None,",
    "min_patch": [
      {
        "hunk_fit_TFix": true,
        "inside_window": true,
        "delete_only": false,
        "has_suppression": false,
        "source_code": "        connection_class: Type[Connection] = Connection,\n        max_connections: int = None,\n        **connection_kwargs,\n",
        "source_code_len": 123,
        "target_code": "        connection_class: Type[Connection] = Connection,\n        max_connections: Optional[int] = None,\n        **connection_kwargs,\n",
        "target_code_len": 133,
        "diff_format": "@@ -1249,3 +1249,3 @@\n         connection_class: Type[Connection] = Connection,\n-        max_connections: int = None,\n+        max_connections: Optional[int] = None,\n         **connection_kwargs,\n",
        "source_code_with_indent": "        connection_class: Type[Connection] = Connection,\n        max_connections: int = None,\n        **connection_kwargs,\n",
        "source_code_with_indent_exact_match": true,
        "target_code_with_indent": "        connection_class: Type[Connection] = Connection,\n        max_connections: Optional[int] = None,\n        **connection_kwargs,\n",
        "target_code_with_indent_exact_match": true
      }
    ]
  },
  {
    "project": "aio-libs/aioredis-py",
    "commit": "eb8c2036812a1d88b442380d36d8230ea6d487a4",
    "filename": "aioredis/lock.py",
    "filename_after_commit": "/home/chowyi/TypeAnnotation_Study/GitHub/aio-libs-aioredis-py/aioredis/lock.py",
    "file_hunks_size": 3,
    "min_patch_found": false,
    "single_hunk": false,
    "fit_TFix": false,
    "delete_only_patch": false,
    "has_suppression_all_hunks": false,
    "full_warning_msg": "aioredis/lock.py:82:8 Incompatible variable type [9]: timeout is declared to have type `float` but is used as type `None`.",
    "message": " timeout is declared to have type `float` but is used as type `None`.",
    "rule_id": "Incompatible variable type [9]",
    "warning_line_no": 82,
    "warning_line": "        timeout: float = None,"
  },
  {
    "project": "aio-libs/aioredis-py",
    "commit": "eb8c2036812a1d88b442380d36d8230ea6d487a4",
    "filename": "aioredis/lock.py",
    "filename_after_commit": "/home/chowyi/TypeAnnotation_Study/GitHub/aio-libs-aioredis-py/aioredis/lock.py",
    "file_hunks_size": 3,
    "min_patch_found": false,
    "single_hunk": false,
    "fit_TFix": false,
    "delete_only_patch": false,
    "has_suppression_all_hunks": false,
    "full_warning_msg": "aioredis/lock.py:85:8 Incompatible variable type [9]: blocking_timeout is declared to have type `float` but is used as type `None`.",
    "message": " blocking_timeout is declared to have type `float` but is used as type `None`.",
    "rule_id": "Incompatible variable type [9]",
    "warning_line_no": 85,
    "warning_line": "        blocking_timeout: float = None,"
  },
  {
    "project": "aio-libs/aioredis-py",
    "commit": "eb8c2036812a1d88b442380d36d8230ea6d487a4",
    "filename": "aioredis/lock.py",
    "filename_after_commit": "/home/chowyi/TypeAnnotation_Study/GitHub/aio-libs-aioredis-py/aioredis/lock.py",
    "file_hunks_size": 3,
    "min_patch_found": false,
    "single_hunk": false,
    "fit_TFix": false,
    "delete_only_patch": false,
    "has_suppression_all_hunks": false,
    "full_warning_msg": "aioredis/lock.py:169:8 Incompatible variable type [9]: blocking is declared to have type `bool` but is used as type `None`.",
    "message": " blocking is declared to have type `bool` but is used as type `None`.",
    "rule_id": "Incompatible variable type [9]",
    "warning_line_no": 169,
    "warning_line": "        blocking: bool = None,"
  },
  {
    "project": "aio-libs/aioredis-py",
    "commit": "eb8c2036812a1d88b442380d36d8230ea6d487a4",
    "filename": "aioredis/lock.py",
    "filename_after_commit": "/home/chowyi/TypeAnnotation_Study/GitHub/aio-libs-aioredis-py/aioredis/lock.py",
    "file_hunks_size": 3,
    "min_patch_found": false,
    "single_hunk": false,
    "fit_TFix": false,
    "delete_only_patch": false,
    "has_suppression_all_hunks": false,
    "full_warning_msg": "aioredis/lock.py:170:8 Incompatible variable type [9]: blocking_timeout is declared to have type `float` but is used as type `None`.",
    "message": " blocking_timeout is declared to have type `float` but is used as type `None`.",
    "rule_id": "Incompatible variable type [9]",
    "warning_line_no": 170,
    "warning_line": "        blocking_timeout: float = None,"
  },
  {
    "project": "aio-libs/aioredis-py",
    "commit": "eb8c2036812a1d88b442380d36d8230ea6d487a4",
    "filename": "aioredis/lock.py",
    "filename_after_commit": "/home/chowyi/TypeAnnotation_Study/GitHub/aio-libs-aioredis-py/aioredis/lock.py",
    "file_hunks_size": 3,
    "min_patch_found": false,
    "single_hunk": false,
    "fit_TFix": false,
    "delete_only_patch": false,
    "has_suppression_all_hunks": false,
    "full_warning_msg": "aioredis/lock.py:171:8 Incompatible variable type [9]: token is declared to have type `Union[bytes, str]` but is used as type `None`.",
    "message": " token is declared to have type `Union[bytes, str]` but is used as type `None`.",
    "rule_id": "Incompatible variable type [9]",
    "warning_line_no": 171,
    "warning_line": "        token: Union[str, bytes] = None,"
  },
  {
    "project": "aio-libs/aioredis-py",
    "commit": "eb8c2036812a1d88b442380d36d8230ea6d487a4",
    "filename": "aioredis/lock.py",
    "filename_after_commit": "/home/chowyi/TypeAnnotation_Study/GitHub/aio-libs-aioredis-py/aioredis/lock.py",
    "file_hunks_size": 3,
    "min_patch_found": false,
    "single_hunk": false,
    "fit_TFix": false,
    "delete_only_patch": false,
    "has_suppression_all_hunks": false,
    "full_warning_msg": "aioredis/lock.py:219:59 Incompatible parameter type [6]: Expected `Union[datetime.timedelta, int]` for 4th parameter `px` to call `aioredis.client.Redis.set` but got `typing.Optional[int]`.",
    "message": " Expected `Union[datetime.timedelta, int]` for 4th parameter `px` to call `aioredis.client.Redis.set` but got `typing.Optional[int]`.",
    "rule_id": "Incompatible parameter type [6]",
    "warning_line_no": 219,
    "warning_line": "        if await self.redis.set(self.name, token, nx=True, px=timeout):"
  }
]