[
  {
    "project": "awslabs/gluon-ts",
    "commit": "2a6525398488430683c8e89ed77eca6ee60c5183",
    "filename": "src/gluonts/env.py",
    "filename_after_commit": "/home/chowyi/TypeAnnotation_Study/GitHub/awslabs-gluon-ts/src/gluonts/env.py",
    "file_hunks_size": 2,
    "min_patch_found": true,
    "single_hunk": true,
    "fit_TFix": false,
    "delete_only_patch": false,
    "has_suppression_all_hunks": true,
    "full_warning_msg": "src/gluonts/env.py:24:4 Incompatible attribute type [8]: Attribute `max_idle_transforms` declared in class `Environment` has type `int` but is used as type `str`.",
    "message": " Attribute `max_idle_transforms` declared in class `Environment` has type `int` but is used as type `str`.",
    "rule_id": "Incompatible attribute type [8]",
    "warning_line_no": 24,
    "warning_line": "    max_idle_transforms: int = os.environ.get(",
    "min_patch": [
      {
        "hunk_fit_TFix": true,
        "inside_window": true,
        "delete_only": false,
        "has_suppression": true,
        "source_code": "    # something.\n    max_idle_transforms: int = os.environ.get(\n        \"GLUONTS_MAX_IDLE_TRANSFORMS\", \"100\"\n",
        "source_code_len": 109,
        "target_code": "    # something.\n    max_idle_transforms: int = os.environ.get(  # type: ignore\n        \"GLUONTS_MAX_IDLE_TRANSFORMS\", \"100\"\n",
        "target_code_len": 125,
        "diff_format": "@@ -23,3 +24,3 @@\n     # something.\n-    max_idle_transforms: int = os.environ.get(\n+    max_idle_transforms: int = os.environ.get(  # type: ignore\n         \"GLUONTS_MAX_IDLE_TRANSFORMS\", \"100\"\n",
        "source_code_with_indent": "    # something.\n    <IND>max_idle_transforms: int = os.environ.get(\n        \"GLUONTS_MAX_IDLE_TRANSFORMS\", \"100\"\n",
        "source_code_with_indent_exact_match": true,
        "target_code_with_indent": "    # something.\n    <IND>max_idle_transforms: int = os.environ.get(  # type: ignore\n        \"GLUONTS_MAX_IDLE_TRANSFORMS\", \"100\"\n",
        "target_code_with_indent_exact_match": true
      }
    ]
  }
]