[
  {
    "project": "Ambro17/slackify",
    "commit": "028cbd91d29e114d025e3444388bbc340aef47fa",
    "filename": "src/slackify/dispatcher.py",
    "filename_after_commit": "/home/chowyi/TypeAnnotation_Study/GitHub/Ambro17-slackify/src/slackify/dispatcher.py",
    "file_hunks_size": 1,
    "min_patch_found": true,
    "single_hunk": true,
    "fit_TFix": false,
    "delete_only_patch": false,
    "has_suppression_all_hunks": false,
    "full_warning_msg": "src/slackify/dispatcher.py:45:12 Incompatible return type [7]: Expected `Dict[str, typing.Any]` but got `None`.",
    "message": " Expected `Dict[str, typing.Any]` but got `None`.",
    "rule_id": "Incompatible return type [7]",
    "warning_line_no": 45,
    "warning_line": "            return None",
    "min_patch": [
      {
        "hunk_fit_TFix": false,
        "inside_window": true,
        "delete_only": false,
        "has_suppression": false,
        "source_code": "\n    def get_payload(self, request: flask.Request) -> Dict[str, Any]:\n        \"\"\"Extract payload from request.form as dict\"\"\"\n",
        "source_code_len": 126,
        "target_code": "\n    def get_payload(self, request: flask.Request) -> Optional[Dict[str, Any]]:\n        \"\"\"Extract payload from request.form as dict\"\"\"\n",
        "target_code_len": 136,
        "diff_format": "@@ -41,3 +41,3 @@\n \n-    def get_payload(self, request: flask.Request) -> Dict[str, Any]:\n+    def get_payload(self, request: flask.Request) -> Optional[Dict[str, Any]]:\n         \"\"\"Extract payload from request.form as dict\"\"\"\n",
        "source_code_with_indent": "\n    <DED>def get_payload(self, request: flask.Request) -> Dict[str, Any]:\n        <IND>\"\"\"Extract payload from request.form as dict\"\"\"\n",
        "source_code_with_indent_exact_match": true,
        "target_code_with_indent": "\n    <DED>def get_payload(self, request: flask.Request) -> Optional[Dict[str, Any]]:\n        <IND>\"\"\"Extract payload from request.form as dict\"\"\"\n",
        "target_code_with_indent_exact_match": true
      }
    ]
  }
]