[
  {
    "project": "awslabs/gluon-ts",
    "commit": "44baab2348df6b897b25159470a3f4f401e725e0",
    "filename": "src/gluonts/model/deep_factor/_network.py",
    "filename_after_commit": "/home/chowyi/TypeAnnotation_Study/GitHub/awslabs-gluon-ts/src/gluonts/model/deep_factor/_network.py",
    "file_hunks_size": 3,
    "min_patch_found": true,
    "single_hunk": false,
    "fit_TFix": false,
    "delete_only_patch": false,
    "has_suppression_all_hunks": false,
    "full_warning_msg": "src/gluonts/model/deep_factor/_network.py:72:10 Invalid type [31]: Expression `(gluonts.mx.Tensor, gluonts.mx.Tensor)` is not a valid type.",
    "message": " Expression `(gluonts.mx.Tensor, gluonts.mx.Tensor)` is not a valid type.",
    "rule_id": "Invalid type [31]",
    "warning_line_no": 72,
    "warning_line": "    ) -> (Tensor, Tensor):  # both of size (batch_size, history_length, 1)",
    "min_patch": [
      {
        "hunk_fit_TFix": false,
        "inside_window": true,
        "delete_only": false,
        "has_suppression": false,
        "source_code": "# permissions and limitations under the License.\n\n",
        "source_code_len": 50,
        "target_code": "# permissions and limitations under the License.\n\nfrom typing import Tuple\n\n",
        "target_code_len": 76,
        "diff_format": "@@ -12,2 +12,4 @@\n # permissions and limitations under the License.\n+\n+from typing import Tuple\n \n",
        "source_code_with_indent": "# permissions and limitations under the License.\n\n",
        "source_code_with_indent_exact_match": true,
        "target_code_with_indent": "# permissions and limitations under the License.\n\nfrom typing import Tuple\n\n",
        "target_code_with_indent_exact_match": true
      },
      {
        "hunk_fit_TFix": true,
        "inside_window": true,
        "delete_only": false,
        "has_suppression": false,
        "source_code": "        time_feat: Tensor,  # (batch_size, history_length, num_features)\n    ) -> (Tensor, Tensor):  # both of size (batch_size, history_length, 1)\n\n",
        "source_code_len": 149,
        "target_code": "        time_feat: Tensor,  # (batch_size, history_length, num_features)\n    ) -> Tuple[Tensor, Tensor]:  # both of size (batch_size, history_length, 1)\n\n",
        "target_code_len": 154,
        "diff_format": "@@ -71,3 +73,3 @@\n         time_feat: Tensor,  # (batch_size, history_length, num_features)\n-    ) -> (Tensor, Tensor):  # both of size (batch_size, history_length, 1)\n+    ) -> Tuple[Tensor, Tensor]:  # both of size (batch_size, history_length, 1)\n \n",
        "source_code_with_indent": "        time_feat: Tensor,  # (batch_size, history_length, num_features)\n    ) -> (Tensor, Tensor):  # both of size (batch_size, history_length, 1)\n\n",
        "source_code_with_indent_exact_match": true,
        "target_code_with_indent": "        time_feat: Tensor,  # (batch_size, history_length, num_features)\n    ) -> Tuple[Tensor, Tensor]:  # both of size (batch_size, history_length, 1)\n\n",
        "target_code_with_indent_exact_match": true
      }
    ]
  },
  {
    "project": "awslabs/gluon-ts",
    "commit": "44baab2348df6b897b25159470a3f4f401e725e0",
    "filename": "src/gluonts/model/deep_factor/_network.py",
    "filename_after_commit": "/home/chowyi/TypeAnnotation_Study/GitHub/awslabs-gluon-ts/src/gluonts/model/deep_factor/_network.py",
    "file_hunks_size": 3,
    "min_patch_found": true,
    "single_hunk": true,
    "fit_TFix": false,
    "delete_only_patch": true,
    "has_suppression_all_hunks": false,
    "full_warning_msg": "src/gluonts/model/deep_factor/_network.py:102:4 Inconsistent override [14]: `src.gluonts.model.deep_factor._network.DeepFactorTrainingNetwork.hybrid_forward` overrides method defined in `DeepFactorNetworkBase` inconsistently. Could not find parameter `x` in overriding signature.",
    "message": " `src.gluonts.model.deep_factor._network.DeepFactorTrainingNetwork.hybrid_forward` overrides method defined in `DeepFactorNetworkBase` inconsistently. Could not find parameter `x` in overriding signature.",
    "rule_id": "Inconsistent override [14]",
    "warning_line_no": 102,
    "warning_line": "    def hybrid_forward(",
    "min_patch": [
      {
        "hunk_fit_TFix": false,
        "inside_window": false,
        "delete_only": true,
        "has_suppression": false,
        "source_code": "        return F.exp(fixed_effect), random_effect\n\n    def hybrid_forward(self, F, x, *args, **kwargs):\n        raise NotImplementedError\n\n",
        "source_code_len": 139,
        "target_code": "        return F.exp(fixed_effect), random_effect\n\n",
        "target_code_len": 51,
        "diff_format": "@@ -88,5 +90,2 @@\n         return F.exp(fixed_effect), random_effect\n-\n-    def hybrid_forward(self, F, x, *args, **kwargs):\n-        raise NotImplementedError\n \n",
        "source_code_with_indent": "        return F.exp(fixed_effect), random_effect\n\n    <DED>def hybrid_forward(self, F, x, *args, **kwargs):\n        <IND>raise NotImplementedError\n\n",
        "source_code_with_indent_exact_match": true,
        "target_code_with_indent": "        return F.exp(fixed_effect), random_effect\n\n",
        "target_code_with_indent_exact_match": true
      }
    ]
  },
  {
    "project": "awslabs/gluon-ts",
    "commit": "44baab2348df6b897b25159470a3f4f401e725e0",
    "filename": "src/gluonts/model/deep_factor/_network.py",
    "filename_after_commit": "/home/chowyi/TypeAnnotation_Study/GitHub/awslabs-gluon-ts/src/gluonts/model/deep_factor/_network.py",
    "file_hunks_size": 3,
    "min_patch_found": true,
    "single_hunk": true,
    "fit_TFix": false,
    "delete_only_patch": true,
    "has_suppression_all_hunks": false,
    "full_warning_msg": "src/gluonts/model/deep_factor/_network.py:102:4 Inconsistent override [14]: `src.gluonts.model.deep_factor._network.DeepFactorTrainingNetwork.hybrid_forward` overrides method defined in `DeepFactorNetworkBase` inconsistently. Could not find parameter `Variable(unknown)` in overriding signature.",
    "message": " `src.gluonts.model.deep_factor._network.DeepFactorTrainingNetwork.hybrid_forward` overrides method defined in `DeepFactorNetworkBase` inconsistently. Could not find parameter `Variable(unknown)` in overriding signature.",
    "rule_id": "Inconsistent override [14]",
    "warning_line_no": 102,
    "warning_line": "    def hybrid_forward(",
    "min_patch": [
      {
        "hunk_fit_TFix": false,
        "inside_window": false,
        "delete_only": true,
        "has_suppression": false,
        "source_code": "        return F.exp(fixed_effect), random_effect\n\n    def hybrid_forward(self, F, x, *args, **kwargs):\n        raise NotImplementedError\n\n",
        "source_code_len": 139,
        "target_code": "        return F.exp(fixed_effect), random_effect\n\n",
        "target_code_len": 51,
        "diff_format": "@@ -88,5 +90,2 @@\n         return F.exp(fixed_effect), random_effect\n-\n-    def hybrid_forward(self, F, x, *args, **kwargs):\n-        raise NotImplementedError\n \n",
        "source_code_with_indent": "        return F.exp(fixed_effect), random_effect\n\n    <DED>def hybrid_forward(self, F, x, *args, **kwargs):\n        <IND>raise NotImplementedError\n\n",
        "source_code_with_indent_exact_match": true,
        "target_code_with_indent": "        return F.exp(fixed_effect), random_effect\n\n",
        "target_code_with_indent_exact_match": true
      }
    ]
  },
  {
    "project": "awslabs/gluon-ts",
    "commit": "44baab2348df6b897b25159470a3f4f401e725e0",
    "filename": "src/gluonts/model/deep_factor/_network.py",
    "filename_after_commit": "/home/chowyi/TypeAnnotation_Study/GitHub/awslabs-gluon-ts/src/gluonts/model/deep_factor/_network.py",
    "file_hunks_size": 3,
    "min_patch_found": true,
    "single_hunk": true,
    "fit_TFix": false,
    "delete_only_patch": true,
    "has_suppression_all_hunks": false,
    "full_warning_msg": "src/gluonts/model/deep_factor/_network.py:102:4 Inconsistent override [14]: `src.gluonts.model.deep_factor._network.DeepFactorTrainingNetwork.hybrid_forward` overrides method defined in `DeepFactorNetworkBase` inconsistently. Could not find parameter `Keywords(unknown)` in overriding signature.",
    "message": " `src.gluonts.model.deep_factor._network.DeepFactorTrainingNetwork.hybrid_forward` overrides method defined in `DeepFactorNetworkBase` inconsistently. Could not find parameter `Keywords(unknown)` in overriding signature.",
    "rule_id": "Inconsistent override [14]",
    "warning_line_no": 102,
    "warning_line": "    def hybrid_forward(",
    "min_patch": [
      {
        "hunk_fit_TFix": false,
        "inside_window": false,
        "delete_only": true,
        "has_suppression": false,
        "source_code": "        return F.exp(fixed_effect), random_effect\n\n    def hybrid_forward(self, F, x, *args, **kwargs):\n        raise NotImplementedError\n\n",
        "source_code_len": 139,
        "target_code": "        return F.exp(fixed_effect), random_effect\n\n",
        "target_code_len": 51,
        "diff_format": "@@ -88,5 +90,2 @@\n         return F.exp(fixed_effect), random_effect\n-\n-    def hybrid_forward(self, F, x, *args, **kwargs):\n-        raise NotImplementedError\n \n",
        "source_code_with_indent": "        return F.exp(fixed_effect), random_effect\n\n    <DED>def hybrid_forward(self, F, x, *args, **kwargs):\n        <IND>raise NotImplementedError\n\n",
        "source_code_with_indent_exact_match": true,
        "target_code_with_indent": "        return F.exp(fixed_effect), random_effect\n\n",
        "target_code_with_indent_exact_match": true
      }
    ]
  },
  {
    "project": "awslabs/gluon-ts",
    "commit": "44baab2348df6b897b25159470a3f4f401e725e0",
    "filename": "src/gluonts/model/deep_factor/_network.py",
    "filename_after_commit": "/home/chowyi/TypeAnnotation_Study/GitHub/awslabs-gluon-ts/src/gluonts/model/deep_factor/_network.py",
    "file_hunks_size": 3,
    "min_patch_found": true,
    "single_hunk": true,
    "fit_TFix": false,
    "delete_only_patch": true,
    "has_suppression_all_hunks": false,
    "full_warning_msg": "src/gluonts/model/deep_factor/_network.py:147:4 Inconsistent override [14]: `src.gluonts.model.deep_factor._network.DeepFactorPredictionNetwork.hybrid_forward` overrides method defined in `DeepFactorNetworkBase` inconsistently. Could not find parameter `x` in overriding signature.",
    "message": " `src.gluonts.model.deep_factor._network.DeepFactorPredictionNetwork.hybrid_forward` overrides method defined in `DeepFactorNetworkBase` inconsistently. Could not find parameter `x` in overriding signature.",
    "rule_id": "Inconsistent override [14]",
    "warning_line_no": 147,
    "warning_line": "    def hybrid_forward(",
    "min_patch": [
      {
        "hunk_fit_TFix": false,
        "inside_window": true,
        "delete_only": true,
        "has_suppression": false,
        "source_code": "        return F.exp(fixed_effect), random_effect\n\n    def hybrid_forward(self, F, x, *args, **kwargs):\n        raise NotImplementedError\n\n",
        "source_code_len": 139,
        "target_code": "        return F.exp(fixed_effect), random_effect\n\n",
        "target_code_len": 51,
        "diff_format": "@@ -88,5 +90,2 @@\n         return F.exp(fixed_effect), random_effect\n-\n-    def hybrid_forward(self, F, x, *args, **kwargs):\n-        raise NotImplementedError\n \n",
        "source_code_with_indent": "        return F.exp(fixed_effect), random_effect\n\n    <DED>def hybrid_forward(self, F, x, *args, **kwargs):\n        <IND>raise NotImplementedError\n\n",
        "source_code_with_indent_exact_match": true,
        "target_code_with_indent": "        return F.exp(fixed_effect), random_effect\n\n",
        "target_code_with_indent_exact_match": true
      }
    ]
  },
  {
    "project": "awslabs/gluon-ts",
    "commit": "44baab2348df6b897b25159470a3f4f401e725e0",
    "filename": "src/gluonts/model/deep_factor/_network.py",
    "filename_after_commit": "/home/chowyi/TypeAnnotation_Study/GitHub/awslabs-gluon-ts/src/gluonts/model/deep_factor/_network.py",
    "file_hunks_size": 3,
    "min_patch_found": true,
    "single_hunk": true,
    "fit_TFix": false,
    "delete_only_patch": true,
    "has_suppression_all_hunks": false,
    "full_warning_msg": "src/gluonts/model/deep_factor/_network.py:147:4 Inconsistent override [14]: `src.gluonts.model.deep_factor._network.DeepFactorPredictionNetwork.hybrid_forward` overrides method defined in `DeepFactorNetworkBase` inconsistently. Could not find parameter `Variable(unknown)` in overriding signature.",
    "message": " `src.gluonts.model.deep_factor._network.DeepFactorPredictionNetwork.hybrid_forward` overrides method defined in `DeepFactorNetworkBase` inconsistently. Could not find parameter `Variable(unknown)` in overriding signature.",
    "rule_id": "Inconsistent override [14]",
    "warning_line_no": 147,
    "warning_line": "    def hybrid_forward(",
    "min_patch": [
      {
        "hunk_fit_TFix": false,
        "inside_window": true,
        "delete_only": true,
        "has_suppression": false,
        "source_code": "        return F.exp(fixed_effect), random_effect\n\n    def hybrid_forward(self, F, x, *args, **kwargs):\n        raise NotImplementedError\n\n",
        "source_code_len": 139,
        "target_code": "        return F.exp(fixed_effect), random_effect\n\n",
        "target_code_len": 51,
        "diff_format": "@@ -88,5 +90,2 @@\n         return F.exp(fixed_effect), random_effect\n-\n-    def hybrid_forward(self, F, x, *args, **kwargs):\n-        raise NotImplementedError\n \n",
        "source_code_with_indent": "        return F.exp(fixed_effect), random_effect\n\n    <DED>def hybrid_forward(self, F, x, *args, **kwargs):\n        <IND>raise NotImplementedError\n\n",
        "source_code_with_indent_exact_match": true,
        "target_code_with_indent": "        return F.exp(fixed_effect), random_effect\n\n",
        "target_code_with_indent_exact_match": true
      }
    ]
  },
  {
    "project": "awslabs/gluon-ts",
    "commit": "44baab2348df6b897b25159470a3f4f401e725e0",
    "filename": "src/gluonts/model/deep_factor/_network.py",
    "filename_after_commit": "/home/chowyi/TypeAnnotation_Study/GitHub/awslabs-gluon-ts/src/gluonts/model/deep_factor/_network.py",
    "file_hunks_size": 3,
    "min_patch_found": true,
    "single_hunk": true,
    "fit_TFix": false,
    "delete_only_patch": true,
    "has_suppression_all_hunks": false,
    "full_warning_msg": "src/gluonts/model/deep_factor/_network.py:147:4 Inconsistent override [14]: `src.gluonts.model.deep_factor._network.DeepFactorPredictionNetwork.hybrid_forward` overrides method defined in `DeepFactorNetworkBase` inconsistently. Could not find parameter `Keywords(unknown)` in overriding signature.",
    "message": " `src.gluonts.model.deep_factor._network.DeepFactorPredictionNetwork.hybrid_forward` overrides method defined in `DeepFactorNetworkBase` inconsistently. Could not find parameter `Keywords(unknown)` in overriding signature.",
    "rule_id": "Inconsistent override [14]",
    "warning_line_no": 147,
    "warning_line": "    def hybrid_forward(",
    "min_patch": [
      {
        "hunk_fit_TFix": false,
        "inside_window": true,
        "delete_only": true,
        "has_suppression": false,
        "source_code": "        return F.exp(fixed_effect), random_effect\n\n    def hybrid_forward(self, F, x, *args, **kwargs):\n        raise NotImplementedError\n\n",
        "source_code_len": 139,
        "target_code": "        return F.exp(fixed_effect), random_effect\n\n",
        "target_code_len": 51,
        "diff_format": "@@ -88,5 +90,2 @@\n         return F.exp(fixed_effect), random_effect\n-\n-    def hybrid_forward(self, F, x, *args, **kwargs):\n-        raise NotImplementedError\n \n",
        "source_code_with_indent": "        return F.exp(fixed_effect), random_effect\n\n    <DED>def hybrid_forward(self, F, x, *args, **kwargs):\n        <IND>raise NotImplementedError\n\n",
        "source_code_with_indent_exact_match": true,
        "target_code_with_indent": "        return F.exp(fixed_effect), random_effect\n\n",
        "target_code_with_indent_exact_match": true
      }
    ]
  },
  {
    "project": "awslabs/gluon-ts",
    "commit": "44baab2348df6b897b25159470a3f4f401e725e0",
    "filename": "src/gluonts/model/transformer/_network.py",
    "filename_after_commit": "/home/chowyi/TypeAnnotation_Study/GitHub/awslabs-gluon-ts/src/gluonts/model/transformer/_network.py",
    "file_hunks_size": 1,
    "min_patch_found": true,
    "single_hunk": true,
    "fit_TFix": false,
    "delete_only_patch": true,
    "has_suppression_all_hunks": false,
    "full_warning_msg": "src/gluonts/model/transformer/_network.py:240:4 Inconsistent override [14]: `src.gluonts.model.transformer._network.TransformerTrainingNetwork.hybrid_forward` overrides method defined in `TransformerNetwork` inconsistently. Could not find parameter `x` in overriding signature.",
    "message": " `src.gluonts.model.transformer._network.TransformerTrainingNetwork.hybrid_forward` overrides method defined in `TransformerNetwork` inconsistently. Could not find parameter `x` in overriding signature.",
    "rule_id": "Inconsistent override [14]",
    "warning_line_no": 240,
    "warning_line": "    def hybrid_forward(",
    "min_patch": [
      {
        "hunk_fit_TFix": false,
        "inside_window": false,
        "delete_only": true,
        "has_suppression": false,
        "source_code": "\n    def hybrid_forward(self, F, x, *args, **kwargs):\n        raise NotImplementedError\n\n\n",
        "source_code_len": 90,
        "target_code": "\n\n",
        "target_code_len": 2,
        "diff_format": "@@ -233,5 +233,2 @@\n \n-    def hybrid_forward(self, F, x, *args, **kwargs):\n-        raise NotImplementedError\n-\n \n",
        "source_code_with_indent": "\n    <DED>def hybrid_forward(self, F, x, *args, **kwargs):\n        <IND>raise NotImplementedError\n\n\n",
        "source_code_with_indent_exact_match": true,
        "target_code_with_indent": "\n\n",
        "target_code_with_indent_exact_match": true
      }
    ]
  },
  {
    "project": "awslabs/gluon-ts",
    "commit": "44baab2348df6b897b25159470a3f4f401e725e0",
    "filename": "src/gluonts/model/transformer/_network.py",
    "filename_after_commit": "/home/chowyi/TypeAnnotation_Study/GitHub/awslabs-gluon-ts/src/gluonts/model/transformer/_network.py",
    "file_hunks_size": 1,
    "min_patch_found": true,
    "single_hunk": true,
    "fit_TFix": false,
    "delete_only_patch": true,
    "has_suppression_all_hunks": false,
    "full_warning_msg": "src/gluonts/model/transformer/_network.py:240:4 Inconsistent override [14]: `src.gluonts.model.transformer._network.TransformerTrainingNetwork.hybrid_forward` overrides method defined in `TransformerNetwork` inconsistently. Could not find parameter `Variable(unknown)` in overriding signature.",
    "message": " `src.gluonts.model.transformer._network.TransformerTrainingNetwork.hybrid_forward` overrides method defined in `TransformerNetwork` inconsistently. Could not find parameter `Variable(unknown)` in overriding signature.",
    "rule_id": "Inconsistent override [14]",
    "warning_line_no": 240,
    "warning_line": "    def hybrid_forward(",
    "min_patch": [
      {
        "hunk_fit_TFix": false,
        "inside_window": false,
        "delete_only": true,
        "has_suppression": false,
        "source_code": "\n    def hybrid_forward(self, F, x, *args, **kwargs):\n        raise NotImplementedError\n\n\n",
        "source_code_len": 90,
        "target_code": "\n\n",
        "target_code_len": 2,
        "diff_format": "@@ -233,5 +233,2 @@\n \n-    def hybrid_forward(self, F, x, *args, **kwargs):\n-        raise NotImplementedError\n-\n \n",
        "source_code_with_indent": "\n    <DED>def hybrid_forward(self, F, x, *args, **kwargs):\n        <IND>raise NotImplementedError\n\n\n",
        "source_code_with_indent_exact_match": true,
        "target_code_with_indent": "\n\n",
        "target_code_with_indent_exact_match": true
      }
    ]
  },
  {
    "project": "awslabs/gluon-ts",
    "commit": "44baab2348df6b897b25159470a3f4f401e725e0",
    "filename": "src/gluonts/model/transformer/_network.py",
    "filename_after_commit": "/home/chowyi/TypeAnnotation_Study/GitHub/awslabs-gluon-ts/src/gluonts/model/transformer/_network.py",
    "file_hunks_size": 1,
    "min_patch_found": true,
    "single_hunk": true,
    "fit_TFix": false,
    "delete_only_patch": true,
    "has_suppression_all_hunks": false,
    "full_warning_msg": "src/gluonts/model/transformer/_network.py:240:4 Inconsistent override [14]: `src.gluonts.model.transformer._network.TransformerTrainingNetwork.hybrid_forward` overrides method defined in `TransformerNetwork` inconsistently. Could not find parameter `Keywords(unknown)` in overriding signature.",
    "message": " `src.gluonts.model.transformer._network.TransformerTrainingNetwork.hybrid_forward` overrides method defined in `TransformerNetwork` inconsistently. Could not find parameter `Keywords(unknown)` in overriding signature.",
    "rule_id": "Inconsistent override [14]",
    "warning_line_no": 240,
    "warning_line": "    def hybrid_forward(",
    "min_patch": [
      {
        "hunk_fit_TFix": false,
        "inside_window": false,
        "delete_only": true,
        "has_suppression": false,
        "source_code": "\n    def hybrid_forward(self, F, x, *args, **kwargs):\n        raise NotImplementedError\n\n\n",
        "source_code_len": 90,
        "target_code": "\n\n",
        "target_code_len": 2,
        "diff_format": "@@ -233,5 +233,2 @@\n \n-    def hybrid_forward(self, F, x, *args, **kwargs):\n-        raise NotImplementedError\n-\n \n",
        "source_code_with_indent": "\n    <DED>def hybrid_forward(self, F, x, *args, **kwargs):\n        <IND>raise NotImplementedError\n\n\n",
        "source_code_with_indent_exact_match": true,
        "target_code_with_indent": "\n\n",
        "target_code_with_indent_exact_match": true
      }
    ]
  },
  {
    "project": "awslabs/gluon-ts",
    "commit": "44baab2348df6b897b25159470a3f4f401e725e0",
    "filename": "src/gluonts/model/transformer/_network.py",
    "filename_after_commit": "/home/chowyi/TypeAnnotation_Study/GitHub/awslabs-gluon-ts/src/gluonts/model/transformer/_network.py",
    "file_hunks_size": 1,
    "min_patch_found": true,
    "single_hunk": true,
    "fit_TFix": false,
    "delete_only_patch": true,
    "has_suppression_all_hunks": false,
    "full_warning_msg": "src/gluonts/model/transformer/_network.py:428:4 Inconsistent override [14]: `src.gluonts.model.transformer._network.TransformerPredictionNetwork.hybrid_forward` overrides method defined in `TransformerNetwork` inconsistently. Could not find parameter `x` in overriding signature.",
    "message": " `src.gluonts.model.transformer._network.TransformerPredictionNetwork.hybrid_forward` overrides method defined in `TransformerNetwork` inconsistently. Could not find parameter `x` in overriding signature.",
    "rule_id": "Inconsistent override [14]",
    "warning_line_no": 428,
    "warning_line": "    def hybrid_forward(",
    "min_patch": [
      {
        "hunk_fit_TFix": false,
        "inside_window": false,
        "delete_only": true,
        "has_suppression": false,
        "source_code": "\n    def hybrid_forward(self, F, x, *args, **kwargs):\n        raise NotImplementedError\n\n\n",
        "source_code_len": 90,
        "target_code": "\n\n",
        "target_code_len": 2,
        "diff_format": "@@ -233,5 +233,2 @@\n \n-    def hybrid_forward(self, F, x, *args, **kwargs):\n-        raise NotImplementedError\n-\n \n",
        "source_code_with_indent": "\n    <DED>def hybrid_forward(self, F, x, *args, **kwargs):\n        <IND>raise NotImplementedError\n\n\n",
        "source_code_with_indent_exact_match": true,
        "target_code_with_indent": "\n\n",
        "target_code_with_indent_exact_match": true
      }
    ]
  },
  {
    "project": "awslabs/gluon-ts",
    "commit": "44baab2348df6b897b25159470a3f4f401e725e0",
    "filename": "src/gluonts/model/transformer/_network.py",
    "filename_after_commit": "/home/chowyi/TypeAnnotation_Study/GitHub/awslabs-gluon-ts/src/gluonts/model/transformer/_network.py",
    "file_hunks_size": 1,
    "min_patch_found": true,
    "single_hunk": true,
    "fit_TFix": false,
    "delete_only_patch": true,
    "has_suppression_all_hunks": false,
    "full_warning_msg": "src/gluonts/model/transformer/_network.py:428:4 Inconsistent override [14]: `src.gluonts.model.transformer._network.TransformerPredictionNetwork.hybrid_forward` overrides method defined in `TransformerNetwork` inconsistently. Could not find parameter `Variable(unknown)` in overriding signature.",
    "message": " `src.gluonts.model.transformer._network.TransformerPredictionNetwork.hybrid_forward` overrides method defined in `TransformerNetwork` inconsistently. Could not find parameter `Variable(unknown)` in overriding signature.",
    "rule_id": "Inconsistent override [14]",
    "warning_line_no": 428,
    "warning_line": "    def hybrid_forward(",
    "min_patch": [
      {
        "hunk_fit_TFix": false,
        "inside_window": false,
        "delete_only": true,
        "has_suppression": false,
        "source_code": "\n    def hybrid_forward(self, F, x, *args, **kwargs):\n        raise NotImplementedError\n\n\n",
        "source_code_len": 90,
        "target_code": "\n\n",
        "target_code_len": 2,
        "diff_format": "@@ -233,5 +233,2 @@\n \n-    def hybrid_forward(self, F, x, *args, **kwargs):\n-        raise NotImplementedError\n-\n \n",
        "source_code_with_indent": "\n    <DED>def hybrid_forward(self, F, x, *args, **kwargs):\n        <IND>raise NotImplementedError\n\n\n",
        "source_code_with_indent_exact_match": true,
        "target_code_with_indent": "\n\n",
        "target_code_with_indent_exact_match": true
      }
    ]
  },
  {
    "project": "awslabs/gluon-ts",
    "commit": "44baab2348df6b897b25159470a3f4f401e725e0",
    "filename": "src/gluonts/model/transformer/_network.py",
    "filename_after_commit": "/home/chowyi/TypeAnnotation_Study/GitHub/awslabs-gluon-ts/src/gluonts/model/transformer/_network.py",
    "file_hunks_size": 1,
    "min_patch_found": true,
    "single_hunk": true,
    "fit_TFix": false,
    "delete_only_patch": true,
    "has_suppression_all_hunks": false,
    "full_warning_msg": "src/gluonts/model/transformer/_network.py:428:4 Inconsistent override [14]: `src.gluonts.model.transformer._network.TransformerPredictionNetwork.hybrid_forward` overrides method defined in `TransformerNetwork` inconsistently. Could not find parameter `Keywords(unknown)` in overriding signature.",
    "message": " `src.gluonts.model.transformer._network.TransformerPredictionNetwork.hybrid_forward` overrides method defined in `TransformerNetwork` inconsistently. Could not find parameter `Keywords(unknown)` in overriding signature.",
    "rule_id": "Inconsistent override [14]",
    "warning_line_no": 428,
    "warning_line": "    def hybrid_forward(",
    "min_patch": [
      {
        "hunk_fit_TFix": false,
        "inside_window": false,
        "delete_only": true,
        "has_suppression": false,
        "source_code": "\n    def hybrid_forward(self, F, x, *args, **kwargs):\n        raise NotImplementedError\n\n\n",
        "source_code_len": 90,
        "target_code": "\n\n",
        "target_code_len": 2,
        "diff_format": "@@ -233,5 +233,2 @@\n \n-    def hybrid_forward(self, F, x, *args, **kwargs):\n-        raise NotImplementedError\n-\n \n",
        "source_code_with_indent": "\n    <DED>def hybrid_forward(self, F, x, *args, **kwargs):\n        <IND>raise NotImplementedError\n\n\n",
        "source_code_with_indent_exact_match": true,
        "target_code_with_indent": "\n\n",
        "target_code_with_indent_exact_match": true
      }
    ]
  },
  {
    "project": "awslabs/gluon-ts",
    "commit": "44baab2348df6b897b25159470a3f4f401e725e0",
    "filename": "src/gluonts/model/transformer/layers.py",
    "filename_after_commit": "/home/chowyi/TypeAnnotation_Study/GitHub/awslabs-gluon-ts/src/gluonts/model/transformer/layers.py",
    "file_hunks_size": 2,
    "min_patch_found": true,
    "single_hunk": true,
    "fit_TFix": false,
    "delete_only_patch": true,
    "has_suppression_all_hunks": false,
    "full_warning_msg": "src/gluonts/model/transformer/layers.py:308:4 Inconsistent override [14]: `src.gluonts.model.transformer.layers.MultiHeadSelfAttention.hybrid_forward` overrides method defined in `MultiHeadAttentionBase` inconsistently. Could not find parameter `Variable(unknown)` in overriding signature.",
    "message": " `src.gluonts.model.transformer.layers.MultiHeadSelfAttention.hybrid_forward` overrides method defined in `MultiHeadAttentionBase` inconsistently. Could not find parameter `Variable(unknown)` in overriding signature.",
    "rule_id": "Inconsistent override [14]",
    "warning_line_no": 308,
    "warning_line": "    def hybrid_forward(",
    "min_patch": [
      {
        "hunk_fit_TFix": false,
        "inside_window": false,
        "delete_only": true,
        "has_suppression": false,
        "source_code": "\n    def hybrid_forward(self, F, *args, **kwargs):\n        raise NotImplementedError\n\n\n",
        "source_code_len": 87,
        "target_code": "\n\n",
        "target_code_len": 2,
        "diff_format": "@@ -270,5 +270,2 @@\n \n-    def hybrid_forward(self, F, *args, **kwargs):\n-        raise NotImplementedError\n-\n \n",
        "source_code_with_indent": "\n    <DED>def hybrid_forward(self, F, *args, **kwargs):\n        <IND>raise NotImplementedError\n\n\n",
        "source_code_with_indent_exact_match": true,
        "target_code_with_indent": "\n\n",
        "target_code_with_indent_exact_match": true
      }
    ]
  },
  {
    "project": "awslabs/gluon-ts",
    "commit": "44baab2348df6b897b25159470a3f4f401e725e0",
    "filename": "src/gluonts/model/transformer/layers.py",
    "filename_after_commit": "/home/chowyi/TypeAnnotation_Study/GitHub/awslabs-gluon-ts/src/gluonts/model/transformer/layers.py",
    "file_hunks_size": 2,
    "min_patch_found": true,
    "single_hunk": true,
    "fit_TFix": false,
    "delete_only_patch": true,
    "has_suppression_all_hunks": false,
    "full_warning_msg": "src/gluonts/model/transformer/layers.py:308:4 Inconsistent override [14]: `src.gluonts.model.transformer.layers.MultiHeadSelfAttention.hybrid_forward` overrides method defined in `MultiHeadAttentionBase` inconsistently. Could not find parameter `Keywords(unknown)` in overriding signature.",
    "message": " `src.gluonts.model.transformer.layers.MultiHeadSelfAttention.hybrid_forward` overrides method defined in `MultiHeadAttentionBase` inconsistently. Could not find parameter `Keywords(unknown)` in overriding signature.",
    "rule_id": "Inconsistent override [14]",
    "warning_line_no": 308,
    "warning_line": "    def hybrid_forward(",
    "min_patch": [
      {
        "hunk_fit_TFix": false,
        "inside_window": false,
        "delete_only": true,
        "has_suppression": false,
        "source_code": "\n    def hybrid_forward(self, F, *args, **kwargs):\n        raise NotImplementedError\n\n\n",
        "source_code_len": 87,
        "target_code": "\n\n",
        "target_code_len": 2,
        "diff_format": "@@ -270,5 +270,2 @@\n \n-    def hybrid_forward(self, F, *args, **kwargs):\n-        raise NotImplementedError\n-\n \n",
        "source_code_with_indent": "\n    <DED>def hybrid_forward(self, F, *args, **kwargs):\n        <IND>raise NotImplementedError\n\n\n",
        "source_code_with_indent_exact_match": true,
        "target_code_with_indent": "\n\n",
        "target_code_with_indent_exact_match": true
      }
    ]
  },
  {
    "project": "awslabs/gluon-ts",
    "commit": "44baab2348df6b897b25159470a3f4f401e725e0",
    "filename": "src/gluonts/model/transformer/layers.py",
    "filename_after_commit": "/home/chowyi/TypeAnnotation_Study/GitHub/awslabs-gluon-ts/src/gluonts/model/transformer/layers.py",
    "file_hunks_size": 2,
    "min_patch_found": true,
    "single_hunk": true,
    "fit_TFix": false,
    "delete_only_patch": true,
    "has_suppression_all_hunks": false,
    "full_warning_msg": "src/gluonts/model/transformer/layers.py:399:4 Inconsistent override [14]: `src.gluonts.model.transformer.layers.MultiHeadAttention.hybrid_forward` overrides method defined in `MultiHeadAttentionBase` inconsistently. Could not find parameter `Variable(unknown)` in overriding signature.",
    "message": " `src.gluonts.model.transformer.layers.MultiHeadAttention.hybrid_forward` overrides method defined in `MultiHeadAttentionBase` inconsistently. Could not find parameter `Variable(unknown)` in overriding signature.",
    "rule_id": "Inconsistent override [14]",
    "warning_line_no": 399,
    "warning_line": "    def hybrid_forward(",
    "min_patch": [
      {
        "hunk_fit_TFix": false,
        "inside_window": false,
        "delete_only": true,
        "has_suppression": false,
        "source_code": "\n    def hybrid_forward(self, F, *args, **kwargs):\n        raise NotImplementedError\n\n\n",
        "source_code_len": 87,
        "target_code": "\n\n",
        "target_code_len": 2,
        "diff_format": "@@ -270,5 +270,2 @@\n \n-    def hybrid_forward(self, F, *args, **kwargs):\n-        raise NotImplementedError\n-\n \n",
        "source_code_with_indent": "\n    <DED>def hybrid_forward(self, F, *args, **kwargs):\n        <IND>raise NotImplementedError\n\n\n",
        "source_code_with_indent_exact_match": true,
        "target_code_with_indent": "\n\n",
        "target_code_with_indent_exact_match": true
      }
    ]
  },
  {
    "project": "awslabs/gluon-ts",
    "commit": "44baab2348df6b897b25159470a3f4f401e725e0",
    "filename": "src/gluonts/model/transformer/layers.py",
    "filename_after_commit": "/home/chowyi/TypeAnnotation_Study/GitHub/awslabs-gluon-ts/src/gluonts/model/transformer/layers.py",
    "file_hunks_size": 2,
    "min_patch_found": true,
    "single_hunk": true,
    "fit_TFix": false,
    "delete_only_patch": true,
    "has_suppression_all_hunks": false,
    "full_warning_msg": "src/gluonts/model/transformer/layers.py:399:4 Inconsistent override [14]: `src.gluonts.model.transformer.layers.MultiHeadAttention.hybrid_forward` overrides method defined in `MultiHeadAttentionBase` inconsistently. Could not find parameter `Keywords(unknown)` in overriding signature.",
    "message": " `src.gluonts.model.transformer.layers.MultiHeadAttention.hybrid_forward` overrides method defined in `MultiHeadAttentionBase` inconsistently. Could not find parameter `Keywords(unknown)` in overriding signature.",
    "rule_id": "Inconsistent override [14]",
    "warning_line_no": 399,
    "warning_line": "    def hybrid_forward(",
    "min_patch": [
      {
        "hunk_fit_TFix": false,
        "inside_window": false,
        "delete_only": true,
        "has_suppression": false,
        "source_code": "\n    def hybrid_forward(self, F, *args, **kwargs):\n        raise NotImplementedError\n\n\n",
        "source_code_len": 87,
        "target_code": "\n\n",
        "target_code_len": 2,
        "diff_format": "@@ -270,5 +270,2 @@\n \n-    def hybrid_forward(self, F, *args, **kwargs):\n-        raise NotImplementedError\n-\n \n",
        "source_code_with_indent": "\n    <DED>def hybrid_forward(self, F, *args, **kwargs):\n        <IND>raise NotImplementedError\n\n\n",
        "source_code_with_indent_exact_match": true,
        "target_code_with_indent": "\n\n",
        "target_code_with_indent_exact_match": true
      }
    ]
  },
  {
    "project": "awslabs/gluon-ts",
    "commit": "44baab2348df6b897b25159470a3f4f401e725e0",
    "filename": "src/gluonts/model/wavenet/_network.py",
    "filename_after_commit": "/home/chowyi/TypeAnnotation_Study/GitHub/awslabs-gluon-ts/src/gluonts/model/wavenet/_network.py",
    "file_hunks_size": 2,
    "min_patch_found": true,
    "single_hunk": true,
    "fit_TFix": false,
    "delete_only_patch": false,
    "has_suppression_all_hunks": false,
    "full_warning_msg": "src/gluonts/model/wavenet/_network.py:498:4 Inconsistent override [14]: `src.gluonts.model.wavenet._network.WaveNetSampler.hybrid_forward` overrides method defined in `WaveNet` inconsistently. Could not find parameter `future_observed_values` in overriding signature.",
    "message": " `src.gluonts.model.wavenet._network.WaveNetSampler.hybrid_forward` overrides method defined in `WaveNet` inconsistently. Could not find parameter `future_observed_values` in overriding signature.",
    "rule_id": "Inconsistent override [14]",
    "warning_line_no": 498,
    "warning_line": "    def hybrid_forward(",
    "min_patch": [
      {
        "hunk_fit_TFix": false,
        "inside_window": true,
        "delete_only": false,
        "has_suppression": false,
        "source_code": "\n    def hybrid_forward(\n",
        "source_code_len": 25,
        "target_code": "\n\nclass WaveNetTraining(WaveNet):\n    def hybrid_forward(\n",
        "target_code_len": 58,
        "diff_format": "@@ -350,2 +350,4 @@\n \n+\n+class WaveNetTraining(WaveNet):\n     def hybrid_forward(\n",
        "source_code_with_indent": "\n    <DED>def hybrid_forward(\n",
        "source_code_with_indent_exact_match": true,
        "target_code_with_indent": "\n\n<DED><DED>class WaveNetTraining(WaveNet):\n    <IND>def hybrid_forward(\n",
        "target_code_with_indent_exact_match": true
      }
    ]
  },
  {
    "project": "awslabs/gluon-ts",
    "commit": "44baab2348df6b897b25159470a3f4f401e725e0",
    "filename": "src/gluonts/model/wavenet/_network.py",
    "filename_after_commit": "/home/chowyi/TypeAnnotation_Study/GitHub/awslabs-gluon-ts/src/gluonts/model/wavenet/_network.py",
    "file_hunks_size": 2,
    "min_patch_found": true,
    "single_hunk": true,
    "fit_TFix": false,
    "delete_only_patch": false,
    "has_suppression_all_hunks": false,
    "full_warning_msg": "src/gluonts/model/wavenet/_network.py:498:4 Inconsistent override [14]: `src.gluonts.model.wavenet._network.WaveNetSampler.hybrid_forward` overrides method defined in `WaveNet` inconsistently. Could not find parameter `future_target` in overriding signature.",
    "message": " `src.gluonts.model.wavenet._network.WaveNetSampler.hybrid_forward` overrides method defined in `WaveNet` inconsistently. Could not find parameter `future_target` in overriding signature.",
    "rule_id": "Inconsistent override [14]",
    "warning_line_no": 498,
    "warning_line": "    def hybrid_forward(",
    "min_patch": [
      {
        "hunk_fit_TFix": false,
        "inside_window": true,
        "delete_only": false,
        "has_suppression": false,
        "source_code": "\n    def hybrid_forward(\n",
        "source_code_len": 25,
        "target_code": "\n\nclass WaveNetTraining(WaveNet):\n    def hybrid_forward(\n",
        "target_code_len": 58,
        "diff_format": "@@ -350,2 +350,4 @@\n \n+\n+class WaveNetTraining(WaveNet):\n     def hybrid_forward(\n",
        "source_code_with_indent": "\n    <DED>def hybrid_forward(\n",
        "source_code_with_indent_exact_match": true,
        "target_code_with_indent": "\n\n<DED><DED>class WaveNetTraining(WaveNet):\n    <IND>def hybrid_forward(\n",
        "target_code_with_indent_exact_match": true
      }
    ]
  }
]