[
  {
    "project": "andresriancho/w3af",
    "commit": "36277d6adef77c85ecea380110223cc957c96e94",
    "filename": "lib/core/xmldump.py",
    "min_patch_found": false,
    "full_warning_msg": "lib/core/xmldump.py:74:23 Unsupported operand [58]: `+` is not supported for operand types `range` and `range`.",
    "exception": "[Errno 2] No such file or directory: '/home/chowyi/TypeAnnotation_Study/GitHub/andresriancho-w3af/lib/core/xmldump.py'",
    "dd_fail": true
  },
  {
    "project": "andresriancho/w3af",
    "commit": "36277d6adef77c85ecea380110223cc957c96e94",
    "filename": "thirdparty/chardet/test.py",
    "min_patch_found": false,
    "full_warning_msg": "thirdparty/chardet/test.py:10:16 Unbound name [10]: Name `file` is used but not defined in the current scope.",
    "exception": "[Errno 2] No such file or directory: '/home/chowyi/TypeAnnotation_Study/GitHub/andresriancho-w3af/thirdparty/chardet/test.py'",
    "dd_fail": true
  }
]