[
  {
    "project": "aramis-lab/clinica",
    "commit": "3ccce34e330490d346e464235690972c22ac3a4f",
    "filename": "clinica/cmdline.py",
    "filename_after_commit": "/home/chowyi/TypeAnnotation_Study/GitHub/aramis-lab-clinica/clinica/cmdline.py",
    "file_hunks_size": 4,
    "min_patch_found": false,
    "single_hunk": false,
    "fit_TFix": false,
    "delete_only_patch": false,
    "has_suppression_all_hunks": false,
    "full_warning_msg": "clinica/cmdline.py:106:20 Incompatible parameter type [6]: Expected `Variable[_typeshed.SupportsLessThanT (bound to _typeshed.SupportsLessThan)]` for 1st positional only parameter to call `min` but got `Optional[int]`.",
    "message": " Expected `Variable[_typeshed.SupportsLessThanT (bound to _typeshed.SupportsLessThan)]` for 1st positional only parameter to call `min` but got `Optional[int]`.",
    "rule_id": "Incompatible parameter type [6]",
    "warning_line_no": 106,
    "warning_line": "    verbosity = min(verbosity, 2)"
  }
]