[
  {
    "project": "aiogram/aiogram",
    "commit": "65a165934569ff5971f6c94147ba725d4852126e",
    "filename": "aiogram/dispatcher/filters/builtin.py",
    "filename_after_commit": "/home/chowyi/TypeAnnotation_Study/GitHub/aiogram-aiogram/aiogram/dispatcher/filters/builtin.py",
    "file_hunks_size": 1,
    "min_patch_found": false,
    "single_hunk": false,
    "fit_TFix": false,
    "delete_only_patch": false,
    "has_suppression_all_hunks": false,
    "full_warning_msg": "aiogram/dispatcher/filters/builtin.py:97:23 Incompatible variable type [9]: deep_link is declared to have type `Optional[typing.Any]` but is used as type `None`.",
    "message": " deep_link is declared to have type `Optional[typing.Any]` but is used as type `None`.",
    "rule_id": "Incompatible variable type [9]",
    "warning_line_no": 97,
    "warning_line": "    def __init__(self, deep_link: typing.Optional[str, re.Pattern] = None):"
  }
]