[
  {
    "project": "allenai/deep_qa",
    "commit": "4be2872aad99db616dc5588702c2d6675c25ba7c",
    "filename": "src/main/python/deep_qa/data/instances/background_instance.py",
    "min_patch_found": false,
    "full_warning_msg": "src/main/python/deep_qa/data/instances/background_instance.py:108:34 Incompatible parameter type [6]: Expected `List[int]` for 1st positional only parameter to call `IndexedInstance.pad` but got `Dict[str, int]`.",
    "exception": "PatchSet should only have 1 Patch, but it has 0",
    "dd_fail": true
  },
  {
    "project": "allenai/deep_qa",
    "commit": "4be2872aad99db616dc5588702c2d6675c25ba7c",
    "filename": "src/main/python/deep_qa/data/instances/multiple_true_false_instance.py",
    "min_patch_found": false,
    "full_warning_msg": "src/main/python/deep_qa/data/instances/multiple_true_false_instance.py:92:25 Incompatible parameter type [6]: Expected `List[int]` for 1st positional only parameter to call `IndexedInstance.pad` but got `Dict[str, int]`.",
    "exception": "PatchSet should only have 1 Patch, but it has 0",
    "dd_fail": true
  },
  {
    "project": "allenai/deep_qa",
    "commit": "4be2872aad99db616dc5588702c2d6675c25ba7c",
    "filename": "src/main/python/deep_qa/data/instances/squad_instance.py",
    "filename_after_commit": "/home/chowyi/TypeAnnotation_Study/GitHub/allenai-deep_qa/src/main/python/deep_qa/data/instances/character_span_instance.py",
    "file_hunks_size": 6,
    "min_patch_found": false,
    "single_hunk": false,
    "fit_TFix": false,
    "delete_only_patch": false,
    "has_suppression_all_hunks": false,
    "full_warning_msg": "src/main/python/deep_qa/data/instances/squad_instance.py:25:17 Incompatible variable type [9]: index is declared to have type `int` but is used as type `None`.",
    "message": " index is declared to have type `int` but is used as type `None`.",
    "rule_id": "Incompatible variable type [9]",
    "warning_line_no": 25,
    "warning_line": "                 index: int=None,"
  },
  {
    "project": "allenai/deep_qa",
    "commit": "4be2872aad99db616dc5588702c2d6675c25ba7c",
    "filename": "src/main/python/deep_qa/data/instances/squad_instance.py",
    "filename_after_commit": "/home/chowyi/TypeAnnotation_Study/GitHub/allenai-deep_qa/src/main/python/deep_qa/data/instances/character_span_instance.py",
    "file_hunks_size": 6,
    "min_patch_found": false,
    "single_hunk": false,
    "fit_TFix": false,
    "delete_only_patch": false,
    "has_suppression_all_hunks": false,
    "full_warning_msg": "src/main/python/deep_qa/data/instances/squad_instance.py:27:63 Incompatible parameter type [6]: Expected `typing.List[int]` for 3rd positional only parameter to call `SentencePairInstance.__init__` but got `Tuple[int, int]`.",
    "message": " Expected `typing.List[int]` for 3rd positional only parameter to call `SentencePairInstance.__init__` but got `Tuple[int, int]`.",
    "rule_id": "Incompatible parameter type [6]",
    "warning_line_no": 27,
    "warning_line": "        super(SquadInstance, self).__init__(question, passage, label, index, tokenizer)"
  },
  {
    "project": "allenai/deep_qa",
    "commit": "4be2872aad99db616dc5588702c2d6675c25ba7c",
    "filename": "src/main/python/deep_qa/data/instances/squad_instance.py",
    "filename_after_commit": "/home/chowyi/TypeAnnotation_Study/GitHub/allenai-deep_qa/src/main/python/deep_qa/data/instances/character_span_instance.py",
    "file_hunks_size": 6,
    "min_patch_found": false,
    "single_hunk": false,
    "fit_TFix": false,
    "delete_only_patch": false,
    "has_suppression_all_hunks": false,
    "full_warning_msg": "src/main/python/deep_qa/data/instances/squad_instance.py:39:78 Incompatible parameter type [6]: Expected `typing.List[int]` for 3rd positional only parameter to call `IndexedSentencePairInstance.__init__` but got `typing.Optional[Tuple[int, int]]`.",
    "message": " Expected `typing.List[int]` for 3rd positional only parameter to call `IndexedSentencePairInstance.__init__` but got `typing.Optional[Tuple[int, int]]`.",
    "rule_id": "Incompatible parameter type [6]",
    "warning_line_no": 39,
    "warning_line": "        return IndexedSentencePairInstance(indexed_question, indexed_passage, new_label, self.index)"
  },
  {
    "project": "allenai/deep_qa",
    "commit": "4be2872aad99db616dc5588702c2d6675c25ba7c",
    "filename": "src/main/python/deep_qa/data/instances/squad_instance.py",
    "filename_after_commit": "/home/chowyi/TypeAnnotation_Study/GitHub/allenai-deep_qa/src/main/python/deep_qa/data/instances/character_span_instance.py",
    "file_hunks_size": 6,
    "min_patch_found": false,
    "single_hunk": false,
    "fit_TFix": false,
    "delete_only_patch": false,
    "has_suppression_all_hunks": false,
    "full_warning_msg": "src/main/python/deep_qa/data/instances/squad_instance.py:44:23 Incompatible variable type [9]: default_label is declared to have type `bool` but is used as type `None`.",
    "message": " default_label is declared to have type `bool` but is used as type `None`.",
    "rule_id": "Incompatible variable type [9]",
    "warning_line_no": 44,
    "warning_line": "                       default_label: bool=None,"
  },
  {
    "project": "allenai/deep_qa",
    "commit": "4be2872aad99db616dc5588702c2d6675c25ba7c",
    "filename": "src/main/python/deep_qa/data/instances/squad_instance.py",
    "filename_after_commit": "/home/chowyi/TypeAnnotation_Study/GitHub/allenai-deep_qa/src/main/python/deep_qa/data/instances/character_span_instance.py",
    "file_hunks_size": 6,
    "min_patch_found": false,
    "single_hunk": false,
    "fit_TFix": false,
    "delete_only_patch": false,
    "has_suppression_all_hunks": false,
    "full_warning_msg": "src/main/python/deep_qa/data/instances/squad_instance.py:69:62 Incompatible parameter type [6]: Expected `int` for 4th positional only parameter to call `SquadInstance.__init__` but got `typing.Optional[int]`.",
    "message": " Expected `int` for 4th positional only parameter to call `SquadInstance.__init__` but got `typing.Optional[int]`.",
    "rule_id": "Incompatible parameter type [6]",
    "warning_line_no": 69,
    "warning_line": "        return cls(question, passage, (span_begin, span_end), index, tokenizer)"
  },
  {
    "project": "allenai/deep_qa",
    "commit": "4be2872aad99db616dc5588702c2d6675c25ba7c",
    "filename": "src/main/python/deep_qa/training/text_trainer.py",
    "min_patch_found": false,
    "full_warning_msg": "src/main/python/deep_qa/training/text_trainer.py:107:29 Incompatible parameter type [6]: Expected `List[int]` for 1st positional only parameter to call `src.main.python.deep_qa.data.instances.instance.IndexedInstance.pad` but got `Dict[str, int]`.",
    "exception": "PatchSet should only have 1 Patch, but it has 0",
    "dd_fail": true
  }
]