[
  {
    "project": "asyml/forte",
    "commit": "a75aa09eb7a60f442b16ca57a2619d321001efba",
    "filename": "forte/data/readers/base_reader.py",
    "filename_after_commit": "/home/chowyi/TypeAnnotation_Study/GitHub/asyml-forte/forte/data/base_reader.py",
    "file_hunks_size": 1,
    "min_patch_found": false,
    "single_hunk": false,
    "fit_TFix": false,
    "delete_only_patch": false,
    "has_suppression_all_hunks": false,
    "full_warning_msg": "forte/data/readers/base_reader.py:290:16 Incompatible return type [7]: Expected `Iterator[Variable[PackType (bound to forte.data.base_pack.BasePack[typing.Any, typing.Any, typing.Any])]]` but got `typing.Generator[DataPack, None, None]`.",
    "message": " Expected `Iterator[Variable[PackType (bound to forte.data.base_pack.BasePack[typing.Any, typing.Any, typing.Any])]]` but got `typing.Generator[DataPack, None, None]`.",
    "rule_id": "Incompatible return type [7]",
    "warning_line_no": 290,
    "warning_line": "                yield pack"
  },
  {
    "project": "asyml/forte",
    "commit": "a75aa09eb7a60f442b16ca57a2619d321001efba",
    "filename": "forte/data/readers/base_reader.py",
    "filename_after_commit": "/home/chowyi/TypeAnnotation_Study/GitHub/asyml-forte/forte/data/base_reader.py",
    "file_hunks_size": 1,
    "min_patch_found": false,
    "single_hunk": false,
    "fit_TFix": false,
    "delete_only_patch": false,
    "has_suppression_all_hunks": false,
    "full_warning_msg": "forte/data/readers/base_reader.py:292:4 Inconsistent override [14]: `forte.data.readers.base_reader.BaseReader.finish` overrides method defined in `PipelineComponent` inconsistently. Could not find parameter `resource` in overriding signature.",
    "message": " `forte.data.readers.base_reader.BaseReader.finish` overrides method defined in `PipelineComponent` inconsistently. Could not find parameter `resource` in overriding signature.",
    "rule_id": "Inconsistent override [14]",
    "warning_line_no": 292,
    "warning_line": "    def finish(self, resources: Resources):"
  },
  {
    "project": "asyml/forte",
    "commit": "a75aa09eb7a60f442b16ca57a2619d321001efba",
    "filename": "forte/processors/attribute_masking_processor.py",
    "filename_after_commit": "/home/chowyi/TypeAnnotation_Study/GitHub/asyml-forte/forte/processors/attribute_masking_processor.py",
    "file_hunks_size": 2,
    "min_patch_found": false,
    "single_hunk": false,
    "fit_TFix": false,
    "delete_only_patch": false,
    "has_suppression_all_hunks": false,
    "full_warning_msg": "forte/processors/attribute_masking_processor.py:29:4 Inconsistent override [14]: `forte.processors.attribute_masking_processor.AttributeMasker.initialize` overrides method defined in `forte.pipeline_component.PipelineComponent` inconsistently. Could not find parameter `resources` in overriding signature.",
    "message": " `forte.processors.attribute_masking_processor.AttributeMasker.initialize` overrides method defined in `forte.pipeline_component.PipelineComponent` inconsistently. Could not find parameter `resources` in overriding signature.",
    "rule_id": "Inconsistent override [14]",
    "warning_line_no": 29,
    "warning_line": "    def initialize(self, _: Resources, config: Config):"
  },
  {
    "project": "asyml/forte",
    "commit": "a75aa09eb7a60f442b16ca57a2619d321001efba",
    "filename": "tests/dummy_batch_processor.py",
    "min_patch_found": false,
    "full_warning_msg": "tests/dummy_batch_processor.py:95:4 Inconsistent override [14]: `tests.dummy_batch_processor.DummyRelationExtractor.pack` overrides method defined in `forte.processors.base.batch_processor.BaseBatchProcessor` inconsistently. Could not find parameter `inputs` in overriding signature.",
    "exception": "[Errno 2] No such file or directory: '/home/chowyi/TypeAnnotation_Study/GitHub/asyml-forte/tests/dummy_batch_processor.py'",
    "dd_fail": true
  },
  {
    "project": "asyml/forte",
    "commit": "a75aa09eb7a60f442b16ca57a2619d321001efba",
    "filename": "tests/dummy_batch_processor.py",
    "min_patch_found": false,
    "full_warning_msg": "tests/dummy_batch_processor.py:95:4 Inconsistent override [14]: `tests.dummy_batch_processor.DummyRelationExtractor.pack` overrides method defined in `forte.processors.base.batch_processor.BaseBatchProcessor` inconsistently. Could not find parameter `pack` in overriding signature.",
    "exception": "[Errno 2] No such file or directory: '/home/chowyi/TypeAnnotation_Study/GitHub/asyml-forte/tests/dummy_batch_processor.py'",
    "dd_fail": true
  },
  {
    "project": "asyml/forte",
    "commit": "a75aa09eb7a60f442b16ca57a2619d321001efba",
    "filename": "tests/dummy_batch_processor.py",
    "min_patch_found": false,
    "full_warning_msg": "tests/dummy_batch_processor.py:137:4 Inconsistent override [14]: `tests.dummy_batch_processor.DummyFixedSizeBatchProcessor.pack` overrides method defined in `forte.processors.base.batch_processor.BaseBatchProcessor` inconsistently. Could not find parameter `inputs` in overriding signature.",
    "exception": "[Errno 2] No such file or directory: '/home/chowyi/TypeAnnotation_Study/GitHub/asyml-forte/tests/dummy_batch_processor.py'",
    "dd_fail": true
  },
  {
    "project": "asyml/forte",
    "commit": "a75aa09eb7a60f442b16ca57a2619d321001efba",
    "filename": "tests/dummy_batch_processor.py",
    "min_patch_found": false,
    "full_warning_msg": "tests/dummy_batch_processor.py:137:4 Inconsistent override [14]: `tests.dummy_batch_processor.DummyFixedSizeBatchProcessor.pack` overrides method defined in `forte.processors.base.batch_processor.BaseBatchProcessor` inconsistently. Could not find parameter `pack` in overriding signature.",
    "exception": "[Errno 2] No such file or directory: '/home/chowyi/TypeAnnotation_Study/GitHub/asyml-forte/tests/dummy_batch_processor.py'",
    "dd_fail": true
  }
]