[
  {
    "project": "awslabs/autogluon",
    "commit": "7795b9c956c24ff85904700482aa96e3eafea38e",
    "filename": "autogluon/__init__.py",
    "filename_after_commit": "/home/chowyi/TypeAnnotation_Study/GitHub/awslabs-autogluon/autogluon/__init__.py",
    "file_hunks_size": 1,
    "min_patch_found": false,
    "single_hunk": false,
    "fit_TFix": false,
    "delete_only_patch": false,
    "has_suppression_all_hunks": false,
    "full_warning_msg": "autogluon/__init__.py:25:10 Unbound name [10]: Name `dataset` is used but not defined in the current scope.",
    "message": " Name `dataset` is used but not defined in the current scope.",
    "rule_id": "Unbound name [10]",
    "warning_line_no": 25,
    "warning_line": "__all__ = dataset.__all__ \\"
  },
  {
    "project": "awslabs/autogluon",
    "commit": "7795b9c956c24ff85904700482aa96e3eafea38e",
    "filename": "autogluon/__init__.py",
    "filename_after_commit": "/home/chowyi/TypeAnnotation_Study/GitHub/awslabs-autogluon/autogluon/__init__.py",
    "file_hunks_size": 1,
    "min_patch_found": false,
    "single_hunk": false,
    "fit_TFix": false,
    "delete_only_patch": false,
    "has_suppression_all_hunks": false,
    "full_warning_msg": "autogluon/__init__.py:26:12 Unbound name [10]: Name `loss` is used but not defined in the current scope.",
    "message": " Name `loss` is used but not defined in the current scope.",
    "rule_id": "Unbound name [10]",
    "warning_line_no": 26,
    "warning_line": "          + loss.__all__ \\"
  },
  {
    "project": "awslabs/autogluon",
    "commit": "7795b9c956c24ff85904700482aa96e3eafea38e",
    "filename": "autogluon/__init__.py",
    "filename_after_commit": "/home/chowyi/TypeAnnotation_Study/GitHub/awslabs-autogluon/autogluon/__init__.py",
    "file_hunks_size": 1,
    "min_patch_found": false,
    "single_hunk": false,
    "fit_TFix": false,
    "delete_only_patch": false,
    "has_suppression_all_hunks": false,
    "full_warning_msg": "autogluon/__init__.py:27:12 Unbound name [10]: Name `metric` is used but not defined in the current scope.",
    "message": " Name `metric` is used but not defined in the current scope.",
    "rule_id": "Unbound name [10]",
    "warning_line_no": 27,
    "warning_line": "          + metric.__all__ \\"
  },
  {
    "project": "awslabs/autogluon",
    "commit": "7795b9c956c24ff85904700482aa96e3eafea38e",
    "filename": "autogluon/__init__.py",
    "filename_after_commit": "/home/chowyi/TypeAnnotation_Study/GitHub/awslabs-autogluon/autogluon/__init__.py",
    "file_hunks_size": 1,
    "min_patch_found": false,
    "single_hunk": false,
    "fit_TFix": false,
    "delete_only_patch": false,
    "has_suppression_all_hunks": false,
    "full_warning_msg": "autogluon/__init__.py:28:12 Unbound name [10]: Name `network` is used but not defined in the current scope.",
    "message": " Name `network` is used but not defined in the current scope.",
    "rule_id": "Unbound name [10]",
    "warning_line_no": 28,
    "warning_line": "          + network.__all__ \\"
  },
  {
    "project": "awslabs/autogluon",
    "commit": "7795b9c956c24ff85904700482aa96e3eafea38e",
    "filename": "autogluon/__init__.py",
    "filename_after_commit": "/home/chowyi/TypeAnnotation_Study/GitHub/awslabs-autogluon/autogluon/__init__.py",
    "file_hunks_size": 1,
    "min_patch_found": false,
    "single_hunk": false,
    "fit_TFix": false,
    "delete_only_patch": false,
    "has_suppression_all_hunks": false,
    "full_warning_msg": "autogluon/__init__.py:29:12 Unbound name [10]: Name `optimizer` is used but not defined in the current scope.",
    "message": " Name `optimizer` is used but not defined in the current scope.",
    "rule_id": "Unbound name [10]",
    "warning_line_no": 29,
    "warning_line": "          + optimizer.__all__ \\"
  },
  {
    "project": "awslabs/autogluon",
    "commit": "7795b9c956c24ff85904700482aa96e3eafea38e",
    "filename": "autogluon/__init__.py",
    "filename_after_commit": "/home/chowyi/TypeAnnotation_Study/GitHub/awslabs-autogluon/autogluon/__init__.py",
    "file_hunks_size": 1,
    "min_patch_found": false,
    "single_hunk": false,
    "fit_TFix": false,
    "delete_only_patch": false,
    "has_suppression_all_hunks": false,
    "full_warning_msg": "autogluon/__init__.py:30:12 Unbound name [10]: Name `space` is used but not defined in the current scope.",
    "message": " Name `space` is used but not defined in the current scope.",
    "rule_id": "Unbound name [10]",
    "warning_line_no": 30,
    "warning_line": "          + space.__all__ \\"
  },
  {
    "project": "awslabs/autogluon",
    "commit": "7795b9c956c24ff85904700482aa96e3eafea38e",
    "filename": "autogluon/__init__.py",
    "filename_after_commit": "/home/chowyi/TypeAnnotation_Study/GitHub/awslabs-autogluon/autogluon/__init__.py",
    "file_hunks_size": 1,
    "min_patch_found": false,
    "single_hunk": false,
    "fit_TFix": false,
    "delete_only_patch": false,
    "has_suppression_all_hunks": false,
    "full_warning_msg": "autogluon/__init__.py:31:12 Unbound name [10]: Name `core` is used but not defined in the current scope.",
    "message": " Name `core` is used but not defined in the current scope.",
    "rule_id": "Unbound name [10]",
    "warning_line_no": 31,
    "warning_line": "          + core.__all__"
  },
  {
    "project": "awslabs/autogluon",
    "commit": "7795b9c956c24ff85904700482aa96e3eafea38e",
    "filename": "autogluon/core/__init__.py",
    "filename_after_commit": "/home/chowyi/TypeAnnotation_Study/GitHub/awslabs-autogluon/autogluon/core/__init__.py",
    "file_hunks_size": 1,
    "min_patch_found": true,
    "single_hunk": true,
    "fit_TFix": false,
    "delete_only_patch": false,
    "has_suppression_all_hunks": false,
    "full_warning_msg": "autogluon/core/__init__.py:3:10 Unbound name [10]: Name `core` is used but not defined in the current scope.",
    "message": " Name `core` is used but not defined in the current scope.",
    "rule_id": "Unbound name [10]",
    "warning_line_no": 3,
    "warning_line": "__all__ = core.__all__",
    "min_patch": [
      {
        "hunk_fit_TFix": false,
        "inside_window": true,
        "delete_only": false,
        "has_suppression": false,
        "source_code": "from .core import *\n\n__all__ = core.__all__\n",
        "source_code_len": 44,
        "target_code": "from .space import *\nfrom .task import *\nfrom .decorator import *\n\nfrom . import optimizer\n",
        "target_code_len": 91,
        "diff_format": "@@ -1,3 +1,5 @@\n-from .core import *\n+from .space import *\n+from .task import *\n+from .decorator import *\n \n-__all__ = core.__all__\n+from . import optimizer\n",
        "source_code_with_indent": "from .core import *\n\n__all__ = core.__all__\n",
        "source_code_with_indent_exact_match": true,
        "target_code_with_indent": "from .space import *\nfrom .task import *\nfrom .decorator import *\n\nfrom . import optimizer\n",
        "target_code_with_indent_exact_match": true
      }
    ]
  },
  {
    "project": "awslabs/autogluon",
    "commit": "7795b9c956c24ff85904700482aa96e3eafea38e",
    "filename": "autogluon/dataset/__init__.py",
    "min_patch_found": false,
    "full_warning_msg": "autogluon/dataset/__init__.py:3:10 Unbound name [10]: Name `dataset` is used but not defined in the current scope.",
    "exception": "[Errno 2] No such file or directory: '/home/chowyi/TypeAnnotation_Study/GitHub/awslabs-autogluon/autogluon/dataset/__init__.py'",
    "dd_fail": true
  },
  {
    "project": "awslabs/autogluon",
    "commit": "7795b9c956c24ff85904700482aa96e3eafea38e",
    "filename": "autogluon/loss/__init__.py",
    "min_patch_found": false,
    "full_warning_msg": "autogluon/loss/__init__.py:4:10 Unbound name [10]: Name `losses` is used but not defined in the current scope.",
    "exception": "[Errno 2] No such file or directory: '/home/chowyi/TypeAnnotation_Study/GitHub/awslabs-autogluon/autogluon/loss/__init__.py'",
    "dd_fail": true
  },
  {
    "project": "awslabs/autogluon",
    "commit": "7795b9c956c24ff85904700482aa96e3eafea38e",
    "filename": "autogluon/loss/__init__.py",
    "min_patch_found": false,
    "full_warning_msg": "autogluon/loss/__init__.py:4:27 Unbound name [10]: Name `utils` is used but not defined in the current scope.",
    "exception": "[Errno 2] No such file or directory: '/home/chowyi/TypeAnnotation_Study/GitHub/awslabs-autogluon/autogluon/loss/__init__.py'",
    "dd_fail": true
  },
  {
    "project": "awslabs/autogluon",
    "commit": "7795b9c956c24ff85904700482aa96e3eafea38e",
    "filename": "autogluon/metric/__init__.py",
    "min_patch_found": false,
    "full_warning_msg": "autogluon/metric/__init__.py:4:10 Unbound name [10]: Name `metrics` is used but not defined in the current scope.",
    "exception": "[Errno 2] No such file or directory: '/home/chowyi/TypeAnnotation_Study/GitHub/awslabs-autogluon/autogluon/metric/__init__.py'",
    "dd_fail": true
  },
  {
    "project": "awslabs/autogluon",
    "commit": "7795b9c956c24ff85904700482aa96e3eafea38e",
    "filename": "autogluon/metric/__init__.py",
    "min_patch_found": false,
    "full_warning_msg": "autogluon/metric/__init__.py:4:28 Unbound name [10]: Name `utils` is used but not defined in the current scope.",
    "exception": "[Errno 2] No such file or directory: '/home/chowyi/TypeAnnotation_Study/GitHub/awslabs-autogluon/autogluon/metric/__init__.py'",
    "dd_fail": true
  },
  {
    "project": "awslabs/autogluon",
    "commit": "7795b9c956c24ff85904700482aa96e3eafea38e",
    "filename": "autogluon/network/__init__.py",
    "min_patch_found": false,
    "full_warning_msg": "autogluon/network/__init__.py:4:10 Unbound name [10]: Name `utils` is used but not defined in the current scope.",
    "exception": "[Errno 2] No such file or directory: '/home/chowyi/TypeAnnotation_Study/GitHub/awslabs-autogluon/autogluon/network/__init__.py'",
    "dd_fail": true
  },
  {
    "project": "awslabs/autogluon",
    "commit": "7795b9c956c24ff85904700482aa96e3eafea38e",
    "filename": "autogluon/network/__init__.py",
    "min_patch_found": false,
    "full_warning_msg": "autogluon/network/__init__.py:4:26 Unbound name [10]: Name `nets` is used but not defined in the current scope.",
    "exception": "[Errno 2] No such file or directory: '/home/chowyi/TypeAnnotation_Study/GitHub/awslabs-autogluon/autogluon/network/__init__.py'",
    "dd_fail": true
  },
  {
    "project": "awslabs/autogluon",
    "commit": "7795b9c956c24ff85904700482aa96e3eafea38e",
    "filename": "autogluon/optimizer/__init__.py",
    "min_patch_found": false,
    "full_warning_msg": "autogluon/optimizer/__init__.py:3:10 Unbound name [10]: Name `optimizers` is used but not defined in the current scope.",
    "exception": "[Errno 2] No such file or directory: '/home/chowyi/TypeAnnotation_Study/GitHub/awslabs-autogluon/autogluon/optimizer/__init__.py'",
    "dd_fail": true
  },
  {
    "project": "awslabs/autogluon",
    "commit": "7795b9c956c24ff85904700482aa96e3eafea38e",
    "filename": "autogluon/space/__init__.py",
    "min_patch_found": false,
    "full_warning_msg": "autogluon/space/__init__.py:4:10 Unbound name [10]: Name `search_space` is used but not defined in the current scope.",
    "exception": "[Errno 2] No such file or directory: '/home/chowyi/TypeAnnotation_Study/GitHub/awslabs-autogluon/autogluon/space/__init__.py'",
    "dd_fail": true
  },
  {
    "project": "awslabs/autogluon",
    "commit": "7795b9c956c24ff85904700482aa96e3eafea38e",
    "filename": "autogluon/space/__init__.py",
    "min_patch_found": false,
    "full_warning_msg": "autogluon/space/__init__.py:4:33 Unbound name [10]: Name `utils` is used but not defined in the current scope.",
    "exception": "[Errno 2] No such file or directory: '/home/chowyi/TypeAnnotation_Study/GitHub/awslabs-autogluon/autogluon/space/__init__.py'",
    "dd_fail": true
  },
  {
    "project": "awslabs/autogluon",
    "commit": "7795b9c956c24ff85904700482aa96e3eafea38e",
    "filename": "autogluon/task/base/__init__.py",
    "filename_after_commit": "/home/chowyi/TypeAnnotation_Study/GitHub/awslabs-autogluon/autogluon/task/base/__init__.py",
    "file_hunks_size": 1,
    "min_patch_found": true,
    "single_hunk": true,
    "fit_TFix": false,
    "delete_only_patch": true,
    "has_suppression_all_hunks": false,
    "full_warning_msg": "autogluon/task/base/__init__.py:3:10 Unbound name [10]: Name `base_task` is used but not defined in the current scope.",
    "message": " Name `base_task` is used but not defined in the current scope.",
    "rule_id": "Unbound name [10]",
    "warning_line_no": 3,
    "warning_line": "__all__ = base_task.__all__",
    "min_patch": [
      {
        "hunk_fit_TFix": true,
        "inside_window": true,
        "delete_only": true,
        "has_suppression": false,
        "source_code": "from .base_task import *\n\n__all__ = base_task.__all__",
        "source_code_len": 53,
        "target_code": "from .base_task import *\n",
        "target_code_len": 25,
        "diff_format": "@@ -1,3 +1,1 @@\n from .base_task import *\n-\n-__all__ = base_task.__all__",
        "source_code_with_indent": "from .base_task import *\n\n__all__ = base_task.__all__",
        "source_code_with_indent_exact_match": true,
        "target_code_with_indent": "from .base_task import *\n",
        "target_code_with_indent_exact_match": true
      }
    ]
  },
  {
    "project": "awslabs/autogluon",
    "commit": "7795b9c956c24ff85904700482aa96e3eafea38e",
    "filename": "autogluon/task/image_classification/__init__.py",
    "filename_after_commit": "/home/chowyi/TypeAnnotation_Study/GitHub/awslabs-autogluon/autogluon/task/image_classification/__init__.py",
    "file_hunks_size": 1,
    "min_patch_found": true,
    "single_hunk": true,
    "fit_TFix": false,
    "delete_only_patch": true,
    "has_suppression_all_hunks": false,
    "full_warning_msg": "autogluon/task/image_classification/__init__.py:8:10 Unbound name [10]: Name `model_zoo` is used but not defined in the current scope.",
    "message": " Name `model_zoo` is used but not defined in the current scope.",
    "rule_id": "Unbound name [10]",
    "warning_line_no": 8,
    "warning_line": "__all__ = model_zoo.__all__ + pipeline.__all__ + image_classification.__all__ + \\",
    "min_patch": [
      {
        "hunk_fit_TFix": false,
        "inside_window": true,
        "delete_only": true,
        "has_suppression": false,
        "source_code": "from .model_zoo import *\nfrom .pipeline import *\nfrom .image_classification import *\nfrom .dataset import *\nfrom .losses import *\nfrom .metrics import *\n\n__all__ = model_zoo.__all__ + pipeline.__all__ + image_classification.__all__ + \\\n          dataset.__all__ + losses.__all__ + metrics.__all__\n",
        "source_code_len": 297,
        "target_code": "from .image_classification import *\n",
        "target_code_len": 36,
        "diff_format": "@@ -1,9 +1,1 @@\n-from .model_zoo import *\n-from .pipeline import *\n from .image_classification import *\n-from .dataset import *\n-from .losses import *\n-from .metrics import *\n-\n-__all__ = model_zoo.__all__ + pipeline.__all__ + image_classification.__all__ + \\\n-          dataset.__all__ + losses.__all__ + metrics.__all__\n",
        "source_code_with_indent_exact_match": false,
        "target_code_with_indent": "from .image_classification import *\n",
        "target_code_with_indent_exact_match": true,
        "source_code_with_indent": "from .model_zoo import *\nfrom .pipeline import *\nfrom .image_classification import *\nfrom .dataset import *\nfrom .losses import *\nfrom .metrics import *\n\n__all__ = model_zoo.__all__ + pipeline.__all__ + image_classification.__all__ +          dataset.__all__ + losses.__all__ + metrics.__all__\n"
      }
    ]
  },
  {
    "project": "awslabs/autogluon",
    "commit": "7795b9c956c24ff85904700482aa96e3eafea38e",
    "filename": "autogluon/task/image_classification/__init__.py",
    "filename_after_commit": "/home/chowyi/TypeAnnotation_Study/GitHub/awslabs-autogluon/autogluon/task/image_classification/__init__.py",
    "file_hunks_size": 1,
    "min_patch_found": true,
    "single_hunk": true,
    "fit_TFix": false,
    "delete_only_patch": true,
    "has_suppression_all_hunks": false,
    "full_warning_msg": "autogluon/task/image_classification/__init__.py:8:30 Unbound name [10]: Name `pipeline` is used but not defined in the current scope.",
    "message": " Name `pipeline` is used but not defined in the current scope.",
    "rule_id": "Unbound name [10]",
    "warning_line_no": 8,
    "warning_line": "__all__ = model_zoo.__all__ + pipeline.__all__ + image_classification.__all__ + \\",
    "min_patch": [
      {
        "hunk_fit_TFix": false,
        "inside_window": true,
        "delete_only": true,
        "has_suppression": false,
        "source_code": "from .model_zoo import *\nfrom .pipeline import *\nfrom .image_classification import *\nfrom .dataset import *\nfrom .losses import *\nfrom .metrics import *\n\n__all__ = model_zoo.__all__ + pipeline.__all__ + image_classification.__all__ + \\\n          dataset.__all__ + losses.__all__ + metrics.__all__\n",
        "source_code_len": 297,
        "target_code": "from .image_classification import *\n",
        "target_code_len": 36,
        "diff_format": "@@ -1,9 +1,1 @@\n-from .model_zoo import *\n-from .pipeline import *\n from .image_classification import *\n-from .dataset import *\n-from .losses import *\n-from .metrics import *\n-\n-__all__ = model_zoo.__all__ + pipeline.__all__ + image_classification.__all__ + \\\n-          dataset.__all__ + losses.__all__ + metrics.__all__\n",
        "source_code_with_indent_exact_match": false,
        "target_code_with_indent": "from .image_classification import *\n",
        "target_code_with_indent_exact_match": true,
        "source_code_with_indent": "from .model_zoo import *\nfrom .pipeline import *\nfrom .image_classification import *\nfrom .dataset import *\nfrom .losses import *\nfrom .metrics import *\n\n__all__ = model_zoo.__all__ + pipeline.__all__ + image_classification.__all__ +          dataset.__all__ + losses.__all__ + metrics.__all__\n"
      }
    ]
  },
  {
    "project": "awslabs/autogluon",
    "commit": "7795b9c956c24ff85904700482aa96e3eafea38e",
    "filename": "autogluon/task/image_classification/__init__.py",
    "filename_after_commit": "/home/chowyi/TypeAnnotation_Study/GitHub/awslabs-autogluon/autogluon/task/image_classification/__init__.py",
    "file_hunks_size": 1,
    "min_patch_found": true,
    "single_hunk": true,
    "fit_TFix": false,
    "delete_only_patch": true,
    "has_suppression_all_hunks": false,
    "full_warning_msg": "autogluon/task/image_classification/__init__.py:8:49 Unbound name [10]: Name `image_classification` is used but not defined in the current scope.",
    "message": " Name `image_classification` is used but not defined in the current scope.",
    "rule_id": "Unbound name [10]",
    "warning_line_no": 8,
    "warning_line": "__all__ = model_zoo.__all__ + pipeline.__all__ + image_classification.__all__ + \\",
    "min_patch": [
      {
        "hunk_fit_TFix": false,
        "inside_window": true,
        "delete_only": true,
        "has_suppression": false,
        "source_code": "from .model_zoo import *\nfrom .pipeline import *\nfrom .image_classification import *\nfrom .dataset import *\nfrom .losses import *\nfrom .metrics import *\n\n__all__ = model_zoo.__all__ + pipeline.__all__ + image_classification.__all__ + \\\n          dataset.__all__ + losses.__all__ + metrics.__all__\n",
        "source_code_len": 297,
        "target_code": "from .image_classification import *\n",
        "target_code_len": 36,
        "diff_format": "@@ -1,9 +1,1 @@\n-from .model_zoo import *\n-from .pipeline import *\n from .image_classification import *\n-from .dataset import *\n-from .losses import *\n-from .metrics import *\n-\n-__all__ = model_zoo.__all__ + pipeline.__all__ + image_classification.__all__ + \\\n-          dataset.__all__ + losses.__all__ + metrics.__all__\n",
        "source_code_with_indent_exact_match": false,
        "target_code_with_indent": "from .image_classification import *\n",
        "target_code_with_indent_exact_match": true,
        "source_code_with_indent": "from .model_zoo import *\nfrom .pipeline import *\nfrom .image_classification import *\nfrom .dataset import *\nfrom .losses import *\nfrom .metrics import *\n\n__all__ = model_zoo.__all__ + pipeline.__all__ + image_classification.__all__ +          dataset.__all__ + losses.__all__ + metrics.__all__\n"
      }
    ]
  },
  {
    "project": "awslabs/autogluon",
    "commit": "7795b9c956c24ff85904700482aa96e3eafea38e",
    "filename": "autogluon/task/image_classification/__init__.py",
    "filename_after_commit": "/home/chowyi/TypeAnnotation_Study/GitHub/awslabs-autogluon/autogluon/task/image_classification/__init__.py",
    "file_hunks_size": 1,
    "min_patch_found": true,
    "single_hunk": true,
    "fit_TFix": false,
    "delete_only_patch": true,
    "has_suppression_all_hunks": false,
    "full_warning_msg": "autogluon/task/image_classification/__init__.py:9:10 Unbound name [10]: Name `dataset` is used but not defined in the current scope.",
    "message": " Name `dataset` is used but not defined in the current scope.",
    "rule_id": "Unbound name [10]",
    "warning_line_no": 9,
    "warning_line": "          dataset.__all__ + losses.__all__ + metrics.__all__",
    "min_patch": [
      {
        "hunk_fit_TFix": false,
        "inside_window": true,
        "delete_only": true,
        "has_suppression": false,
        "source_code": "from .model_zoo import *\nfrom .pipeline import *\nfrom .image_classification import *\nfrom .dataset import *\nfrom .losses import *\nfrom .metrics import *\n\n__all__ = model_zoo.__all__ + pipeline.__all__ + image_classification.__all__ + \\\n          dataset.__all__ + losses.__all__ + metrics.__all__\n",
        "source_code_len": 297,
        "target_code": "from .image_classification import *\n",
        "target_code_len": 36,
        "diff_format": "@@ -1,9 +1,1 @@\n-from .model_zoo import *\n-from .pipeline import *\n from .image_classification import *\n-from .dataset import *\n-from .losses import *\n-from .metrics import *\n-\n-__all__ = model_zoo.__all__ + pipeline.__all__ + image_classification.__all__ + \\\n-          dataset.__all__ + losses.__all__ + metrics.__all__\n",
        "source_code_with_indent_exact_match": false,
        "target_code_with_indent": "from .image_classification import *\n",
        "target_code_with_indent_exact_match": true,
        "source_code_with_indent": "from .model_zoo import *\nfrom .pipeline import *\nfrom .image_classification import *\nfrom .dataset import *\nfrom .losses import *\nfrom .metrics import *\n\n__all__ = model_zoo.__all__ + pipeline.__all__ + image_classification.__all__ +          dataset.__all__ + losses.__all__ + metrics.__all__\n"
      }
    ]
  },
  {
    "project": "awslabs/autogluon",
    "commit": "7795b9c956c24ff85904700482aa96e3eafea38e",
    "filename": "autogluon/task/image_classification/__init__.py",
    "filename_after_commit": "/home/chowyi/TypeAnnotation_Study/GitHub/awslabs-autogluon/autogluon/task/image_classification/__init__.py",
    "file_hunks_size": 1,
    "min_patch_found": true,
    "single_hunk": true,
    "fit_TFix": false,
    "delete_only_patch": true,
    "has_suppression_all_hunks": false,
    "full_warning_msg": "autogluon/task/image_classification/__init__.py:9:28 Unbound name [10]: Name `losses` is used but not defined in the current scope.",
    "message": " Name `losses` is used but not defined in the current scope.",
    "rule_id": "Unbound name [10]",
    "warning_line_no": 9,
    "warning_line": "          dataset.__all__ + losses.__all__ + metrics.__all__",
    "min_patch": [
      {
        "hunk_fit_TFix": false,
        "inside_window": true,
        "delete_only": true,
        "has_suppression": false,
        "source_code": "from .model_zoo import *\nfrom .pipeline import *\nfrom .image_classification import *\nfrom .dataset import *\nfrom .losses import *\nfrom .metrics import *\n\n__all__ = model_zoo.__all__ + pipeline.__all__ + image_classification.__all__ + \\\n          dataset.__all__ + losses.__all__ + metrics.__all__\n",
        "source_code_len": 297,
        "target_code": "from .image_classification import *\n",
        "target_code_len": 36,
        "diff_format": "@@ -1,9 +1,1 @@\n-from .model_zoo import *\n-from .pipeline import *\n from .image_classification import *\n-from .dataset import *\n-from .losses import *\n-from .metrics import *\n-\n-__all__ = model_zoo.__all__ + pipeline.__all__ + image_classification.__all__ + \\\n-          dataset.__all__ + losses.__all__ + metrics.__all__\n",
        "source_code_with_indent_exact_match": false,
        "target_code_with_indent": "from .image_classification import *\n",
        "target_code_with_indent_exact_match": true,
        "source_code_with_indent": "from .model_zoo import *\nfrom .pipeline import *\nfrom .image_classification import *\nfrom .dataset import *\nfrom .losses import *\nfrom .metrics import *\n\n__all__ = model_zoo.__all__ + pipeline.__all__ + image_classification.__all__ +          dataset.__all__ + losses.__all__ + metrics.__all__\n"
      }
    ]
  },
  {
    "project": "awslabs/autogluon",
    "commit": "7795b9c956c24ff85904700482aa96e3eafea38e",
    "filename": "autogluon/task/image_classification/__init__.py",
    "filename_after_commit": "/home/chowyi/TypeAnnotation_Study/GitHub/awslabs-autogluon/autogluon/task/image_classification/__init__.py",
    "file_hunks_size": 1,
    "min_patch_found": true,
    "single_hunk": true,
    "fit_TFix": false,
    "delete_only_patch": true,
    "has_suppression_all_hunks": false,
    "full_warning_msg": "autogluon/task/image_classification/__init__.py:9:45 Unbound name [10]: Name `metrics` is used but not defined in the current scope.",
    "message": " Name `metrics` is used but not defined in the current scope.",
    "rule_id": "Unbound name [10]",
    "warning_line_no": 9,
    "warning_line": "          dataset.__all__ + losses.__all__ + metrics.__all__",
    "min_patch": [
      {
        "hunk_fit_TFix": false,
        "inside_window": true,
        "delete_only": true,
        "has_suppression": false,
        "source_code": "from .model_zoo import *\nfrom .pipeline import *\nfrom .image_classification import *\nfrom .dataset import *\nfrom .losses import *\nfrom .metrics import *\n\n__all__ = model_zoo.__all__ + pipeline.__all__ + image_classification.__all__ + \\\n          dataset.__all__ + losses.__all__ + metrics.__all__\n",
        "source_code_len": 297,
        "target_code": "from .image_classification import *\n",
        "target_code_len": 36,
        "diff_format": "@@ -1,9 +1,1 @@\n-from .model_zoo import *\n-from .pipeline import *\n from .image_classification import *\n-from .dataset import *\n-from .losses import *\n-from .metrics import *\n-\n-__all__ = model_zoo.__all__ + pipeline.__all__ + image_classification.__all__ + \\\n-          dataset.__all__ + losses.__all__ + metrics.__all__\n",
        "source_code_with_indent_exact_match": false,
        "target_code_with_indent": "from .image_classification import *\n",
        "target_code_with_indent_exact_match": true,
        "source_code_with_indent": "from .model_zoo import *\nfrom .pipeline import *\nfrom .image_classification import *\nfrom .dataset import *\nfrom .losses import *\nfrom .metrics import *\n\n__all__ = model_zoo.__all__ + pipeline.__all__ + image_classification.__all__ +          dataset.__all__ + losses.__all__ + metrics.__all__\n"
      }
    ]
  },
  {
    "project": "awslabs/autogluon",
    "commit": "7795b9c956c24ff85904700482aa96e3eafea38e",
    "filename": "autogluon/utils/__init__.py",
    "filename_after_commit": "/home/chowyi/TypeAnnotation_Study/GitHub/awslabs-autogluon/autogluon/utils/__init__.py",
    "file_hunks_size": 1,
    "min_patch_found": false,
    "single_hunk": false,
    "fit_TFix": false,
    "delete_only_patch": false,
    "has_suppression_all_hunks": false,
    "full_warning_msg": "autogluon/utils/__init__.py:10:10 Unbound name [10]: Name `data_analyzer` is used but not defined in the current scope.",
    "message": " Name `data_analyzer` is used but not defined in the current scope.",
    "rule_id": "Unbound name [10]",
    "warning_line_no": 10,
    "warning_line": "__all__ = data_analyzer.__all__ + visualizer.__all__ + files.__all__ + \\"
  },
  {
    "project": "awslabs/autogluon",
    "commit": "7795b9c956c24ff85904700482aa96e3eafea38e",
    "filename": "autogluon/utils/__init__.py",
    "filename_after_commit": "/home/chowyi/TypeAnnotation_Study/GitHub/awslabs-autogluon/autogluon/utils/__init__.py",
    "file_hunks_size": 1,
    "min_patch_found": false,
    "single_hunk": false,
    "fit_TFix": false,
    "delete_only_patch": false,
    "has_suppression_all_hunks": false,
    "full_warning_msg": "autogluon/utils/__init__.py:10:34 Unbound name [10]: Name `visualizer` is used but not defined in the current scope.",
    "message": " Name `visualizer` is used but not defined in the current scope.",
    "rule_id": "Unbound name [10]",
    "warning_line_no": 10,
    "warning_line": "__all__ = data_analyzer.__all__ + visualizer.__all__ + files.__all__ + \\"
  },
  {
    "project": "awslabs/autogluon",
    "commit": "7795b9c956c24ff85904700482aa96e3eafea38e",
    "filename": "autogluon/utils/__init__.py",
    "filename_after_commit": "/home/chowyi/TypeAnnotation_Study/GitHub/awslabs-autogluon/autogluon/utils/__init__.py",
    "file_hunks_size": 1,
    "min_patch_found": false,
    "single_hunk": false,
    "fit_TFix": false,
    "delete_only_patch": false,
    "has_suppression_all_hunks": false,
    "full_warning_msg": "autogluon/utils/__init__.py:10:55 Unbound name [10]: Name `files` is used but not defined in the current scope.",
    "message": " Name `files` is used but not defined in the current scope.",
    "rule_id": "Unbound name [10]",
    "warning_line_no": 10,
    "warning_line": "__all__ = data_analyzer.__all__ + visualizer.__all__ + files.__all__ + \\"
  },
  {
    "project": "awslabs/autogluon",
    "commit": "7795b9c956c24ff85904700482aa96e3eafea38e",
    "filename": "autogluon/utils/__init__.py",
    "filename_after_commit": "/home/chowyi/TypeAnnotation_Study/GitHub/awslabs-autogluon/autogluon/utils/__init__.py",
    "file_hunks_size": 1,
    "min_patch_found": false,
    "single_hunk": false,
    "fit_TFix": false,
    "delete_only_patch": false,
    "has_suppression_all_hunks": false,
    "full_warning_msg": "autogluon/utils/__init__.py:11:4 Unbound name [10]: Name `try_import` is used but not defined in the current scope.",
    "message": " Name `try_import` is used but not defined in the current scope.",
    "rule_id": "Unbound name [10]",
    "warning_line_no": 11,
    "warning_line": "    try_import.__all__ + ssh_helper.__all__ + file_helper.__all__"
  },
  {
    "project": "awslabs/autogluon",
    "commit": "7795b9c956c24ff85904700482aa96e3eafea38e",
    "filename": "autogluon/utils/__init__.py",
    "filename_after_commit": "/home/chowyi/TypeAnnotation_Study/GitHub/awslabs-autogluon/autogluon/utils/__init__.py",
    "file_hunks_size": 1,
    "min_patch_found": false,
    "single_hunk": false,
    "fit_TFix": false,
    "delete_only_patch": false,
    "has_suppression_all_hunks": false,
    "full_warning_msg": "autogluon/utils/__init__.py:11:25 Unbound name [10]: Name `ssh_helper` is used but not defined in the current scope.",
    "message": " Name `ssh_helper` is used but not defined in the current scope.",
    "rule_id": "Unbound name [10]",
    "warning_line_no": 11,
    "warning_line": "    try_import.__all__ + ssh_helper.__all__ + file_helper.__all__"
  },
  {
    "project": "awslabs/autogluon",
    "commit": "7795b9c956c24ff85904700482aa96e3eafea38e",
    "filename": "autogluon/utils/__init__.py",
    "filename_after_commit": "/home/chowyi/TypeAnnotation_Study/GitHub/awslabs-autogluon/autogluon/utils/__init__.py",
    "file_hunks_size": 1,
    "min_patch_found": false,
    "single_hunk": false,
    "fit_TFix": false,
    "delete_only_patch": false,
    "has_suppression_all_hunks": false,
    "full_warning_msg": "autogluon/utils/__init__.py:11:46 Unbound name [10]: Name `file_helper` is used but not defined in the current scope.",
    "message": " Name `file_helper` is used but not defined in the current scope.",
    "rule_id": "Unbound name [10]",
    "warning_line_no": 11,
    "warning_line": "    try_import.__all__ + ssh_helper.__all__ + file_helper.__all__"
  },
  {
    "project": "awslabs/autogluon",
    "commit": "7795b9c956c24ff85904700482aa96e3eafea38e",
    "filename": "examples/cifar_autogluon.py",
    "filename_after_commit": "/home/chowyi/TypeAnnotation_Study/GitHub/awslabs-autogluon/examples/cifar_autogluon.py",
    "file_hunks_size": 5,
    "min_patch_found": false,
    "single_hunk": false,
    "fit_TFix": false,
    "delete_only_patch": false,
    "has_suppression_all_hunks": false,
    "full_warning_msg": "examples/cifar_autogluon.py:198:8 Incompatible variable type [9]: myscheduler is declared to have type `ag.scheduler.hyperband.Hyperband_Scheduler` but is used as type `ag.scheduler.fifo.FIFO_Scheduler`.",
    "message": " myscheduler is declared to have type `ag.scheduler.hyperband.Hyperband_Scheduler` but is used as type `ag.scheduler.fifo.FIFO_Scheduler`.",
    "rule_id": "Incompatible variable type [9]",
    "warning_line_no": 198,
    "warning_line": "        myscheduler = ag.scheduler.FIFO_Scheduler(train_cifar, args,"
  },
  {
    "project": "awslabs/autogluon",
    "commit": "7795b9c956c24ff85904700482aa96e3eafea38e",
    "filename": "examples/cifar_autogluon.py",
    "filename_after_commit": "/home/chowyi/TypeAnnotation_Study/GitHub/awslabs-autogluon/examples/cifar_autogluon.py",
    "file_hunks_size": 5,
    "min_patch_found": false,
    "single_hunk": false,
    "fit_TFix": false,
    "delete_only_patch": false,
    "has_suppression_all_hunks": false,
    "full_warning_msg": "examples/cifar_autogluon.py:205:8 Incompatible variable type [9]: myscheduler is declared to have type `ag.scheduler.hyperband.Hyperband_Scheduler` but is used as type `ag.distributed.dist_fifo.DistributedFIFOScheduler`.",
    "message": " myscheduler is declared to have type `ag.scheduler.hyperband.Hyperband_Scheduler` but is used as type `ag.distributed.dist_fifo.DistributedFIFOScheduler`.",
    "rule_id": "Incompatible variable type [9]",
    "warning_line_no": 205,
    "warning_line": "        myscheduler = ag.distributed.DistributedFIFOScheduler(train_cifar, args,"
  },
  {
    "project": "awslabs/autogluon",
    "commit": "7795b9c956c24ff85904700482aa96e3eafea38e",
    "filename": "examples/cifar_autogluon.py",
    "filename_after_commit": "/home/chowyi/TypeAnnotation_Study/GitHub/awslabs-autogluon/examples/cifar_autogluon.py",
    "file_hunks_size": 5,
    "min_patch_found": false,
    "single_hunk": false,
    "fit_TFix": false,
    "delete_only_patch": false,
    "has_suppression_all_hunks": false,
    "full_warning_msg": "examples/cifar_autogluon.py:212:8 Incompatible variable type [9]: myscheduler is declared to have type `ag.scheduler.hyperband.Hyperband_Scheduler` but is used as type `ag.distributed.dist_hyperband.DistributedHyperbandScheduler`.",
    "message": " myscheduler is declared to have type `ag.scheduler.hyperband.Hyperband_Scheduler` but is used as type `ag.distributed.dist_hyperband.DistributedHyperbandScheduler`.",
    "rule_id": "Incompatible variable type [9]",
    "warning_line_no": 212,
    "warning_line": "        myscheduler = ag.distributed.DistributedHyperbandScheduler(train_cifar, args,"
  }
]