[
  {
    "project": "bocadilloproject/bocadillo",
    "commit": "ba43c3f229e14add8f65b6baf4e888f6d5a64298",
    "filename": "bocadillo/api.py",
    "min_patch_found": false,
    "full_warning_msg": "bocadillo/api.py:145:39 Incompatible parameter type [6]: Expected `typing.Callable[[Request, Response, Exception], typing.Awaitable[None]]` for 2nd parameter `handler` to call `ServerErrorMiddleware.__init__` but got `typing.Callable(error_to_text)[[Named(req, Request), Named(res, Response), Named(exc, HTTPError)], typing.Coroutine[typing.Any, typing.Any, typing.Any]]`.",
    "exception": "PatchSet should only have 1 Patch, but it has 0",
    "dd_fail": true
  },
  {
    "project": "bocadilloproject/bocadillo",
    "commit": "ba43c3f229e14add8f65b6baf4e888f6d5a64298",
    "filename": "bocadillo/api.py",
    "min_patch_found": false,
    "full_warning_msg": "bocadillo/api.py:147:42 Incompatible parameter type [6]: Expected `typing.Callable[[Request, Response, Exception], typing.Awaitable[None]]` for 2nd positional only parameter to call `API.add_error_handler` but got `typing.Callable(error_to_text)[[Named(req, Request), Named(res, Response), Named(exc, HTTPError)], typing.Coroutine[typing.Any, typing.Any, typing.Any]]`.",
    "exception": "PatchSet should only have 1 Patch, but it has 0",
    "dd_fail": true
  }
]