[
  {
    "project": "arizvisa/ida-minsc",
    "commit": "400262c53340777bef1aafd9c7c2f1fa4498b57d",
    "filename": "base/instruction.py",
    "filename_after_commit": "/home/chowyi/TypeAnnotation_Study/GitHub/arizvisa-ida-minsc/base/instruction.py",
    "file_hunks_size": 34,
    "min_patch_found": false,
    "single_hunk": false,
    "fit_TFix": false,
    "delete_only_patch": false,
    "has_suppression_all_hunks": false,
    "full_warning_msg": "base/instruction.py:364:4 Inconsistent override [15]: `_fields` overrides attribute defined in `namedtypedtuple` inconsistently. Type `typing.Tuple[str, str, str]` is not a subtype of the overridden attribute `typing.Tuple[]`.",
    "message": " `_fields` overrides attribute defined in `namedtypedtuple` inconsistently. Type `typing.Tuple[str, str, str]` is not a subtype of the overridden attribute `typing.Tuple[]`.",
    "rule_id": "Inconsistent override [15]",
    "warning_line_no": 364,
    "warning_line": "    _fields = ('address','opnum','reftype')"
  },
  {
    "project": "arizvisa/ida-minsc",
    "commit": "400262c53340777bef1aafd9c7c2f1fa4498b57d",
    "filename": "base/instruction.py",
    "filename_after_commit": "/home/chowyi/TypeAnnotation_Study/GitHub/arizvisa-ida-minsc/base/instruction.py",
    "file_hunks_size": 34,
    "min_patch_found": false,
    "single_hunk": false,
    "fit_TFix": false,
    "delete_only_patch": false,
    "has_suppression_all_hunks": false,
    "full_warning_msg": "base/instruction.py:955:8 Inconsistent override [15]: `_fields` overrides attribute defined in `namedtypedtuple` inconsistently. Type `typing.Tuple[str, str, str, str]` is not a subtype of the overridden attribute `typing.Tuple[]`.",
    "message": " `_fields` overrides attribute defined in `namedtypedtuple` inconsistently. Type `typing.Tuple[str, str, str, str]` is not a subtype of the overridden attribute `typing.Tuple[]`.",
    "rule_id": "Inconsistent override [15]",
    "warning_line_no": 955,
    "warning_line": "        _fields = ('offset','base','index','scale')"
  },
  {
    "project": "arizvisa/ida-minsc",
    "commit": "400262c53340777bef1aafd9c7c2f1fa4498b57d",
    "filename": "base/instruction.py",
    "filename_after_commit": "/home/chowyi/TypeAnnotation_Study/GitHub/arizvisa-ida-minsc/base/instruction.py",
    "file_hunks_size": 34,
    "min_patch_found": false,
    "single_hunk": false,
    "fit_TFix": false,
    "delete_only_patch": false,
    "has_suppression_all_hunks": false,
    "full_warning_msg": "base/instruction.py:970:8 Inconsistent override [15]: `_fields` overrides attribute defined in `namedtypedtuple` inconsistently. Type `typing.Tuple[str, str, str]` is not a subtype of the overridden attribute `typing.Tuple[]`.",
    "message": " `_fields` overrides attribute defined in `namedtypedtuple` inconsistently. Type `typing.Tuple[str, str, str]` is not a subtype of the overridden attribute `typing.Tuple[]`.",
    "rule_id": "Inconsistent override [15]",
    "warning_line_no": 970,
    "warning_line": "        _fields = ('Rn', 'shift', 'n')"
  },
  {
    "project": "arizvisa/ida-minsc",
    "commit": "400262c53340777bef1aafd9c7c2f1fa4498b57d",
    "filename": "base/instruction.py",
    "filename_after_commit": "/home/chowyi/TypeAnnotation_Study/GitHub/arizvisa-ida-minsc/base/instruction.py",
    "file_hunks_size": 34,
    "min_patch_found": false,
    "single_hunk": false,
    "fit_TFix": false,
    "delete_only_patch": false,
    "has_suppression_all_hunks": false,
    "full_warning_msg": "base/instruction.py:971:8 Inconsistent override [15]: `_types` overrides attribute defined in `namedtypedtuple` inconsistently. Type `typing.Tuple[typing.Type[register_t], typing.Type[int], typing.Type[int]]` is not a subtype of the overridden attribute `typing.Tuple[]`.",
    "message": " `_types` overrides attribute defined in `namedtypedtuple` inconsistently. Type `typing.Tuple[typing.Type[register_t], typing.Type[int], typing.Type[int]]` is not a subtype of the overridden attribute `typing.Tuple[]`.",
    "rule_id": "Inconsistent override [15]",
    "warning_line_no": 971,
    "warning_line": "        _types = (register_t, int, int)"
  },
  {
    "project": "arizvisa/ida-minsc",
    "commit": "400262c53340777bef1aafd9c7c2f1fa4498b57d",
    "filename": "base/instruction.py",
    "filename_after_commit": "/home/chowyi/TypeAnnotation_Study/GitHub/arizvisa-ida-minsc/base/instruction.py",
    "file_hunks_size": 34,
    "min_patch_found": false,
    "single_hunk": false,
    "fit_TFix": false,
    "delete_only_patch": false,
    "has_suppression_all_hunks": false,
    "full_warning_msg": "base/instruction.py:985:8 Inconsistent override [15]: `_fields` overrides attribute defined in `namedtypedtuple` inconsistently. Type `typing.Tuple[str]` is not a subtype of the overridden attribute `typing.Tuple[]`.",
    "message": " `_fields` overrides attribute defined in `namedtypedtuple` inconsistently. Type `typing.Tuple[str]` is not a subtype of the overridden attribute `typing.Tuple[]`.",
    "rule_id": "Inconsistent override [15]",
    "warning_line_no": 985,
    "warning_line": "        _fields = ('reglist',)"
  },
  {
    "project": "arizvisa/ida-minsc",
    "commit": "400262c53340777bef1aafd9c7c2f1fa4498b57d",
    "filename": "base/instruction.py",
    "filename_after_commit": "/home/chowyi/TypeAnnotation_Study/GitHub/arizvisa-ida-minsc/base/instruction.py",
    "file_hunks_size": 34,
    "min_patch_found": false,
    "single_hunk": false,
    "fit_TFix": false,
    "delete_only_patch": false,
    "has_suppression_all_hunks": false,
    "full_warning_msg": "base/instruction.py:994:8 Inconsistent override [15]: `_fields` overrides attribute defined in `namedtypedtuple` inconsistently. Type `typing.Tuple[str, str]` is not a subtype of the overridden attribute `typing.Tuple[]`.",
    "message": " `_fields` overrides attribute defined in `namedtypedtuple` inconsistently. Type `typing.Tuple[str, str]` is not a subtype of the overridden attribute `typing.Tuple[]`.",
    "rule_id": "Inconsistent override [15]",
    "warning_line_no": 994,
    "warning_line": "        _fields = ('Rn', 'offset')"
  },
  {
    "project": "arizvisa/ida-minsc",
    "commit": "400262c53340777bef1aafd9c7c2f1fa4498b57d",
    "filename": "base/instruction.py",
    "filename_after_commit": "/home/chowyi/TypeAnnotation_Study/GitHub/arizvisa-ida-minsc/base/instruction.py",
    "file_hunks_size": 34,
    "min_patch_found": false,
    "single_hunk": false,
    "fit_TFix": false,
    "delete_only_patch": false,
    "has_suppression_all_hunks": false,
    "full_warning_msg": "base/instruction.py:1006:8 Inconsistent override [15]: `_fields` overrides attribute defined in `namedtypedtuple` inconsistently. Type `typing.Tuple[str, str]` is not a subtype of the overridden attribute `typing.Tuple[]`.",
    "message": " `_fields` overrides attribute defined in `namedtypedtuple` inconsistently. Type `typing.Tuple[str, str]` is not a subtype of the overridden attribute `typing.Tuple[]`.",
    "rule_id": "Inconsistent override [15]",
    "warning_line_no": 1006,
    "warning_line": "        _fields = ('Rn', 'Rm')"
  },
  {
    "project": "arizvisa/ida-minsc",
    "commit": "400262c53340777bef1aafd9c7c2f1fa4498b57d",
    "filename": "base/instruction.py",
    "filename_after_commit": "/home/chowyi/TypeAnnotation_Study/GitHub/arizvisa-ida-minsc/base/instruction.py",
    "file_hunks_size": 34,
    "min_patch_found": false,
    "single_hunk": false,
    "fit_TFix": false,
    "delete_only_patch": false,
    "has_suppression_all_hunks": false,
    "full_warning_msg": "base/instruction.py:1007:8 Inconsistent override [15]: `_types` overrides attribute defined in `namedtypedtuple` inconsistently. Type `typing.Tuple[typing.Type[register_t], typing.Type[register_t]]` is not a subtype of the overridden attribute `typing.Tuple[]`.",
    "message": " `_types` overrides attribute defined in `namedtypedtuple` inconsistently. Type `typing.Tuple[typing.Type[register_t], typing.Type[register_t]]` is not a subtype of the overridden attribute `typing.Tuple[]`.",
    "rule_id": "Inconsistent override [15]",
    "warning_line_no": 1007,
    "warning_line": "        _types = (register_t, register_t)"
  },
  {
    "project": "arizvisa/ida-minsc",
    "commit": "400262c53340777bef1aafd9c7c2f1fa4498b57d",
    "filename": "base/instruction.py",
    "filename_after_commit": "/home/chowyi/TypeAnnotation_Study/GitHub/arizvisa-ida-minsc/base/instruction.py",
    "file_hunks_size": 34,
    "min_patch_found": false,
    "single_hunk": false,
    "fit_TFix": false,
    "delete_only_patch": false,
    "has_suppression_all_hunks": false,
    "full_warning_msg": "base/instruction.py:1021:8 Inconsistent override [15]: `_fields` overrides attribute defined in `namedtypedtuple` inconsistently. Type `typing.Tuple[str, str]` is not a subtype of the overridden attribute `typing.Tuple[]`.",
    "message": " `_fields` overrides attribute defined in `namedtypedtuple` inconsistently. Type `typing.Tuple[str, str]` is not a subtype of the overridden attribute `typing.Tuple[]`.",
    "rule_id": "Inconsistent override [15]",
    "warning_line_no": 1021,
    "warning_line": "        _fields = ('address', 'value')"
  }
]