[
  {
    "project": "allenai/scispacy",
    "commit": "c90067e3b4b984c490a6ca243e6b899d1f1c376b",
    "filename": "scripts/retrain_parser_and_tagger.py",
    "filename_after_commit": "/home/chowyi/TypeAnnotation_Study/GitHub/allenai-scispacy/scripts/retrain_parser_and_tagger.py",
    "file_hunks_size": 1,
    "min_patch_found": true,
    "single_hunk": true,
    "fit_TFix": false,
    "delete_only_patch": false,
    "has_suppression_all_hunks": false,
    "full_warning_msg": "scripts/retrain_parser_and_tagger.py:184:28 Incompatible parameter type [6]: Expected `float` for 7th positional only parameter to call `train_parser_and_tagger` but got `str`.",
    "message": " Expected `float` for 7th positional only parameter to call `train_parser_and_tagger` but got `str`.",
    "rule_id": "Incompatible parameter type [6]",
    "warning_line_no": 184,
    "warning_line": "                            ontonotes_train_percent)",
    "min_patch": [
      {
        "hunk_fit_TFix": false,
        "inside_window": true,
        "delete_only": false,
        "has_suppression": false,
        "source_code": "         ontonotes_path: str,\n         ontonotes_train_percent: str):\n\n",
        "source_code_len": 71,
        "target_code": "         ontonotes_path: str,\n         ontonotes_train_percent: float):\n\n",
        "target_code_len": 73,
        "diff_format": "@@ -175,3 +175,3 @@\n          ontonotes_path: str,\n-         ontonotes_train_percent: str):\n+         ontonotes_train_percent: float):\n \n",
        "source_code_with_indent": "         ontonotes_path: str,\n         ontonotes_train_percent: str):\n\n",
        "source_code_with_indent_exact_match": true,
        "target_code_with_indent": "         ontonotes_path: str,\n         ontonotes_train_percent: float):\n\n",
        "target_code_with_indent_exact_match": true
      }
    ]
  }
]