[
  {
    "project": "automl/Auto-PyTorch",
    "commit": "2e7b462c8a75110115f7fcb0115f8cf745f4b6e3",
    "filename": "autoPyTorch/pipeline/components/setup/network/backbone/time_series.py",
    "filename_after_commit": "/home/chowyi/TypeAnnotation_Study/GitHub/automl-Auto-PyTorch/autoPyTorch/pipeline/components/setup/network_backbone/time_series.py",
    "file_hunks_size": 5,
    "min_patch_found": false,
    "single_hunk": false,
    "fit_TFix": false,
    "delete_only_patch": false,
    "has_suppression_all_hunks": false,
    "full_warning_msg": "autoPyTorch/pipeline/components/setup/network/backbone/time_series.py:25:17 Incompatible variable type [9]: bottleneck is declared to have type `int` but is used as type `None`.",
    "message": " bottleneck is declared to have type `int` but is used as type `None`.",
    "rule_id": "Incompatible variable type [9]",
    "warning_line_no": 25,
    "warning_line": "                 bottleneck: int = None):"
  },
  {
    "project": "automl/Auto-PyTorch",
    "commit": "2e7b462c8a75110115f7fcb0115f8cf745f4b6e3",
    "filename": "autoPyTorch/pipeline/components/setup/network/base_network_choice.py",
    "filename_after_commit": "/home/chowyi/TypeAnnotation_Study/GitHub/automl-Auto-PyTorch/autoPyTorch/pipeline/components/setup/network_backbone/base_network_backbone_choice.py",
    "file_hunks_size": 12,
    "min_patch_found": false,
    "single_hunk": false,
    "fit_TFix": false,
    "delete_only_patch": false,
    "has_suppression_all_hunks": false,
    "full_warning_msg": "autoPyTorch/pipeline/components/setup/network/base_network_choice.py:31:4 Inconsistent override [14]: `autoPyTorch.pipeline.components.setup.network.base_network_choice.NetworkChoice.get_components` overrides method defined in `autoPyTorchChoice` inconsistently. Could not find parameter `cls` in overriding signature.",
    "message": " `autoPyTorch.pipeline.components.setup.network.base_network_choice.NetworkChoice.get_components` overrides method defined in `autoPyTorchChoice` inconsistently. Could not find parameter `cls` in overriding signature.",
    "rule_id": "Inconsistent override [14]",
    "warning_line_no": 31,
    "warning_line": "    def get_components(self) -> Dict[str, autoPyTorchComponent]:"
  },
  {
    "project": "automl/Auto-PyTorch",
    "commit": "2e7b462c8a75110115f7fcb0115f8cf745f4b6e3",
    "filename": "autoPyTorch/pipeline/components/setup/network/base_network_choice.py",
    "filename_after_commit": "/home/chowyi/TypeAnnotation_Study/GitHub/automl-Auto-PyTorch/autoPyTorch/pipeline/components/setup/network_backbone/base_network_backbone_choice.py",
    "file_hunks_size": 12,
    "min_patch_found": false,
    "single_hunk": false,
    "fit_TFix": false,
    "delete_only_patch": false,
    "has_suppression_all_hunks": false,
    "full_warning_msg": "autoPyTorch/pipeline/components/setup/network/base_network_choice.py:44:4 Inconsistent override [14]: `autoPyTorch.pipeline.components.setup.network.base_network_choice.NetworkChoice.get_available_components` overrides method defined in `autoPyTorchChoice` inconsistently. Parameter of type `List[str]` is not a supertype of the overridden parameter `Optional[List[str]]`.",
    "message": " `autoPyTorch.pipeline.components.setup.network.base_network_choice.NetworkChoice.get_available_components` overrides method defined in `autoPyTorchChoice` inconsistently. Parameter of type `List[str]` is not a supertype of the overridden parameter `Optional[List[str]]`.",
    "rule_id": "Inconsistent override [14]",
    "warning_line_no": 44,
    "warning_line": "    def get_available_components("
  },
  {
    "project": "automl/Auto-PyTorch",
    "commit": "2e7b462c8a75110115f7fcb0115f8cf745f4b6e3",
    "filename": "autoPyTorch/pipeline/components/setup/network/base_network_choice.py",
    "filename_after_commit": "/home/chowyi/TypeAnnotation_Study/GitHub/automl-Auto-PyTorch/autoPyTorch/pipeline/components/setup/network_backbone/base_network_backbone_choice.py",
    "file_hunks_size": 12,
    "min_patch_found": false,
    "single_hunk": false,
    "fit_TFix": false,
    "delete_only_patch": false,
    "has_suppression_all_hunks": false,
    "full_warning_msg": "autoPyTorch/pipeline/components/setup/network/base_network_choice.py:47:12 Incompatible variable type [9]: include is declared to have type `List[str]` but is used as type `None`.",
    "message": " include is declared to have type `List[str]` but is used as type `None`.",
    "rule_id": "Incompatible variable type [9]",
    "warning_line_no": 47,
    "warning_line": "            include: List[str] = None,"
  },
  {
    "project": "automl/Auto-PyTorch",
    "commit": "2e7b462c8a75110115f7fcb0115f8cf745f4b6e3",
    "filename": "autoPyTorch/pipeline/components/setup/network/base_network_choice.py",
    "filename_after_commit": "/home/chowyi/TypeAnnotation_Study/GitHub/automl-Auto-PyTorch/autoPyTorch/pipeline/components/setup/network_backbone/base_network_backbone_choice.py",
    "file_hunks_size": 12,
    "min_patch_found": false,
    "single_hunk": false,
    "fit_TFix": false,
    "delete_only_patch": false,
    "has_suppression_all_hunks": false,
    "full_warning_msg": "autoPyTorch/pipeline/components/setup/network/base_network_choice.py:48:12 Incompatible variable type [9]: exclude is declared to have type `List[str]` but is used as type `None`.",
    "message": " exclude is declared to have type `List[str]` but is used as type `None`.",
    "rule_id": "Incompatible variable type [9]",
    "warning_line_no": 48,
    "warning_line": "            exclude: List[str] = None,"
  },
  {
    "project": "automl/Auto-PyTorch",
    "commit": "2e7b462c8a75110115f7fcb0115f8cf745f4b6e3",
    "filename": "autoPyTorch/pipeline/components/setup/network/base_network_choice.py",
    "filename_after_commit": "/home/chowyi/TypeAnnotation_Study/GitHub/automl-Auto-PyTorch/autoPyTorch/pipeline/components/setup/network_backbone/base_network_backbone_choice.py",
    "file_hunks_size": 12,
    "min_patch_found": false,
    "single_hunk": false,
    "fit_TFix": false,
    "delete_only_patch": false,
    "has_suppression_all_hunks": false,
    "full_warning_msg": "autoPyTorch/pipeline/components/setup/network/base_network_choice.py:127:12 Incompatible parameter type [6]: Expected `List[str]` for 2nd parameter `include` to call `NetworkChoice.get_available_components` but got `Optional[List[str]]`.",
    "message": " Expected `List[str]` for 2nd parameter `include` to call `NetworkChoice.get_available_components` but got `Optional[List[str]]`.",
    "rule_id": "Incompatible parameter type [6]",
    "warning_line_no": 127,
    "warning_line": "            include=include, exclude=exclude)"
  },
  {
    "project": "automl/Auto-PyTorch",
    "commit": "2e7b462c8a75110115f7fcb0115f8cf745f4b6e3",
    "filename": "autoPyTorch/pipeline/components/setup/network/base_network_choice.py",
    "filename_after_commit": "/home/chowyi/TypeAnnotation_Study/GitHub/automl-Auto-PyTorch/autoPyTorch/pipeline/components/setup/network_backbone/base_network_backbone_choice.py",
    "file_hunks_size": 12,
    "min_patch_found": false,
    "single_hunk": false,
    "fit_TFix": false,
    "delete_only_patch": false,
    "has_suppression_all_hunks": false,
    "full_warning_msg": "autoPyTorch/pipeline/components/setup/network/base_network_choice.py:127:29 Incompatible parameter type [6]: Expected `List[str]` for 3rd parameter `exclude` to call `NetworkChoice.get_available_components` but got `Optional[List[str]]`.",
    "message": " Expected `List[str]` for 3rd parameter `exclude` to call `NetworkChoice.get_available_components` but got `Optional[List[str]]`.",
    "rule_id": "Incompatible parameter type [6]",
    "warning_line_no": 127,
    "warning_line": "            include=include, exclude=exclude)"
  },
  {
    "project": "automl/Auto-PyTorch",
    "commit": "2e7b462c8a75110115f7fcb0115f8cf745f4b6e3",
    "filename": "autoPyTorch/pipeline/components/setup/network/base_network_choice.py",
    "filename_after_commit": "/home/chowyi/TypeAnnotation_Study/GitHub/automl-Auto-PyTorch/autoPyTorch/pipeline/components/setup/network_backbone/base_network_backbone_choice.py",
    "file_hunks_size": 12,
    "min_patch_found": false,
    "single_hunk": false,
    "fit_TFix": false,
    "delete_only_patch": false,
    "has_suppression_all_hunks": false,
    "full_warning_msg": "autoPyTorch/pipeline/components/setup/network/base_network_choice.py:159:4 Inconsistent override [15]: `autoPyTorch.pipeline.components.setup.network.base_network_choice.NetworkChoice.transform` overrides method defined in `autoPyTorchChoice` inconsistently. Returned type `unknown` is not a subtype of the overridden return `Dict[str, typing.Any]`.",
    "message": " `autoPyTorch.pipeline.components.setup.network.base_network_choice.NetworkChoice.transform` overrides method defined in `autoPyTorchChoice` inconsistently. Returned type `unknown` is not a subtype of the overridden return `Dict[str, typing.Any]`.",
    "rule_id": "Inconsistent override [15]",
    "warning_line_no": 159,
    "warning_line": "    def transform(self, X: np.ndarray) -> np.ndarray:"
  }
]