[
  {
    "project": "ammaraskar/pyCraft",
    "commit": "969419da3f29a6540a17b416f18e7bb89dac58c5",
    "filename": "minecraft/networking/types/utility.py",
    "filename_after_commit": "/home/chowyi/TypeAnnotation_Study/GitHub/ammaraskar-pyCraft/minecraft/networking/types/utility.py",
    "file_hunks_size": 2,
    "min_patch_found": false,
    "single_hunk": false,
    "fit_TFix": false,
    "delete_only_patch": false,
    "has_suppression_all_hunks": false,
    "full_warning_msg": "minecraft/networking/types/utility.py:200:4 Inconsistent override [15]: `__slots__` overrides attribute defined in `overridable_descriptor` inconsistently. Type `typing.Tuple[str, str]` is not a subtype of the overridden attribute `typing.Tuple[str]`.",
    "message": " `__slots__` overrides attribute defined in `overridable_descriptor` inconsistently. Type `typing.Tuple[str, str]` is not a subtype of the overridden attribute `typing.Tuple[str]`.",
    "rule_id": "Inconsistent override [15]",
    "warning_line_no": 200,
    "warning_line": "    __slots__ = '_fset', '_fdel'"
  }
]