[
  {
    "project": "bethgelab/foolbox",
    "commit": "470ea99156328d22eb48548372b1d2d89b86db63",
    "filename": "foolbox/attacks/fast_gradient_method.py",
    "filename_after_commit": "/home/chowyi/TypeAnnotation_Study/GitHub/bethgelab-foolbox/foolbox/attacks/fast_gradient_method.py",
    "file_hunks_size": 6,
    "min_patch_found": false,
    "single_hunk": false,
    "fit_TFix": false,
    "delete_only_patch": false,
    "has_suppression_all_hunks": false,
    "full_warning_msg": "foolbox/attacks/fast_gradient_method.py:32:8 Incompatible return type [7]: Expected `Variable[T]` but got implicit return value of `None`.",
    "message": " Expected `Variable[T]` but got implicit return value of `None`.",
    "rule_id": "Incompatible return type [7]",
    "warning_line_no": 32,
    "warning_line": "        super().run(model, inputs, criterion, epsilon, **kwargs)"
  },
  {
    "project": "bethgelab/foolbox",
    "commit": "470ea99156328d22eb48548372b1d2d89b86db63",
    "filename": "foolbox/attacks/fast_gradient_method.py",
    "filename_after_commit": "/home/chowyi/TypeAnnotation_Study/GitHub/bethgelab-foolbox/foolbox/attacks/fast_gradient_method.py",
    "file_hunks_size": 6,
    "min_patch_found": false,
    "single_hunk": false,
    "fit_TFix": false,
    "delete_only_patch": false,
    "has_suppression_all_hunks": false,
    "full_warning_msg": "foolbox/attacks/fast_gradient_method.py:57:8 Incompatible return type [7]: Expected `Variable[T]` but got implicit return value of `None`.",
    "message": " Expected `Variable[T]` but got implicit return value of `None`.",
    "rule_id": "Incompatible return type [7]",
    "warning_line_no": 57,
    "warning_line": "        super().run(model, inputs, criterion, epsilon, **kwargs)"
  },
  {
    "project": "bethgelab/foolbox",
    "commit": "470ea99156328d22eb48548372b1d2d89b86db63",
    "filename": "foolbox/attacks/fast_gradient_method.py",
    "filename_after_commit": "/home/chowyi/TypeAnnotation_Study/GitHub/bethgelab-foolbox/foolbox/attacks/fast_gradient_method.py",
    "file_hunks_size": 6,
    "min_patch_found": false,
    "single_hunk": false,
    "fit_TFix": false,
    "delete_only_patch": false,
    "has_suppression_all_hunks": false,
    "full_warning_msg": "foolbox/attacks/fast_gradient_method.py:82:8 Incompatible return type [7]: Expected `Variable[T]` but got implicit return value of `None`.",
    "message": " Expected `Variable[T]` but got implicit return value of `None`.",
    "rule_id": "Incompatible return type [7]",
    "warning_line_no": 82,
    "warning_line": "        super().run(model, inputs, criterion, epsilon, **kwargs)"
  }
]