[
  {
    "project": "asappresearch/flambe",
    "commit": "ed50459c5a6d03d1729355de862fbc8c517c4e8d",
    "filename": "flambe/field/label.py",
    "filename_after_commit": "/home/chowyi/TypeAnnotation_Study/GitHub/asappresearch-flambe/flambe/field/label.py",
    "file_hunks_size": 1,
    "min_patch_found": true,
    "single_hunk": true,
    "fit_TFix": true,
    "delete_only_patch": false,
    "has_suppression_all_hunks": false,
    "full_warning_msg": "flambe/field/label.py:45:35 Unbound name [10]: Name `Dict` is used but not defined in the current scope.",
    "message": " Name `Dict` is used but not defined in the current scope.",
    "rule_id": "Unbound name [10]",
    "warning_line_no": 45,
    "warning_line": "            self.label_count_dict: Dict[str, int] = {label: 0 for label in self.vocab}",
    "min_patch": [
      {
        "hunk_fit_TFix": true,
        "inside_window": true,
        "delete_only": false,
        "has_suppression": false,
        "source_code": "            self.vocab = odict((label, i) for i, label in enumerate(labels))\n            self.label_count_dict: Dict[str, int] = {label: 0 for label in self.vocab}\n        else:\n",
        "source_code_len": 178,
        "target_code": "            self.vocab = odict((label, i) for i, label in enumerate(labels))\n            self.label_count_dict = {label: 0 for label in self.vocab}\n        else:\n",
        "target_code_len": 162,
        "diff_format": "@@ -44,3 +44,3 @@\n             self.vocab = odict((label, i) for i, label in enumerate(labels))\n-            self.label_count_dict: Dict[str, int] = {label: 0 for label in self.vocab}\n+            self.label_count_dict = {label: 0 for label in self.vocab}\n         else:\n",
        "source_code_with_indent": "            self.vocab = odict((label, i) for i, label in enumerate(labels))\n            self.label_count_dict: Dict[str, int] = {label: 0 for label in self.vocab}\n        <DED>else:\n",
        "source_code_with_indent_exact_match": true,
        "target_code_with_indent": "            self.vocab = odict((label, i) for i, label in enumerate(labels))\n            self.label_count_dict = {label: 0 for label in self.vocab}\n        <DED>else:\n",
        "target_code_with_indent_exact_match": true
      }
    ]
  }
]