[
  {
    "project": "alexa/alexa-skills-kit-sdk-for-python",
    "commit": "bf4e34baa5f83dabf6a3c88fed7488786b59f949",
    "filename": "ask-sdk-core/ask_sdk_core/serialize.py",
    "filename_after_commit": "/home/chowyi/TypeAnnotation_Study/GitHub/alexa-alexa-skills-kit-sdk-for-python/ask-sdk-core/ask_sdk_core/serialize.py",
    "file_hunks_size": 2,
    "min_patch_found": true,
    "single_hunk": true,
    "fit_TFix": false,
    "delete_only_patch": false,
    "has_suppression_all_hunks": false,
    "full_warning_msg": "ask-sdk-core/ask_sdk_core/serialize.py:38:19 Unbound name [10]: Name `unicode` is used but not defined in the current scope.",
    "message": " Name `unicode` is used but not defined in the current scope.",
    "rule_id": "Unbound name [10]",
    "warning_line_no": 38,
    "warning_line": "    unicode_type = unicode",
    "min_patch": [
      {
        "hunk_fit_TFix": false,
        "inside_window": true,
        "delete_only": false,
        "has_suppression": false,
        "source_code": "\nif PY3:\n    unicode_type = str\nelse:\n    unicode_type = unicode\n\n",
        "source_code_len": 66,
        "target_code": "\nunicode_type = text_type\n\ntry:\n    long        # Python 2\nexcept NameError:\n    long = int  # Python 3\n\n",
        "target_code_len": 105,
        "diff_format": "@@ -34,6 +34,8 @@\n \n-if PY3:\n-    unicode_type = str\n-else:\n-    unicode_type = unicode\n+unicode_type = text_type\n+\n+try:\n+    long        # Python 2\n+except NameError:\n+    long = int  # Python 3\n \n",
        "source_code_with_indent": "\nif PY3:\n    <IND>unicode_type = str\n<DED>else:\n    <IND>unicode_type = unicode\n\n",
        "source_code_with_indent_exact_match": true,
        "target_code_with_indent": "\nunicode_type = text_type\n\ntry:\n    <IND>long        # Python 2\n<DED>except NameError:\n    <IND>long = int  # Python 3\n\n",
        "target_code_with_indent_exact_match": true
      }
    ]
  },
  {
    "project": "alexa/alexa-skills-kit-sdk-for-python",
    "commit": "bf4e34baa5f83dabf6a3c88fed7488786b59f949",
    "filename": "ask-sdk-core/ask_sdk_core/serialize.py",
    "filename_after_commit": "/home/chowyi/TypeAnnotation_Study/GitHub/alexa-alexa-skills-kit-sdk-for-python/ask-sdk-core/ask_sdk_core/serialize.py",
    "file_hunks_size": 2,
    "min_patch_found": true,
    "single_hunk": true,
    "fit_TFix": false,
    "delete_only_patch": false,
    "has_suppression_all_hunks": false,
    "full_warning_msg": "ask-sdk-core/ask_sdk_core/serialize.py:49:32 Unbound name [10]: Name `long` is used but not defined in the current scope.",
    "message": " Name `long` is used but not defined in the current scope.",
    "rule_id": "Unbound name [10]",
    "warning_line_no": 49,
    "warning_line": "        'long': int if PY3 else long,",
    "min_patch": [
      {
        "hunk_fit_TFix": false,
        "inside_window": false,
        "delete_only": false,
        "has_suppression": false,
        "source_code": "\nif PY3:\n    unicode_type = str\nelse:\n    unicode_type = unicode\n\n",
        "source_code_len": 66,
        "target_code": "\nunicode_type = text_type\n\ntry:\n    long        # Python 2\nexcept NameError:\n    long = int  # Python 3\n\n",
        "target_code_len": 105,
        "diff_format": "@@ -34,6 +34,8 @@\n \n-if PY3:\n-    unicode_type = str\n-else:\n-    unicode_type = unicode\n+unicode_type = text_type\n+\n+try:\n+    long        # Python 2\n+except NameError:\n+    long = int  # Python 3\n \n",
        "source_code_with_indent": "\nif PY3:\n    <IND>unicode_type = str\n<DED>else:\n    <IND>unicode_type = unicode\n\n",
        "source_code_with_indent_exact_match": true,
        "target_code_with_indent": "\nunicode_type = text_type\n\ntry:\n    <IND>long        # Python 2\n<DED>except NameError:\n    <IND>long = int  # Python 3\n\n",
        "target_code_with_indent_exact_match": true
      }
    ]
  }
]