[
  {
    "project": "automl/Auto-PyTorch",
    "commit": "855c57eea909cd8aed972928b655f50905c00367",
    "filename": "autoPyTorch/pipeline/components/preprocessing/image_preprocessing/normalise/base_normalizer_choice.py",
    "min_patch_found": false,
    "full_warning_msg": "autoPyTorch/pipeline/components/preprocessing/image_preprocessing/normalise/base_normalizer_choice.py:34:4 Inconsistent override [14]: `autoPyTorch.pipeline.components.preprocessing.image_preprocessing.normalise.base_normalizer_choice.NormalizerChoice.get_components` overrides method defined in `autoPyTorchChoice` inconsistently. Could not find parameter `cls` in overriding signature.",
    "exception": "[Errno 2] No such file or directory: '/home/chowyi/TypeAnnotation_Study/GitHub/automl-Auto-PyTorch/autoPyTorch/pipeline/components/preprocessing/image_preprocessing/normalise/base_normalizer_choice.py'",
    "dd_fail": true
  },
  {
    "project": "automl/Auto-PyTorch",
    "commit": "855c57eea909cd8aed972928b655f50905c00367",
    "filename": "autoPyTorch/pipeline/components/preprocessing/tabular_preprocessing/encoding/base_encoder_choice.py",
    "min_patch_found": false,
    "full_warning_msg": "autoPyTorch/pipeline/components/preprocessing/tabular_preprocessing/encoding/base_encoder_choice.py:33:4 Inconsistent override [14]: `autoPyTorch.pipeline.components.preprocessing.tabular_preprocessing.encoding.base_encoder_choice.EncoderChoice.get_components` overrides method defined in `autoPyTorchChoice` inconsistently. Could not find parameter `cls` in overriding signature.",
    "exception": "[Errno 2] No such file or directory: '/home/chowyi/TypeAnnotation_Study/GitHub/automl-Auto-PyTorch/autoPyTorch/pipeline/components/preprocessing/tabular_preprocessing/encoding/base_encoder_choice.py'",
    "dd_fail": true
  },
  {
    "project": "automl/Auto-PyTorch",
    "commit": "855c57eea909cd8aed972928b655f50905c00367",
    "filename": "autoPyTorch/pipeline/components/preprocessing/tabular_preprocessing/feature_preprocessing/base_feature_preprocessor_choice.py",
    "min_patch_found": false,
    "full_warning_msg": "autoPyTorch/pipeline/components/preprocessing/tabular_preprocessing/feature_preprocessing/base_feature_preprocessor_choice.py:33:4 Inconsistent override [14]: `autoPyTorch.pipeline.components.preprocessing.tabular_preprocessing.feature_preprocessing.base_feature_preprocessor_choice.FeatureProprocessorChoice.get_components` overrides method defined in `autoPyTorchChoice` inconsistently. Could not find parameter `cls` in overriding signature.",
    "exception": "[Errno 2] No such file or directory: '/home/chowyi/TypeAnnotation_Study/GitHub/automl-Auto-PyTorch/autoPyTorch/pipeline/components/preprocessing/tabular_preprocessing/feature_preprocessing/base_feature_preprocessor_choice.py'",
    "dd_fail": true
  },
  {
    "project": "automl/Auto-PyTorch",
    "commit": "855c57eea909cd8aed972928b655f50905c00367",
    "filename": "autoPyTorch/pipeline/components/preprocessing/tabular_preprocessing/scaling/base_scaler_choice.py",
    "min_patch_found": false,
    "full_warning_msg": "autoPyTorch/pipeline/components/preprocessing/tabular_preprocessing/scaling/base_scaler_choice.py:33:4 Inconsistent override [14]: `autoPyTorch.pipeline.components.preprocessing.tabular_preprocessing.scaling.base_scaler_choice.ScalerChoice.get_components` overrides method defined in `autoPyTorchChoice` inconsistently. Could not find parameter `cls` in overriding signature.",
    "exception": "[Errno 2] No such file or directory: '/home/chowyi/TypeAnnotation_Study/GitHub/automl-Auto-PyTorch/autoPyTorch/pipeline/components/preprocessing/tabular_preprocessing/scaling/base_scaler_choice.py'",
    "dd_fail": true
  },
  {
    "project": "automl/Auto-PyTorch",
    "commit": "855c57eea909cd8aed972928b655f50905c00367",
    "filename": "autoPyTorch/pipeline/components/setup/lr_scheduler/base_scheduler_choice.py",
    "min_patch_found": false,
    "full_warning_msg": "autoPyTorch/pipeline/components/setup/lr_scheduler/base_scheduler_choice.py:31:4 Inconsistent override [14]: `autoPyTorch.pipeline.components.setup.lr_scheduler.base_scheduler_choice.SchedulerChoice.get_components` overrides method defined in `autoPyTorchChoice` inconsistently. Could not find parameter `cls` in overriding signature.",
    "exception": "[Errno 2] No such file or directory: '/home/chowyi/TypeAnnotation_Study/GitHub/automl-Auto-PyTorch/autoPyTorch/pipeline/components/setup/lr_scheduler/base_scheduler_choice.py'",
    "dd_fail": true
  },
  {
    "project": "automl/Auto-PyTorch",
    "commit": "855c57eea909cd8aed972928b655f50905c00367",
    "filename": "autoPyTorch/pipeline/components/setup/lr_scheduler/base_scheduler_choice.py",
    "min_patch_found": false,
    "full_warning_msg": "autoPyTorch/pipeline/components/setup/lr_scheduler/base_scheduler_choice.py:46:4 Inconsistent override [14]: `autoPyTorch.pipeline.components.setup.lr_scheduler.base_scheduler_choice.SchedulerChoice.get_available_components` overrides method defined in `autoPyTorchChoice` inconsistently. Parameter of type `List[str]` is not a supertype of the overridden parameter `Optional[List[str]]`.",
    "exception": "[Errno 2] No such file or directory: '/home/chowyi/TypeAnnotation_Study/GitHub/automl-Auto-PyTorch/autoPyTorch/pipeline/components/setup/lr_scheduler/base_scheduler_choice.py'",
    "dd_fail": true
  },
  {
    "project": "automl/Auto-PyTorch",
    "commit": "855c57eea909cd8aed972928b655f50905c00367",
    "filename": "autoPyTorch/pipeline/components/setup/lr_scheduler/base_scheduler_choice.py",
    "min_patch_found": false,
    "full_warning_msg": "autoPyTorch/pipeline/components/setup/lr_scheduler/base_scheduler_choice.py:49:8 Incompatible variable type [9]: include is declared to have type `List[str]` but is used as type `None`.",
    "exception": "[Errno 2] No such file or directory: '/home/chowyi/TypeAnnotation_Study/GitHub/automl-Auto-PyTorch/autoPyTorch/pipeline/components/setup/lr_scheduler/base_scheduler_choice.py'",
    "dd_fail": true
  },
  {
    "project": "automl/Auto-PyTorch",
    "commit": "855c57eea909cd8aed972928b655f50905c00367",
    "filename": "autoPyTorch/pipeline/components/setup/lr_scheduler/base_scheduler_choice.py",
    "min_patch_found": false,
    "full_warning_msg": "autoPyTorch/pipeline/components/setup/lr_scheduler/base_scheduler_choice.py:50:8 Incompatible variable type [9]: exclude is declared to have type `List[str]` but is used as type `None`.",
    "exception": "[Errno 2] No such file or directory: '/home/chowyi/TypeAnnotation_Study/GitHub/automl-Auto-PyTorch/autoPyTorch/pipeline/components/setup/lr_scheduler/base_scheduler_choice.py'",
    "dd_fail": true
  },
  {
    "project": "automl/Auto-PyTorch",
    "commit": "855c57eea909cd8aed972928b655f50905c00367",
    "filename": "autoPyTorch/pipeline/components/setup/lr_scheduler/base_scheduler_choice.py",
    "min_patch_found": false,
    "full_warning_msg": "autoPyTorch/pipeline/components/setup/lr_scheduler/base_scheduler_choice.py:134:12 Incompatible parameter type [6]: Expected `List[str]` for 2nd parameter `include` to call `SchedulerChoice.get_available_components` but got `Optional[List[str]]`.",
    "exception": "[Errno 2] No such file or directory: '/home/chowyi/TypeAnnotation_Study/GitHub/automl-Auto-PyTorch/autoPyTorch/pipeline/components/setup/lr_scheduler/base_scheduler_choice.py'",
    "dd_fail": true
  },
  {
    "project": "automl/Auto-PyTorch",
    "commit": "855c57eea909cd8aed972928b655f50905c00367",
    "filename": "autoPyTorch/pipeline/components/setup/lr_scheduler/base_scheduler_choice.py",
    "min_patch_found": false,
    "full_warning_msg": "autoPyTorch/pipeline/components/setup/lr_scheduler/base_scheduler_choice.py:134:29 Incompatible parameter type [6]: Expected `List[str]` for 3rd parameter `exclude` to call `SchedulerChoice.get_available_components` but got `Optional[List[str]]`.",
    "exception": "[Errno 2] No such file or directory: '/home/chowyi/TypeAnnotation_Study/GitHub/automl-Auto-PyTorch/autoPyTorch/pipeline/components/setup/lr_scheduler/base_scheduler_choice.py'",
    "dd_fail": true
  },
  {
    "project": "automl/Auto-PyTorch",
    "commit": "855c57eea909cd8aed972928b655f50905c00367",
    "filename": "autoPyTorch/pipeline/components/setup/lr_scheduler/base_scheduler_choice.py",
    "min_patch_found": false,
    "full_warning_msg": "autoPyTorch/pipeline/components/setup/lr_scheduler/base_scheduler_choice.py:185:4 Inconsistent override [15]: `autoPyTorch.pipeline.components.setup.lr_scheduler.base_scheduler_choice.SchedulerChoice.transform` overrides method defined in `autoPyTorchChoice` inconsistently. Returned type `unknown` is not a subtype of the overridden return `Dict[str, typing.Any]`.",
    "exception": "[Errno 2] No such file or directory: '/home/chowyi/TypeAnnotation_Study/GitHub/automl-Auto-PyTorch/autoPyTorch/pipeline/components/setup/lr_scheduler/base_scheduler_choice.py'",
    "dd_fail": true
  },
  {
    "project": "automl/Auto-PyTorch",
    "commit": "855c57eea909cd8aed972928b655f50905c00367",
    "filename": "autoPyTorch/pipeline/components/setup/network_backbone/base_network_backbone_choice.py",
    "min_patch_found": false,
    "full_warning_msg": "autoPyTorch/pipeline/components/setup/network_backbone/base_network_backbone_choice.py:33:4 Inconsistent override [14]: `autoPyTorch.pipeline.components.setup.network_backbone.base_network_backbone_choice.NetworkBackboneChoice.get_components` overrides method defined in `autoPyTorchChoice` inconsistently. Could not find parameter `cls` in overriding signature.",
    "exception": "[Errno 2] No such file or directory: '/home/chowyi/TypeAnnotation_Study/GitHub/automl-Auto-PyTorch/autoPyTorch/pipeline/components/setup/network_backbone/base_network_backbone_choice.py'",
    "dd_fail": true
  },
  {
    "project": "automl/Auto-PyTorch",
    "commit": "855c57eea909cd8aed972928b655f50905c00367",
    "filename": "autoPyTorch/pipeline/components/setup/network_backbone/base_network_backbone_choice.py",
    "min_patch_found": false,
    "full_warning_msg": "autoPyTorch/pipeline/components/setup/network_backbone/base_network_backbone_choice.py:48:4 Inconsistent override [14]: `autoPyTorch.pipeline.components.setup.network_backbone.base_network_backbone_choice.NetworkBackboneChoice.get_available_components` overrides method defined in `autoPyTorchChoice` inconsistently. Parameter of type `List[str]` is not a supertype of the overridden parameter `Optional[List[str]]`.",
    "exception": "[Errno 2] No such file or directory: '/home/chowyi/TypeAnnotation_Study/GitHub/automl-Auto-PyTorch/autoPyTorch/pipeline/components/setup/network_backbone/base_network_backbone_choice.py'",
    "dd_fail": true
  },
  {
    "project": "automl/Auto-PyTorch",
    "commit": "855c57eea909cd8aed972928b655f50905c00367",
    "filename": "autoPyTorch/pipeline/components/setup/network_backbone/base_network_backbone_choice.py",
    "min_patch_found": false,
    "full_warning_msg": "autoPyTorch/pipeline/components/setup/network_backbone/base_network_backbone_choice.py:51:8 Incompatible variable type [9]: include is declared to have type `List[str]` but is used as type `None`.",
    "exception": "[Errno 2] No such file or directory: '/home/chowyi/TypeAnnotation_Study/GitHub/automl-Auto-PyTorch/autoPyTorch/pipeline/components/setup/network_backbone/base_network_backbone_choice.py'",
    "dd_fail": true
  },
  {
    "project": "automl/Auto-PyTorch",
    "commit": "855c57eea909cd8aed972928b655f50905c00367",
    "filename": "autoPyTorch/pipeline/components/setup/network_backbone/base_network_backbone_choice.py",
    "min_patch_found": false,
    "full_warning_msg": "autoPyTorch/pipeline/components/setup/network_backbone/base_network_backbone_choice.py:52:8 Incompatible variable type [9]: exclude is declared to have type `List[str]` but is used as type `None`.",
    "exception": "[Errno 2] No such file or directory: '/home/chowyi/TypeAnnotation_Study/GitHub/automl-Auto-PyTorch/autoPyTorch/pipeline/components/setup/network_backbone/base_network_backbone_choice.py'",
    "dd_fail": true
  },
  {
    "project": "automl/Auto-PyTorch",
    "commit": "855c57eea909cd8aed972928b655f50905c00367",
    "filename": "autoPyTorch/pipeline/components/setup/network_backbone/base_network_backbone_choice.py",
    "min_patch_found": false,
    "full_warning_msg": "autoPyTorch/pipeline/components/setup/network_backbone/base_network_backbone_choice.py:145:12 Incompatible parameter type [6]: Expected `List[str]` for 2nd parameter `include` to call `NetworkBackboneChoice.get_available_components` but got `Optional[List[str]]`.",
    "exception": "[Errno 2] No such file or directory: '/home/chowyi/TypeAnnotation_Study/GitHub/automl-Auto-PyTorch/autoPyTorch/pipeline/components/setup/network_backbone/base_network_backbone_choice.py'",
    "dd_fail": true
  },
  {
    "project": "automl/Auto-PyTorch",
    "commit": "855c57eea909cd8aed972928b655f50905c00367",
    "filename": "autoPyTorch/pipeline/components/setup/network_backbone/base_network_backbone_choice.py",
    "min_patch_found": false,
    "full_warning_msg": "autoPyTorch/pipeline/components/setup/network_backbone/base_network_backbone_choice.py:145:29 Incompatible parameter type [6]: Expected `List[str]` for 3rd parameter `exclude` to call `NetworkBackboneChoice.get_available_components` but got `Optional[List[str]]`.",
    "exception": "[Errno 2] No such file or directory: '/home/chowyi/TypeAnnotation_Study/GitHub/automl-Auto-PyTorch/autoPyTorch/pipeline/components/setup/network_backbone/base_network_backbone_choice.py'",
    "dd_fail": true
  },
  {
    "project": "automl/Auto-PyTorch",
    "commit": "855c57eea909cd8aed972928b655f50905c00367",
    "filename": "autoPyTorch/pipeline/components/setup/network_backbone/base_network_backbone_choice.py",
    "min_patch_found": false,
    "full_warning_msg": "autoPyTorch/pipeline/components/setup/network_backbone/base_network_backbone_choice.py:194:4 Inconsistent override [15]: `autoPyTorch.pipeline.components.setup.network_backbone.base_network_backbone_choice.NetworkBackboneChoice.transform` overrides method defined in `autoPyTorchChoice` inconsistently. Returned type `unknown` is not a subtype of the overridden return `Dict[str, typing.Any]`.",
    "exception": "[Errno 2] No such file or directory: '/home/chowyi/TypeAnnotation_Study/GitHub/automl-Auto-PyTorch/autoPyTorch/pipeline/components/setup/network_backbone/base_network_backbone_choice.py'",
    "dd_fail": true
  },
  {
    "project": "automl/Auto-PyTorch",
    "commit": "855c57eea909cd8aed972928b655f50905c00367",
    "filename": "autoPyTorch/pipeline/components/setup/network_embedding/base_network_embedding_choice.py",
    "min_patch_found": false,
    "full_warning_msg": "autoPyTorch/pipeline/components/setup/network_embedding/base_network_embedding_choice.py:33:4 Inconsistent override [14]: `autoPyTorch.pipeline.components.setup.network_embedding.base_network_embedding_choice.NetworkEmbeddingChoice.get_components` overrides method defined in `autoPyTorchChoice` inconsistently. Could not find parameter `cls` in overriding signature.",
    "exception": "[Errno 2] No such file or directory: '/home/chowyi/TypeAnnotation_Study/GitHub/automl-Auto-PyTorch/autoPyTorch/pipeline/components/setup/network_embedding/base_network_embedding_choice.py'",
    "dd_fail": true
  },
  {
    "project": "automl/Auto-PyTorch",
    "commit": "855c57eea909cd8aed972928b655f50905c00367",
    "filename": "autoPyTorch/pipeline/components/setup/network_embedding/base_network_embedding_choice.py",
    "min_patch_found": false,
    "full_warning_msg": "autoPyTorch/pipeline/components/setup/network_embedding/base_network_embedding_choice.py:48:4 Inconsistent override [14]: `autoPyTorch.pipeline.components.setup.network_embedding.base_network_embedding_choice.NetworkEmbeddingChoice.get_available_components` overrides method defined in `autoPyTorchChoice` inconsistently. Parameter of type `List[str]` is not a supertype of the overridden parameter `Optional[List[str]]`.",
    "exception": "[Errno 2] No such file or directory: '/home/chowyi/TypeAnnotation_Study/GitHub/automl-Auto-PyTorch/autoPyTorch/pipeline/components/setup/network_embedding/base_network_embedding_choice.py'",
    "dd_fail": true
  },
  {
    "project": "automl/Auto-PyTorch",
    "commit": "855c57eea909cd8aed972928b655f50905c00367",
    "filename": "autoPyTorch/pipeline/components/setup/network_embedding/base_network_embedding_choice.py",
    "min_patch_found": false,
    "full_warning_msg": "autoPyTorch/pipeline/components/setup/network_embedding/base_network_embedding_choice.py:51:8 Incompatible variable type [9]: include is declared to have type `List[str]` but is used as type `None`.",
    "exception": "[Errno 2] No such file or directory: '/home/chowyi/TypeAnnotation_Study/GitHub/automl-Auto-PyTorch/autoPyTorch/pipeline/components/setup/network_embedding/base_network_embedding_choice.py'",
    "dd_fail": true
  },
  {
    "project": "automl/Auto-PyTorch",
    "commit": "855c57eea909cd8aed972928b655f50905c00367",
    "filename": "autoPyTorch/pipeline/components/setup/network_embedding/base_network_embedding_choice.py",
    "min_patch_found": false,
    "full_warning_msg": "autoPyTorch/pipeline/components/setup/network_embedding/base_network_embedding_choice.py:52:8 Incompatible variable type [9]: exclude is declared to have type `List[str]` but is used as type `None`.",
    "exception": "[Errno 2] No such file or directory: '/home/chowyi/TypeAnnotation_Study/GitHub/automl-Auto-PyTorch/autoPyTorch/pipeline/components/setup/network_embedding/base_network_embedding_choice.py'",
    "dd_fail": true
  },
  {
    "project": "automl/Auto-PyTorch",
    "commit": "855c57eea909cd8aed972928b655f50905c00367",
    "filename": "autoPyTorch/pipeline/components/setup/network_embedding/base_network_embedding_choice.py",
    "min_patch_found": false,
    "full_warning_msg": "autoPyTorch/pipeline/components/setup/network_embedding/base_network_embedding_choice.py:139:12 Incompatible parameter type [6]: Expected `List[str]` for 2nd parameter `include` to call `NetworkEmbeddingChoice.get_available_components` but got `Optional[List[str]]`.",
    "exception": "[Errno 2] No such file or directory: '/home/chowyi/TypeAnnotation_Study/GitHub/automl-Auto-PyTorch/autoPyTorch/pipeline/components/setup/network_embedding/base_network_embedding_choice.py'",
    "dd_fail": true
  },
  {
    "project": "automl/Auto-PyTorch",
    "commit": "855c57eea909cd8aed972928b655f50905c00367",
    "filename": "autoPyTorch/pipeline/components/setup/network_embedding/base_network_embedding_choice.py",
    "min_patch_found": false,
    "full_warning_msg": "autoPyTorch/pipeline/components/setup/network_embedding/base_network_embedding_choice.py:139:29 Incompatible parameter type [6]: Expected `List[str]` for 3rd parameter `exclude` to call `NetworkEmbeddingChoice.get_available_components` but got `Optional[List[str]]`.",
    "exception": "[Errno 2] No such file or directory: '/home/chowyi/TypeAnnotation_Study/GitHub/automl-Auto-PyTorch/autoPyTorch/pipeline/components/setup/network_embedding/base_network_embedding_choice.py'",
    "dd_fail": true
  },
  {
    "project": "automl/Auto-PyTorch",
    "commit": "855c57eea909cd8aed972928b655f50905c00367",
    "filename": "autoPyTorch/pipeline/components/setup/network_embedding/base_network_embedding_choice.py",
    "min_patch_found": false,
    "full_warning_msg": "autoPyTorch/pipeline/components/setup/network_embedding/base_network_embedding_choice.py:202:4 Inconsistent override [15]: `autoPyTorch.pipeline.components.setup.network_embedding.base_network_embedding_choice.NetworkEmbeddingChoice.transform` overrides method defined in `autoPyTorchChoice` inconsistently. Returned type `unknown` is not a subtype of the overridden return `Dict[str, typing.Any]`.",
    "exception": "[Errno 2] No such file or directory: '/home/chowyi/TypeAnnotation_Study/GitHub/automl-Auto-PyTorch/autoPyTorch/pipeline/components/setup/network_embedding/base_network_embedding_choice.py'",
    "dd_fail": true
  },
  {
    "project": "automl/Auto-PyTorch",
    "commit": "855c57eea909cd8aed972928b655f50905c00367",
    "filename": "autoPyTorch/pipeline/components/setup/network_head/base_network_head_choice.py",
    "min_patch_found": false,
    "full_warning_msg": "autoPyTorch/pipeline/components/setup/network_head/base_network_head_choice.py:33:4 Inconsistent override [14]: `autoPyTorch.pipeline.components.setup.network_head.base_network_head_choice.NetworkHeadChoice.get_components` overrides method defined in `autoPyTorchChoice` inconsistently. Could not find parameter `cls` in overriding signature.",
    "exception": "[Errno 2] No such file or directory: '/home/chowyi/TypeAnnotation_Study/GitHub/automl-Auto-PyTorch/autoPyTorch/pipeline/components/setup/network_head/base_network_head_choice.py'",
    "dd_fail": true
  },
  {
    "project": "automl/Auto-PyTorch",
    "commit": "855c57eea909cd8aed972928b655f50905c00367",
    "filename": "autoPyTorch/pipeline/components/setup/network_head/base_network_head_choice.py",
    "min_patch_found": false,
    "full_warning_msg": "autoPyTorch/pipeline/components/setup/network_head/base_network_head_choice.py:48:4 Inconsistent override [14]: `autoPyTorch.pipeline.components.setup.network_head.base_network_head_choice.NetworkHeadChoice.get_available_components` overrides method defined in `autoPyTorchChoice` inconsistently. Parameter of type `List[str]` is not a supertype of the overridden parameter `Optional[List[str]]`.",
    "exception": "[Errno 2] No such file or directory: '/home/chowyi/TypeAnnotation_Study/GitHub/automl-Auto-PyTorch/autoPyTorch/pipeline/components/setup/network_head/base_network_head_choice.py'",
    "dd_fail": true
  },
  {
    "project": "automl/Auto-PyTorch",
    "commit": "855c57eea909cd8aed972928b655f50905c00367",
    "filename": "autoPyTorch/pipeline/components/setup/network_head/base_network_head_choice.py",
    "min_patch_found": false,
    "full_warning_msg": "autoPyTorch/pipeline/components/setup/network_head/base_network_head_choice.py:51:8 Incompatible variable type [9]: include is declared to have type `List[str]` but is used as type `None`.",
    "exception": "[Errno 2] No such file or directory: '/home/chowyi/TypeAnnotation_Study/GitHub/automl-Auto-PyTorch/autoPyTorch/pipeline/components/setup/network_head/base_network_head_choice.py'",
    "dd_fail": true
  },
  {
    "project": "automl/Auto-PyTorch",
    "commit": "855c57eea909cd8aed972928b655f50905c00367",
    "filename": "autoPyTorch/pipeline/components/setup/network_head/base_network_head_choice.py",
    "min_patch_found": false,
    "full_warning_msg": "autoPyTorch/pipeline/components/setup/network_head/base_network_head_choice.py:52:8 Incompatible variable type [9]: exclude is declared to have type `List[str]` but is used as type `None`.",
    "exception": "[Errno 2] No such file or directory: '/home/chowyi/TypeAnnotation_Study/GitHub/automl-Auto-PyTorch/autoPyTorch/pipeline/components/setup/network_head/base_network_head_choice.py'",
    "dd_fail": true
  },
  {
    "project": "automl/Auto-PyTorch",
    "commit": "855c57eea909cd8aed972928b655f50905c00367",
    "filename": "autoPyTorch/pipeline/components/setup/network_head/base_network_head_choice.py",
    "min_patch_found": false,
    "full_warning_msg": "autoPyTorch/pipeline/components/setup/network_head/base_network_head_choice.py:145:12 Incompatible parameter type [6]: Expected `List[str]` for 2nd parameter `include` to call `NetworkHeadChoice.get_available_components` but got `Optional[List[str]]`.",
    "exception": "[Errno 2] No such file or directory: '/home/chowyi/TypeAnnotation_Study/GitHub/automl-Auto-PyTorch/autoPyTorch/pipeline/components/setup/network_head/base_network_head_choice.py'",
    "dd_fail": true
  },
  {
    "project": "automl/Auto-PyTorch",
    "commit": "855c57eea909cd8aed972928b655f50905c00367",
    "filename": "autoPyTorch/pipeline/components/setup/network_head/base_network_head_choice.py",
    "min_patch_found": false,
    "full_warning_msg": "autoPyTorch/pipeline/components/setup/network_head/base_network_head_choice.py:145:29 Incompatible parameter type [6]: Expected `List[str]` for 3rd parameter `exclude` to call `NetworkHeadChoice.get_available_components` but got `Optional[List[str]]`.",
    "exception": "[Errno 2] No such file or directory: '/home/chowyi/TypeAnnotation_Study/GitHub/automl-Auto-PyTorch/autoPyTorch/pipeline/components/setup/network_head/base_network_head_choice.py'",
    "dd_fail": true
  },
  {
    "project": "automl/Auto-PyTorch",
    "commit": "855c57eea909cd8aed972928b655f50905c00367",
    "filename": "autoPyTorch/pipeline/components/setup/network_head/base_network_head_choice.py",
    "min_patch_found": false,
    "full_warning_msg": "autoPyTorch/pipeline/components/setup/network_head/base_network_head_choice.py:191:4 Inconsistent override [15]: `autoPyTorch.pipeline.components.setup.network_head.base_network_head_choice.NetworkHeadChoice.transform` overrides method defined in `autoPyTorchChoice` inconsistently. Returned type `unknown` is not a subtype of the overridden return `Dict[str, typing.Any]`.",
    "exception": "[Errno 2] No such file or directory: '/home/chowyi/TypeAnnotation_Study/GitHub/automl-Auto-PyTorch/autoPyTorch/pipeline/components/setup/network_head/base_network_head_choice.py'",
    "dd_fail": true
  },
  {
    "project": "automl/Auto-PyTorch",
    "commit": "855c57eea909cd8aed972928b655f50905c00367",
    "filename": "autoPyTorch/pipeline/components/setup/network_initializer/base_network_init_choice.py",
    "min_patch_found": false,
    "full_warning_msg": "autoPyTorch/pipeline/components/setup/network_initializer/base_network_init_choice.py:33:4 Inconsistent override [14]: `autoPyTorch.pipeline.components.setup.network_initializer.base_network_init_choice.NetworkInitializerChoice.get_components` overrides method defined in `autoPyTorchChoice` inconsistently. Could not find parameter `cls` in overriding signature.",
    "exception": "[Errno 2] No such file or directory: '/home/chowyi/TypeAnnotation_Study/GitHub/automl-Auto-PyTorch/autoPyTorch/pipeline/components/setup/network_initializer/base_network_init_choice.py'",
    "dd_fail": true
  },
  {
    "project": "automl/Auto-PyTorch",
    "commit": "855c57eea909cd8aed972928b655f50905c00367",
    "filename": "autoPyTorch/pipeline/components/setup/network_initializer/base_network_init_choice.py",
    "min_patch_found": false,
    "full_warning_msg": "autoPyTorch/pipeline/components/setup/network_initializer/base_network_init_choice.py:48:4 Inconsistent override [14]: `autoPyTorch.pipeline.components.setup.network_initializer.base_network_init_choice.NetworkInitializerChoice.get_available_components` overrides method defined in `autoPyTorchChoice` inconsistently. Parameter of type `List[str]` is not a supertype of the overridden parameter `Optional[List[str]]`.",
    "exception": "[Errno 2] No such file or directory: '/home/chowyi/TypeAnnotation_Study/GitHub/automl-Auto-PyTorch/autoPyTorch/pipeline/components/setup/network_initializer/base_network_init_choice.py'",
    "dd_fail": true
  },
  {
    "project": "automl/Auto-PyTorch",
    "commit": "855c57eea909cd8aed972928b655f50905c00367",
    "filename": "autoPyTorch/pipeline/components/setup/network_initializer/base_network_init_choice.py",
    "min_patch_found": false,
    "full_warning_msg": "autoPyTorch/pipeline/components/setup/network_initializer/base_network_init_choice.py:51:8 Incompatible variable type [9]: include is declared to have type `List[str]` but is used as type `None`.",
    "exception": "[Errno 2] No such file or directory: '/home/chowyi/TypeAnnotation_Study/GitHub/automl-Auto-PyTorch/autoPyTorch/pipeline/components/setup/network_initializer/base_network_init_choice.py'",
    "dd_fail": true
  },
  {
    "project": "automl/Auto-PyTorch",
    "commit": "855c57eea909cd8aed972928b655f50905c00367",
    "filename": "autoPyTorch/pipeline/components/setup/network_initializer/base_network_init_choice.py",
    "min_patch_found": false,
    "full_warning_msg": "autoPyTorch/pipeline/components/setup/network_initializer/base_network_init_choice.py:52:8 Incompatible variable type [9]: exclude is declared to have type `List[str]` but is used as type `None`.",
    "exception": "[Errno 2] No such file or directory: '/home/chowyi/TypeAnnotation_Study/GitHub/automl-Auto-PyTorch/autoPyTorch/pipeline/components/setup/network_initializer/base_network_init_choice.py'",
    "dd_fail": true
  },
  {
    "project": "automl/Auto-PyTorch",
    "commit": "855c57eea909cd8aed972928b655f50905c00367",
    "filename": "autoPyTorch/pipeline/components/setup/network_initializer/base_network_init_choice.py",
    "min_patch_found": false,
    "full_warning_msg": "autoPyTorch/pipeline/components/setup/network_initializer/base_network_init_choice.py:132:12 Incompatible parameter type [6]: Expected `List[str]` for 2nd parameter `include` to call `NetworkInitializerChoice.get_available_components` but got `Optional[List[str]]`.",
    "exception": "[Errno 2] No such file or directory: '/home/chowyi/TypeAnnotation_Study/GitHub/automl-Auto-PyTorch/autoPyTorch/pipeline/components/setup/network_initializer/base_network_init_choice.py'",
    "dd_fail": true
  },
  {
    "project": "automl/Auto-PyTorch",
    "commit": "855c57eea909cd8aed972928b655f50905c00367",
    "filename": "autoPyTorch/pipeline/components/setup/network_initializer/base_network_init_choice.py",
    "min_patch_found": false,
    "full_warning_msg": "autoPyTorch/pipeline/components/setup/network_initializer/base_network_init_choice.py:132:29 Incompatible parameter type [6]: Expected `List[str]` for 3rd parameter `exclude` to call `NetworkInitializerChoice.get_available_components` but got `Optional[List[str]]`.",
    "exception": "[Errno 2] No such file or directory: '/home/chowyi/TypeAnnotation_Study/GitHub/automl-Auto-PyTorch/autoPyTorch/pipeline/components/setup/network_initializer/base_network_init_choice.py'",
    "dd_fail": true
  },
  {
    "project": "automl/Auto-PyTorch",
    "commit": "855c57eea909cd8aed972928b655f50905c00367",
    "filename": "autoPyTorch/pipeline/components/setup/network_initializer/base_network_init_choice.py",
    "min_patch_found": false,
    "full_warning_msg": "autoPyTorch/pipeline/components/setup/network_initializer/base_network_init_choice.py:177:4 Inconsistent override [15]: `autoPyTorch.pipeline.components.setup.network_initializer.base_network_init_choice.NetworkInitializerChoice.transform` overrides method defined in `autoPyTorchChoice` inconsistently. Returned type `unknown` is not a subtype of the overridden return `Dict[str, typing.Any]`.",
    "exception": "[Errno 2] No such file or directory: '/home/chowyi/TypeAnnotation_Study/GitHub/automl-Auto-PyTorch/autoPyTorch/pipeline/components/setup/network_initializer/base_network_init_choice.py'",
    "dd_fail": true
  },
  {
    "project": "automl/Auto-PyTorch",
    "commit": "855c57eea909cd8aed972928b655f50905c00367",
    "filename": "autoPyTorch/pipeline/components/setup/optimizer/base_optimizer_choice.py",
    "min_patch_found": false,
    "full_warning_msg": "autoPyTorch/pipeline/components/setup/optimizer/base_optimizer_choice.py:31:4 Inconsistent override [14]: `autoPyTorch.pipeline.components.setup.optimizer.base_optimizer_choice.OptimizerChoice.get_components` overrides method defined in `autoPyTorchChoice` inconsistently. Could not find parameter `cls` in overriding signature.",
    "exception": "[Errno 2] No such file or directory: '/home/chowyi/TypeAnnotation_Study/GitHub/automl-Auto-PyTorch/autoPyTorch/pipeline/components/setup/optimizer/base_optimizer_choice.py'",
    "dd_fail": true
  },
  {
    "project": "automl/Auto-PyTorch",
    "commit": "855c57eea909cd8aed972928b655f50905c00367",
    "filename": "autoPyTorch/pipeline/components/setup/optimizer/base_optimizer_choice.py",
    "min_patch_found": false,
    "full_warning_msg": "autoPyTorch/pipeline/components/setup/optimizer/base_optimizer_choice.py:46:4 Inconsistent override [14]: `autoPyTorch.pipeline.components.setup.optimizer.base_optimizer_choice.OptimizerChoice.get_available_components` overrides method defined in `autoPyTorchChoice` inconsistently. Parameter of type `List[str]` is not a supertype of the overridden parameter `Optional[List[str]]`.",
    "exception": "[Errno 2] No such file or directory: '/home/chowyi/TypeAnnotation_Study/GitHub/automl-Auto-PyTorch/autoPyTorch/pipeline/components/setup/optimizer/base_optimizer_choice.py'",
    "dd_fail": true
  },
  {
    "project": "automl/Auto-PyTorch",
    "commit": "855c57eea909cd8aed972928b655f50905c00367",
    "filename": "autoPyTorch/pipeline/components/setup/optimizer/base_optimizer_choice.py",
    "min_patch_found": false,
    "full_warning_msg": "autoPyTorch/pipeline/components/setup/optimizer/base_optimizer_choice.py:49:8 Incompatible variable type [9]: include is declared to have type `List[str]` but is used as type `None`.",
    "exception": "[Errno 2] No such file or directory: '/home/chowyi/TypeAnnotation_Study/GitHub/automl-Auto-PyTorch/autoPyTorch/pipeline/components/setup/optimizer/base_optimizer_choice.py'",
    "dd_fail": true
  },
  {
    "project": "automl/Auto-PyTorch",
    "commit": "855c57eea909cd8aed972928b655f50905c00367",
    "filename": "autoPyTorch/pipeline/components/setup/optimizer/base_optimizer_choice.py",
    "min_patch_found": false,
    "full_warning_msg": "autoPyTorch/pipeline/components/setup/optimizer/base_optimizer_choice.py:50:8 Incompatible variable type [9]: exclude is declared to have type `List[str]` but is used as type `None`.",
    "exception": "[Errno 2] No such file or directory: '/home/chowyi/TypeAnnotation_Study/GitHub/automl-Auto-PyTorch/autoPyTorch/pipeline/components/setup/optimizer/base_optimizer_choice.py'",
    "dd_fail": true
  },
  {
    "project": "automl/Auto-PyTorch",
    "commit": "855c57eea909cd8aed972928b655f50905c00367",
    "filename": "autoPyTorch/pipeline/components/setup/optimizer/base_optimizer_choice.py",
    "min_patch_found": false,
    "full_warning_msg": "autoPyTorch/pipeline/components/setup/optimizer/base_optimizer_choice.py:130:12 Incompatible parameter type [6]: Expected `List[str]` for 2nd parameter `include` to call `OptimizerChoice.get_available_components` but got `Optional[List[str]]`.",
    "exception": "[Errno 2] No such file or directory: '/home/chowyi/TypeAnnotation_Study/GitHub/automl-Auto-PyTorch/autoPyTorch/pipeline/components/setup/optimizer/base_optimizer_choice.py'",
    "dd_fail": true
  },
  {
    "project": "automl/Auto-PyTorch",
    "commit": "855c57eea909cd8aed972928b655f50905c00367",
    "filename": "autoPyTorch/pipeline/components/setup/optimizer/base_optimizer_choice.py",
    "min_patch_found": false,
    "full_warning_msg": "autoPyTorch/pipeline/components/setup/optimizer/base_optimizer_choice.py:130:29 Incompatible parameter type [6]: Expected `List[str]` for 3rd parameter `exclude` to call `OptimizerChoice.get_available_components` but got `Optional[List[str]]`.",
    "exception": "[Errno 2] No such file or directory: '/home/chowyi/TypeAnnotation_Study/GitHub/automl-Auto-PyTorch/autoPyTorch/pipeline/components/setup/optimizer/base_optimizer_choice.py'",
    "dd_fail": true
  },
  {
    "project": "automl/Auto-PyTorch",
    "commit": "855c57eea909cd8aed972928b655f50905c00367",
    "filename": "autoPyTorch/pipeline/components/setup/optimizer/base_optimizer_choice.py",
    "min_patch_found": false,
    "full_warning_msg": "autoPyTorch/pipeline/components/setup/optimizer/base_optimizer_choice.py:179:4 Inconsistent override [15]: `autoPyTorch.pipeline.components.setup.optimizer.base_optimizer_choice.OptimizerChoice.transform` overrides method defined in `autoPyTorchChoice` inconsistently. Returned type `unknown` is not a subtype of the overridden return `Dict[str, typing.Any]`.",
    "exception": "[Errno 2] No such file or directory: '/home/chowyi/TypeAnnotation_Study/GitHub/automl-Auto-PyTorch/autoPyTorch/pipeline/components/setup/optimizer/base_optimizer_choice.py'",
    "dd_fail": true
  },
  {
    "project": "automl/Auto-PyTorch",
    "commit": "855c57eea909cd8aed972928b655f50905c00367",
    "filename": "autoPyTorch/pipeline/components/setup/traditional_ml/base_model_choice.py",
    "min_patch_found": false,
    "full_warning_msg": "autoPyTorch/pipeline/components/setup/traditional_ml/base_model_choice.py:32:4 Inconsistent override [14]: `autoPyTorch.pipeline.components.setup.traditional_ml.base_model_choice.ModelChoice.get_components` overrides method defined in `autoPyTorchChoice` inconsistently. Could not find parameter `cls` in overriding signature.",
    "exception": "[Errno 2] No such file or directory: '/home/chowyi/TypeAnnotation_Study/GitHub/automl-Auto-PyTorch/autoPyTorch/pipeline/components/setup/traditional_ml/base_model_choice.py'",
    "dd_fail": true
  },
  {
    "project": "automl/Auto-PyTorch",
    "commit": "855c57eea909cd8aed972928b655f50905c00367",
    "filename": "autoPyTorch/pipeline/components/setup/traditional_ml/base_model_choice.py",
    "min_patch_found": false,
    "full_warning_msg": "autoPyTorch/pipeline/components/setup/traditional_ml/base_model_choice.py:45:4 Inconsistent override [14]: `autoPyTorch.pipeline.components.setup.traditional_ml.base_model_choice.ModelChoice.get_available_components` overrides method defined in `autoPyTorchChoice` inconsistently. Parameter of type `List[str]` is not a supertype of the overridden parameter `Optional[List[str]]`.",
    "exception": "[Errno 2] No such file or directory: '/home/chowyi/TypeAnnotation_Study/GitHub/automl-Auto-PyTorch/autoPyTorch/pipeline/components/setup/traditional_ml/base_model_choice.py'",
    "dd_fail": true
  },
  {
    "project": "automl/Auto-PyTorch",
    "commit": "855c57eea909cd8aed972928b655f50905c00367",
    "filename": "autoPyTorch/pipeline/components/setup/traditional_ml/base_model_choice.py",
    "min_patch_found": false,
    "full_warning_msg": "autoPyTorch/pipeline/components/setup/traditional_ml/base_model_choice.py:48:12 Incompatible variable type [9]: include is declared to have type `List[str]` but is used as type `None`.",
    "exception": "[Errno 2] No such file or directory: '/home/chowyi/TypeAnnotation_Study/GitHub/automl-Auto-PyTorch/autoPyTorch/pipeline/components/setup/traditional_ml/base_model_choice.py'",
    "dd_fail": true
  },
  {
    "project": "automl/Auto-PyTorch",
    "commit": "855c57eea909cd8aed972928b655f50905c00367",
    "filename": "autoPyTorch/pipeline/components/setup/traditional_ml/base_model_choice.py",
    "min_patch_found": false,
    "full_warning_msg": "autoPyTorch/pipeline/components/setup/traditional_ml/base_model_choice.py:49:12 Incompatible variable type [9]: exclude is declared to have type `List[str]` but is used as type `None`.",
    "exception": "[Errno 2] No such file or directory: '/home/chowyi/TypeAnnotation_Study/GitHub/automl-Auto-PyTorch/autoPyTorch/pipeline/components/setup/traditional_ml/base_model_choice.py'",
    "dd_fail": true
  },
  {
    "project": "automl/Auto-PyTorch",
    "commit": "855c57eea909cd8aed972928b655f50905c00367",
    "filename": "autoPyTorch/pipeline/components/setup/traditional_ml/base_model_choice.py",
    "min_patch_found": false,
    "full_warning_msg": "autoPyTorch/pipeline/components/setup/traditional_ml/base_model_choice.py:124:12 Incompatible parameter type [6]: Expected `List[str]` for 2nd parameter `include` to call `ModelChoice.get_available_components` but got `Optional[List[str]]`.",
    "exception": "[Errno 2] No such file or directory: '/home/chowyi/TypeAnnotation_Study/GitHub/automl-Auto-PyTorch/autoPyTorch/pipeline/components/setup/traditional_ml/base_model_choice.py'",
    "dd_fail": true
  },
  {
    "project": "automl/Auto-PyTorch",
    "commit": "855c57eea909cd8aed972928b655f50905c00367",
    "filename": "autoPyTorch/pipeline/components/setup/traditional_ml/base_model_choice.py",
    "min_patch_found": false,
    "full_warning_msg": "autoPyTorch/pipeline/components/setup/traditional_ml/base_model_choice.py:124:29 Incompatible parameter type [6]: Expected `List[str]` for 3rd parameter `exclude` to call `ModelChoice.get_available_components` but got `Optional[List[str]]`.",
    "exception": "[Errno 2] No such file or directory: '/home/chowyi/TypeAnnotation_Study/GitHub/automl-Auto-PyTorch/autoPyTorch/pipeline/components/setup/traditional_ml/base_model_choice.py'",
    "dd_fail": true
  },
  {
    "project": "automl/Auto-PyTorch",
    "commit": "855c57eea909cd8aed972928b655f50905c00367",
    "filename": "autoPyTorch/pipeline/components/setup/traditional_ml/base_model_choice.py",
    "min_patch_found": false,
    "full_warning_msg": "autoPyTorch/pipeline/components/setup/traditional_ml/base_model_choice.py:156:4 Inconsistent override [15]: `autoPyTorch.pipeline.components.setup.traditional_ml.base_model_choice.ModelChoice.transform` overrides method defined in `autoPyTorchChoice` inconsistently. Returned type `unknown` is not a subtype of the overridden return `Dict[str, typing.Any]`.",
    "exception": "[Errno 2] No such file or directory: '/home/chowyi/TypeAnnotation_Study/GitHub/automl-Auto-PyTorch/autoPyTorch/pipeline/components/setup/traditional_ml/base_model_choice.py'",
    "dd_fail": true
  },
  {
    "project": "automl/Auto-PyTorch",
    "commit": "855c57eea909cd8aed972928b655f50905c00367",
    "filename": "autoPyTorch/pipeline/components/training/trainer/base_trainer_choice.py",
    "min_patch_found": false,
    "full_warning_msg": "autoPyTorch/pipeline/components/training/trainer/base_trainer_choice.py:83:4 Inconsistent override [14]: `autoPyTorch.pipeline.components.training.trainer.base_trainer_choice.TrainerChoice.get_components` overrides method defined in `autoPyTorchChoice` inconsistently. Could not find parameter `cls` in overriding signature.",
    "exception": "[Errno 2] No such file or directory: '/home/chowyi/TypeAnnotation_Study/GitHub/automl-Auto-PyTorch/autoPyTorch/pipeline/components/training/trainer/base_trainer_choice.py'",
    "dd_fail": true
  }
]