[
  {
    "project": "actionless/pikaur",
    "commit": "094d8956f283983e1bbe80af24fb86e15533842c",
    "filename": "pikaur/core.py",
    "filename_after_commit": "/home/chowyi/TypeAnnotation_Study/GitHub/actionless-pikaur/pikaur/core.py",
    "file_hunks_size": 5,
    "min_patch_found": false,
    "single_hunk": false,
    "fit_TFix": false,
    "delete_only_patch": false,
    "has_suppression_all_hunks": false,
    "full_warning_msg": "pikaur/core.py:62:4 Incompatible attribute type [8]: Attribute `_cached_config` declared in class `ConfigReader` has type `Dict[str, Dict[str, str]]` but is used as type `None`.",
    "message": " Attribute `_cached_config` declared in class `ConfigReader` has type `Dict[str, Dict[str, str]]` but is used as type `None`.",
    "rule_id": "Incompatible attribute type [8]",
    "warning_line_no": 62,
    "warning_line": "    _cached_config: Dict[str, Dict[str, str]] = None"
  },
  {
    "project": "actionless/pikaur",
    "commit": "094d8956f283983e1bbe80af24fb86e15533842c",
    "filename": "pikaur/core.py",
    "filename_after_commit": "/home/chowyi/TypeAnnotation_Study/GitHub/actionless-pikaur/pikaur/core.py",
    "file_hunks_size": 5,
    "min_patch_found": false,
    "single_hunk": false,
    "fit_TFix": false,
    "delete_only_patch": false,
    "has_suppression_all_hunks": false,
    "full_warning_msg": "pikaur/core.py:71:12 Incompatible return type [7]: Expected `Tuple[str, str]` but got `Tuple[None, None]`.",
    "message": " Expected `Tuple[str, str]` but got `Tuple[None, None]`.",
    "rule_id": "Incompatible return type [7]",
    "warning_line_no": 71,
    "warning_line": "            return blank"
  },
  {
    "project": "actionless/pikaur",
    "commit": "094d8956f283983e1bbe80af24fb86e15533842c",
    "filename": "pikaur/core.py",
    "filename_after_commit": "/home/chowyi/TypeAnnotation_Study/GitHub/actionless-pikaur/pikaur/core.py",
    "file_hunks_size": 5,
    "min_patch_found": false,
    "single_hunk": false,
    "fit_TFix": false,
    "delete_only_patch": false,
    "has_suppression_all_hunks": false,
    "full_warning_msg": "pikaur/core.py:73:12 Incompatible return type [7]: Expected `Tuple[str, str]` but got `Tuple[None, None]`.",
    "message": " Expected `Tuple[str, str]` but got `Tuple[None, None]`.",
    "rule_id": "Incompatible return type [7]",
    "warning_line_no": 73,
    "warning_line": "            return blank"
  },
  {
    "project": "actionless/pikaur",
    "commit": "094d8956f283983e1bbe80af24fb86e15533842c",
    "filename": "pikaur/core.py",
    "filename_after_commit": "/home/chowyi/TypeAnnotation_Study/GitHub/actionless-pikaur/pikaur/core.py",
    "file_hunks_size": 5,
    "min_patch_found": false,
    "single_hunk": false,
    "fit_TFix": false,
    "delete_only_patch": false,
    "has_suppression_all_hunks": false,
    "full_warning_msg": "pikaur/core.py:84:12 Incompatible return type [7]: Expected `Tuple[str, str]` but got `Tuple[None, None]`.",
    "message": " Expected `Tuple[str, str]` but got `Tuple[None, None]`.",
    "rule_id": "Incompatible return type [7]",
    "warning_line_no": 84,
    "warning_line": "            return blank"
  },
  {
    "project": "actionless/pikaur",
    "commit": "094d8956f283983e1bbe80af24fb86e15533842c",
    "filename": "pikaur/core.py",
    "filename_after_commit": "/home/chowyi/TypeAnnotation_Study/GitHub/actionless-pikaur/pikaur/core.py",
    "file_hunks_size": 5,
    "min_patch_found": false,
    "single_hunk": false,
    "fit_TFix": false,
    "delete_only_patch": false,
    "has_suppression_all_hunks": false,
    "full_warning_msg": "pikaur/core.py:93:12 Incompatible return type [7]: Expected `Tuple[str, str]` but got `Tuple[str, List[str]]`.",
    "message": " Expected `Tuple[str, str]` but got `Tuple[str, List[str]]`.",
    "rule_id": "Incompatible return type [7]",
    "warning_line_no": 93,
    "warning_line": "            return key, list_value"
  }
]