[
  {
    "project": "apache/airflow",
    "commit": "6e51608f28f4c769c019624ea0caaa0c6e671f80",
    "filename": "airflow/providers/oracle/hooks/oracle.py",
    "min_patch_found": false,
    "full_warning_msg": "airflow/providers/oracle/hooks/oracle.py:304:12 Incompatible variable type [9]: parameters is declared to have type `Variable[ParameterType <: [Dict[typing.Any, typing.Any], List[typing.Any], None]]` but is used as type `typing.Tuple[]`.",
    "exception": "too many values to unpack (expected 2)",
    "dd_fail": true
  },
  {
    "project": "apache/airflow",
    "commit": "6e51608f28f4c769c019624ea0caaa0c6e671f80",
    "filename": "airflow/providers/oracle/hooks/oracle.py",
    "min_patch_found": false,
    "full_warning_msg": "airflow/providers/oracle/hooks/oracle.py:308:86 Incompatible parameter type [6]: Expected `typing.Sized` for 1st positional only parameter to call `len` but got `Variable[ParameterType <: [Dict[typing.Any, typing.Any], List[typing.Any], None]]`.",
    "exception": "too many values to unpack (expected 2)",
    "dd_fail": true
  },
  {
    "project": "apache/airflow",
    "commit": "6e51608f28f4c769c019624ea0caaa0c6e671f80",
    "filename": "airflow/providers/oracle/operators/oracle.py",
    "min_patch_found": false,
    "full_warning_msg": "airflow/providers/oracle/operators/oracle.py:101:62 Incompatible parameter type [6]: Expected `Variable[airflow.providers.oracle.hooks.oracle.ParameterType <: [Dict[typing.Any, typing.Any], List[typing.Any], None]]` for 3rd parameter `parameters` to call `OracleHook.callproc` but got `Union[None, Dict[typing.Any, typing.Any], List[typing.Any]]`.",
    "exception": "too many values to unpack (expected 2)",
    "dd_fail": true
  }
]