[
  {
    "project": "apache/airflow",
    "commit": "cdaa9a252900091f4c0e912a6d2a8890b7cb571a",
    "filename": "airflow/providers/google/cloud/hooks/tasks.py",
    "filename_after_commit": "/home/chowyi/TypeAnnotation_Study/GitHub/apache-airflow/airflow/providers/google/cloud/hooks/tasks.py",
    "file_hunks_size": 12,
    "min_patch_found": false,
    "single_hunk": false,
    "fit_TFix": false,
    "delete_only_patch": false,
    "has_suppression_all_hunks": false,
    "full_warning_msg": "airflow/providers/google/cloud/hooks/tasks.py:443:8 Incompatible variable type [9]: response_view is declared to have type `Optional[typing.Any]` but is used as type `None`.",
    "message": " response_view is declared to have type `Optional[typing.Any]` but is used as type `None`.",
    "rule_id": "Incompatible variable type [9]",
    "warning_line_no": 443,
    "warning_line": "        response_view: Optional = None,"
  },
  {
    "project": "apache/airflow",
    "commit": "cdaa9a252900091f4c0e912a6d2a8890b7cb571a",
    "filename": "airflow/providers/google/cloud/hooks/tasks.py",
    "filename_after_commit": "/home/chowyi/TypeAnnotation_Study/GitHub/apache-airflow/airflow/providers/google/cloud/hooks/tasks.py",
    "file_hunks_size": 12,
    "min_patch_found": false,
    "single_hunk": false,
    "fit_TFix": false,
    "delete_only_patch": false,
    "has_suppression_all_hunks": false,
    "full_warning_msg": "airflow/providers/google/cloud/hooks/tasks.py:505:8 Incompatible variable type [9]: response_view is declared to have type `Optional[typing.Any]` but is used as type `None`.",
    "message": " response_view is declared to have type `Optional[typing.Any]` but is used as type `None`.",
    "rule_id": "Incompatible variable type [9]",
    "warning_line_no": 505,
    "warning_line": "        response_view: Optional = None,"
  },
  {
    "project": "apache/airflow",
    "commit": "cdaa9a252900091f4c0e912a6d2a8890b7cb571a",
    "filename": "airflow/providers/google/cloud/hooks/tasks.py",
    "filename_after_commit": "/home/chowyi/TypeAnnotation_Study/GitHub/apache-airflow/airflow/providers/google/cloud/hooks/tasks.py",
    "file_hunks_size": 12,
    "min_patch_found": false,
    "single_hunk": false,
    "fit_TFix": false,
    "delete_only_patch": false,
    "has_suppression_all_hunks": false,
    "full_warning_msg": "airflow/providers/google/cloud/hooks/tasks.py:552:8 Incompatible variable type [9]: response_view is declared to have type `Optional[typing.Any]` but is used as type `None`.",
    "message": " response_view is declared to have type `Optional[typing.Any]` but is used as type `None`.",
    "rule_id": "Incompatible variable type [9]",
    "warning_line_no": 552,
    "warning_line": "        response_view: Optional = None,"
  },
  {
    "project": "apache/airflow",
    "commit": "cdaa9a252900091f4c0e912a6d2a8890b7cb571a",
    "filename": "airflow/providers/google/cloud/hooks/tasks.py",
    "filename_after_commit": "/home/chowyi/TypeAnnotation_Study/GitHub/apache-airflow/airflow/providers/google/cloud/hooks/tasks.py",
    "file_hunks_size": 12,
    "min_patch_found": false,
    "single_hunk": false,
    "fit_TFix": false,
    "delete_only_patch": false,
    "has_suppression_all_hunks": false,
    "full_warning_msg": "airflow/providers/google/cloud/hooks/tasks.py:642:8 Incompatible variable type [9]: response_view is declared to have type `Optional[typing.Any]` but is used as type `None`.",
    "message": " response_view is declared to have type `Optional[typing.Any]` but is used as type `None`.",
    "rule_id": "Incompatible variable type [9]",
    "warning_line_no": 642,
    "warning_line": "        response_view: Optional = None,"
  },
  {
    "project": "apache/airflow",
    "commit": "cdaa9a252900091f4c0e912a6d2a8890b7cb571a",
    "filename": "airflow/providers/google/cloud/operators/tasks.py",
    "filename_after_commit": "/home/chowyi/TypeAnnotation_Study/GitHub/apache-airflow/airflow/providers/google/cloud/operators/tasks.py",
    "file_hunks_size": 5,
    "min_patch_found": true,
    "single_hunk": true,
    "fit_TFix": true,
    "delete_only_patch": false,
    "has_suppression_all_hunks": false,
    "full_warning_msg": "airflow/providers/google/cloud/operators/tasks.py:209:8 Incompatible variable type [9]: update_mask is declared to have type `Union[Dict[typing.Any, typing.Any], FieldMask]` but is used as type `None`.",
    "message": " update_mask is declared to have type `Union[Dict[typing.Any, typing.Any], FieldMask]` but is used as type `None`.",
    "rule_id": "Incompatible variable type [9]",
    "warning_line_no": 209,
    "warning_line": "        update_mask: Union[Dict, FieldMask] = None,",
    "min_patch": [
      {
        "hunk_fit_TFix": true,
        "inside_window": true,
        "delete_only": false,
        "has_suppression": false,
        "source_code": "        queue_name: Optional[str] = None,\n        update_mask: Union[Dict, FieldMask] = None,\n        retry: Optional[Retry] = None,\n",
        "source_code_len": 133,
        "target_code": "        queue_name: Optional[str] = None,\n        update_mask: Optional[Union[Dict, FieldMask]] = None,\n        retry: Optional[Retry] = None,\n",
        "target_code_len": 143,
        "diff_format": "@@ -208,3 +208,3 @@\n         queue_name: Optional[str] = None,\n-        update_mask: Union[Dict, FieldMask] = None,\n+        update_mask: Optional[Union[Dict, FieldMask]] = None,\n         retry: Optional[Retry] = None,\n",
        "source_code_with_indent": "        queue_name: Optional[str] = None,\n        update_mask: Union[Dict, FieldMask] = None,\n        retry: Optional[Retry] = None,\n",
        "source_code_with_indent_exact_match": true,
        "target_code_with_indent": "        queue_name: Optional[str] = None,\n        update_mask: Optional[Union[Dict, FieldMask]] = None,\n        retry: Optional[Retry] = None,\n",
        "target_code_with_indent_exact_match": true
      }
    ]
  },
  {
    "project": "apache/airflow",
    "commit": "cdaa9a252900091f4c0e912a6d2a8890b7cb571a",
    "filename": "airflow/providers/google/cloud/operators/tasks.py",
    "filename_after_commit": "/home/chowyi/TypeAnnotation_Study/GitHub/apache-airflow/airflow/providers/google/cloud/operators/tasks.py",
    "file_hunks_size": 5,
    "min_patch_found": false,
    "single_hunk": false,
    "fit_TFix": false,
    "delete_only_patch": false,
    "has_suppression_all_hunks": false,
    "full_warning_msg": "airflow/providers/google/cloud/operators/tasks.py:831:8 Incompatible variable type [9]: response_view is declared to have type `Optional[typing.Any]` but is used as type `None`.",
    "message": " response_view is declared to have type `Optional[typing.Any]` but is used as type `None`.",
    "rule_id": "Incompatible variable type [9]",
    "warning_line_no": 831,
    "warning_line": "        response_view: Optional = None,"
  },
  {
    "project": "apache/airflow",
    "commit": "cdaa9a252900091f4c0e912a6d2a8890b7cb571a",
    "filename": "airflow/providers/google/cloud/operators/tasks.py",
    "filename_after_commit": "/home/chowyi/TypeAnnotation_Study/GitHub/apache-airflow/airflow/providers/google/cloud/operators/tasks.py",
    "file_hunks_size": 5,
    "min_patch_found": false,
    "single_hunk": false,
    "fit_TFix": false,
    "delete_only_patch": false,
    "has_suppression_all_hunks": false,
    "full_warning_msg": "airflow/providers/google/cloud/operators/tasks.py:931:8 Incompatible variable type [9]: response_view is declared to have type `Optional[typing.Any]` but is used as type `None`.",
    "message": " response_view is declared to have type `Optional[typing.Any]` but is used as type `None`.",
    "rule_id": "Incompatible variable type [9]",
    "warning_line_no": 931,
    "warning_line": "        response_view: Optional = None,"
  },
  {
    "project": "apache/airflow",
    "commit": "cdaa9a252900091f4c0e912a6d2a8890b7cb571a",
    "filename": "airflow/providers/google/cloud/operators/tasks.py",
    "filename_after_commit": "/home/chowyi/TypeAnnotation_Study/GitHub/apache-airflow/airflow/providers/google/cloud/operators/tasks.py",
    "file_hunks_size": 5,
    "min_patch_found": false,
    "single_hunk": false,
    "fit_TFix": false,
    "delete_only_patch": false,
    "has_suppression_all_hunks": false,
    "full_warning_msg": "airflow/providers/google/cloud/operators/tasks.py:1028:8 Incompatible variable type [9]: response_view is declared to have type `Optional[typing.Any]` but is used as type `None`.",
    "message": " response_view is declared to have type `Optional[typing.Any]` but is used as type `None`.",
    "rule_id": "Incompatible variable type [9]",
    "warning_line_no": 1028,
    "warning_line": "        response_view: Optional = None,"
  },
  {
    "project": "apache/airflow",
    "commit": "cdaa9a252900091f4c0e912a6d2a8890b7cb571a",
    "filename": "airflow/providers/google/cloud/operators/tasks.py",
    "filename_after_commit": "/home/chowyi/TypeAnnotation_Study/GitHub/apache-airflow/airflow/providers/google/cloud/operators/tasks.py",
    "file_hunks_size": 5,
    "min_patch_found": false,
    "single_hunk": false,
    "fit_TFix": false,
    "delete_only_patch": false,
    "has_suppression_all_hunks": false,
    "full_warning_msg": "airflow/providers/google/cloud/operators/tasks.py:1216:8 Incompatible variable type [9]: response_view is declared to have type `Optional[typing.Any]` but is used as type `None`.",
    "message": " response_view is declared to have type `Optional[typing.Any]` but is used as type `None`.",
    "rule_id": "Incompatible variable type [9]",
    "warning_line_no": 1216,
    "warning_line": "        response_view: Optional = None,"
  }
]