[
  {
    "project": "autogoal/autogoal",
    "commit": "569245ba152296a5cd4c33efc53c7a04d9f2e8d0",
    "filename": "docs/examples/solving_uci_datasets.py",
    "filename_after_commit": "/home/chowyi/TypeAnnotation_Study/GitHub/autogoal-autogoal/docs/examples/solving_uci_datasets.py",
    "file_hunks_size": 5,
    "min_patch_found": false,
    "single_hunk": false,
    "fit_TFix": false,
    "delete_only_patch": false,
    "has_suppression_all_hunks": false,
    "full_warning_msg": "docs/examples/solving_uci_datasets.py:187:27 Incompatible parameter type [6]: Expected `typing.Union[autogoal.search._base.ConsoleLogger, autogoal.search._base.MemoryLogger, autogoal.search._base.ProgressLogger]` for 1st positional only parameter to call `list.append` but got `TelegramLogger`.",
    "message": " Expected `typing.Union[autogoal.search._base.ConsoleLogger, autogoal.search._base.MemoryLogger, autogoal.search._base.ProgressLogger]` for 1st positional only parameter to call `list.append` but got `TelegramLogger`.",
    "rule_id": "Incompatible parameter type [6]",
    "warning_line_no": 187,
    "warning_line": "            loggers.append(telegram)"
  }
]