[
  {
    "project": "5j9/wikitextparser",
    "commit": "a01a52d82cf83b906cbc459783552829f3d65c36",
    "filename": "wikitextparser/parser_function.py",
    "min_patch_found": false,
    "full_warning_msg": "wikitextparser/parser_function.py:46:71 Incompatible parameter type [6]: Expected `typing.Optional[str]` for 4th positional only parameter to call `SubWikiText.__init__` but got `int`.",
    "exception": "PatchSet should only have 1 Patch, but it has 0",
    "dd_fail": true
  },
  {
    "project": "5j9/wikitextparser",
    "commit": "a01a52d82cf83b906cbc459783552829f3d65c36",
    "filename": "wikitextparser/template.py",
    "min_patch_found": false,
    "full_warning_msg": "wikitextparser/template.py:56:62 Incompatible parameter type [6]: Expected `Optional[str]` for 4th positional only parameter to call `SubWikiText.__init__` but got `int`.",
    "exception": "PatchSet should only have 1 Patch, but it has 0",
    "dd_fail": true
  },
  {
    "project": "5j9/wikitextparser",
    "commit": "a01a52d82cf83b906cbc459783552829f3d65c36",
    "filename": "wikitextparser/wikitext.py",
    "filename_after_commit": "/home/chowyi/TypeAnnotation_Study/GitHub/5j9-wikitextparser/wikitextparser/wikitext.py",
    "file_hunks_size": 3,
    "min_patch_found": false,
    "single_hunk": false,
    "fit_TFix": false,
    "delete_only_patch": false,
    "has_suppression_all_hunks": false,
    "full_warning_msg": "wikitextparser/wikitext.py:322:16 Incompatible return type [7]: Expected `List[int]` but got `Generator[typing.Any, None, None]`.",
    "message": " Expected `List[int]` but got `Generator[typing.Any, None, None]`.",
    "rule_id": "Incompatible return type [7]",
    "warning_line_no": 322,
    "warning_line": "                yield span"
  },
  {
    "project": "5j9/wikitextparser",
    "commit": "a01a52d82cf83b906cbc459783552829f3d65c36",
    "filename": "wikitextparser/wikitext.py",
    "filename_after_commit": "/home/chowyi/TypeAnnotation_Study/GitHub/5j9-wikitextparser/wikitextparser/wikitext.py",
    "file_hunks_size": 3,
    "min_patch_found": false,
    "single_hunk": false,
    "fit_TFix": false,
    "delete_only_patch": false,
    "has_suppression_all_hunks": false,
    "full_warning_msg": "wikitextparser/wikitext.py:1048:4 Inconsistent override [15]: `wikitextparser.wikitext.SubWikiText._gen_subspans` overrides method defined in `WikiText` inconsistently. Returned type `Generator[int, None, None]` is not a subtype of the overridden return `List[int]`.",
    "message": " `wikitextparser.wikitext.SubWikiText._gen_subspans` overrides method defined in `WikiText` inconsistently. Returned type `Generator[int, None, None]` is not a subtype of the overridden return `List[int]`.",
    "rule_id": "Inconsistent override [15]",
    "warning_line_no": 1048,
    "warning_line": "    def _gen_subspans("
  }
]