[
  {
    "project": "althonos/pronto",
    "commit": "dc4b4d9999b7dfcf50edbdd768bb549b1ccb5c90",
    "filename": "pronto/relationship.py",
    "filename_after_commit": "/home/chowyi/TypeAnnotation_Study/GitHub/althonos-pronto/pronto/relationship.py",
    "file_hunks_size": 3,
    "min_patch_found": true,
    "single_hunk": true,
    "fit_TFix": true,
    "delete_only_patch": false,
    "has_suppression_all_hunks": false,
    "full_warning_msg": "pronto/relationship.py:184:38 Unbound name [10]: Name `term` is used but not defined in the current scope.",
    "message": " Name `term` is used but not defined in the current scope.",
    "rule_id": "Unbound name [10]",
    "warning_line_no": 184,
    "warning_line": "                    lambda c: setattr(term, \"definition\", Definition._from_ast(c)),",
    "min_patch": [
      {
        "hunk_fit_TFix": true,
        "inside_window": true,
        "delete_only": false,
        "has_suppression": false,
        "source_code": "                fastobo.typedef.DefClause:\n                    lambda c: setattr(term, \"definition\", Definition._from_ast(c)),\n                fastobo.typedef.DisjointFromClause:\n",
        "source_code_len": 179,
        "target_code": "                fastobo.typedef.DefClause:\n                    lambda c: setattr(rship, \"definition\", Definition._from_ast(c)),\n                fastobo.typedef.DisjointFromClause:\n",
        "target_code_len": 180,
        "diff_format": "@@ -183,3 +183,3 @@\n                 fastobo.typedef.DefClause:\n-                    lambda c: setattr(term, \"definition\", Definition._from_ast(c)),\n+                    lambda c: setattr(rship, \"definition\", Definition._from_ast(c)),\n                 fastobo.typedef.DisjointFromClause:\n",
        "source_code_with_indent": "                fastobo.typedef.DefClause:\n                    lambda c: setattr(term, \"definition\", Definition._from_ast(c)),\n                fastobo.typedef.DisjointFromClause:\n",
        "source_code_with_indent_exact_match": true,
        "target_code_with_indent": "                fastobo.typedef.DefClause:\n                    lambda c: setattr(rship, \"definition\", Definition._from_ast(c)),\n                fastobo.typedef.DisjointFromClause:\n",
        "target_code_with_indent_exact_match": true
      }
    ]
  }
]