[
  {
    "project": "asyml/forte",
    "commit": "cb52eabc75c4a06f755e2fa85f17a9cec76fd894",
    "filename": "ft/onto/base_ontology_new.py",
    "min_patch_found": false,
    "full_warning_msg": "ft/onto/base_ontology_new.py:466:25 Incompatible parameter type [6]: Expected `Variable[PackType (bound to forte.data.base_pack.BasePack[typing.Any, typing.Any, typing.Any])]` for 1st positional only parameter to call `Group.__init__` but got `EntryContainer[typing.Any, typing.Any, typing.Any]`.",
    "exception": "[Errno 2] No such file or directory: '/home/chowyi/TypeAnnotation_Study/GitHub/asyml-forte/ft/onto/base_ontology_new.py'",
    "dd_fail": true
  }
]