[
  {
    "project": "allenai/allennlp",
    "commit": "7aee65a0b9741d92d4dac40116db527c55e2c144",
    "filename": "allennlp/data/tokenizers/character_tokenizer.py",
    "filename_after_commit": "/home/chowyi/TypeAnnotation_Study/GitHub/allenai-allennlp/allennlp/data/tokenizers/character_tokenizer.py",
    "file_hunks_size": 2,
    "min_patch_found": false,
    "single_hunk": false,
    "fit_TFix": false,
    "delete_only_patch": false,
    "has_suppression_all_hunks": false,
    "full_warning_msg": "allennlp/data/tokenizers/character_tokenizer.py:40:8 Incompatible return type [7]: Expected `Tuple[List[str], List[Tuple[int, int]]]` but got `Tuple[List[str], None]`.",
    "message": " Expected `Tuple[List[str], List[Tuple[int, int]]]` but got `Tuple[List[str], None]`.",
    "rule_id": "Incompatible return type [7]",
    "warning_line_no": 40,
    "warning_line": "        return list(text), None"
  }
]