[
  {
    "project": "beartype/beartype",
    "commit": "e65626c331d287cd91dac84f6e4bd097024bcc8f",
    "filename": "beartype_test/unit/a00_util/cache/pool/test_utilcachepoollistfixed.py",
    "min_patch_found": false,
    "full_warning_msg": "beartype_test/unit/a00_util/cache/pool/test_utilcachepoollistfixed.py:76:12 Incompatible parameter type [6]: Expected `int` for 1st positional only parameter to call `acquire_fixed_list` but got `typing.Tuple[str, str, str, str]`.",
    "exception": "PatchSet should only have 1 Patch, but it has 0",
    "dd_fail": true
  },
  {
    "project": "beartype/beartype",
    "commit": "e65626c331d287cd91dac84f6e4bd097024bcc8f",
    "filename": "beartype_test/unit/a00_util/cache/pool/test_utilcachepoolobjecttyped.py",
    "min_patch_found": false,
    "full_warning_msg": "beartype_test/unit/a00_util/cache/pool/test_utilcachepoolobjecttyped.py:114:12 Incompatible parameter type [6]: Expected `typing.Type[typing.Any]` for 1st positional only parameter to call `acquire_object_typed` but got `typing.Tuple[str, str, str]`.",
    "exception": "PatchSet should only have 1 Patch, but it has 0",
    "dd_fail": true
  },
  {
    "project": "beartype/beartype",
    "commit": "e65626c331d287cd91dac84f6e4bd097024bcc8f",
    "filename": "beartype_test/unit/a00_util/cache/pool/test_utilcachepoolobjecttyped.py",
    "min_patch_found": false,
    "full_warning_msg": "beartype_test/unit/a00_util/cache/pool/test_utilcachepoolobjecttyped.py:119:29 Incompatible parameter type [6]: Expected `typing.Type[typing.Any]` for 1st positional only parameter to call `acquire_object_typed` but got `int`.",
    "exception": "PatchSet should only have 1 Patch, but it has 0",
    "dd_fail": true
  },
  {
    "project": "beartype/beartype",
    "commit": "e65626c331d287cd91dac84f6e4bd097024bcc8f",
    "filename": "beartype_test/unit/a00_util/hint/a00_pep/test_utilhintpeperror.py",
    "min_patch_found": false,
    "full_warning_msg": "beartype_test/unit/a00_util/hint/a00_pep/test_utilhintpeperror.py:47:25 Invalid type [31]: Expression `42` is not a valid type.",
    "exception": "PatchSet should only have 1 Patch, but it has 0",
    "dd_fail": true
  },
  {
    "project": "beartype/beartype",
    "commit": "e65626c331d287cd91dac84f6e4bd097024bcc8f",
    "filename": "beartype_test/unit/a00_util/py/test_utilpymodule.py",
    "filename_after_commit": "/home/chowyi/TypeAnnotation_Study/GitHub/beartype-beartype/beartype_test/a00_unit/a00_util/py/test_utilpymodule.py",
    "file_hunks_size": 3,
    "min_patch_found": false,
    "single_hunk": false,
    "fit_TFix": false,
    "delete_only_patch": false,
    "has_suppression_all_hunks": false,
    "full_warning_msg": "beartype_test/unit/a00_util/py/test_utilpymodule.py:53:12 Incompatible parameter type [6]: Expected `str` for 1st positional only parameter to call `import_module_attr` but got `bytes`.",
    "message": " Expected `str` for 1st positional only parameter to call `import_module_attr` but got `bytes`.",
    "rule_id": "Incompatible parameter type [6]",
    "warning_line_no": 53,
    "warning_line": "            b'In far countries little men have closely studied your longing '"
  },
  {
    "project": "beartype/beartype",
    "commit": "e65626c331d287cd91dac84f6e4bd097024bcc8f",
    "filename": "beartype_test/unit/a10_pep/test_pep484.py",
    "filename_after_commit": "/home/chowyi/TypeAnnotation_Study/GitHub/beartype-beartype/beartype_test/a00_unit/a10_pep/test_pep484.py",
    "file_hunks_size": 2,
    "min_patch_found": false,
    "single_hunk": false,
    "fit_TFix": false,
    "delete_only_patch": false,
    "has_suppression_all_hunks": false,
    "full_warning_msg": "beartype_test/unit/a10_pep/test_pep484.py:48:8 Incompatible return type [7]: Expected `str` but got `Union[int, str]`.",
    "message": " Expected `str` but got `Union[int, str]`.",
    "rule_id": "Incompatible return type [7]",
    "warning_line_no": 48,
    "warning_line": "        return and_shadows_numberless"
  },
  {
    "project": "beartype/beartype",
    "commit": "e65626c331d287cd91dac84f6e4bd097024bcc8f",
    "filename": "beartype_test/unit/a10_pep/test_pep484.py",
    "filename_after_commit": "/home/chowyi/TypeAnnotation_Study/GitHub/beartype-beartype/beartype_test/a00_unit/a10_pep/test_pep484.py",
    "file_hunks_size": 2,
    "min_patch_found": false,
    "single_hunk": false,
    "fit_TFix": false,
    "delete_only_patch": false,
    "has_suppression_all_hunks": false,
    "full_warning_msg": "beartype_test/unit/a10_pep/test_pep484.py:93:8 Incompatible return type [7]: Expected `NoReturn` but got `str`.",
    "message": " Expected `NoReturn` but got `str`.",
    "rule_id": "Incompatible return type [7]",
    "warning_line_no": 93,
    "warning_line": "        return 'That sends the frozen-ground-swell under it,'"
  },
  {
    "project": "beartype/beartype",
    "commit": "e65626c331d287cd91dac84f6e4bd097024bcc8f",
    "filename": "beartype_test/unit/a10_pep/test_pep484.py",
    "filename_after_commit": "/home/chowyi/TypeAnnotation_Study/GitHub/beartype-beartype/beartype_test/a00_unit/a10_pep/test_pep484.py",
    "file_hunks_size": 2,
    "min_patch_found": false,
    "single_hunk": false,
    "fit_TFix": false,
    "delete_only_patch": false,
    "has_suppression_all_hunks": false,
    "full_warning_msg": "beartype_test/unit/a10_pep/test_pep484.py:149:8 Incompatible return type [7]: Expected `str` but got `Union[int, str]`.",
    "message": " Expected `str` but got `Union[int, str]`.",
    "rule_id": "Incompatible return type [7]",
    "warning_line_no": 149,
    "warning_line": "        return prince_of_the_apple_towns"
  },
  {
    "project": "beartype/beartype",
    "commit": "e65626c331d287cd91dac84f6e4bd097024bcc8f",
    "filename": "beartype_test/unit/a10_pep/test_pep484.py",
    "filename_after_commit": "/home/chowyi/TypeAnnotation_Study/GitHub/beartype-beartype/beartype_test/a00_unit/a10_pep/test_pep484.py",
    "file_hunks_size": 2,
    "min_patch_found": false,
    "single_hunk": false,
    "fit_TFix": false,
    "delete_only_patch": false,
    "has_suppression_all_hunks": false,
    "full_warning_msg": "beartype_test/unit/a10_pep/test_pep484.py:158:8 Incompatible return type [7]: Expected `str` but got `int`.",
    "message": " Expected `str` but got `int`.",
    "rule_id": "Incompatible return type [7]",
    "warning_line_no": 158,
    "warning_line": "        return famous_among_the_barns + first_spinning_place"
  },
  {
    "project": "beartype/beartype",
    "commit": "e65626c331d287cd91dac84f6e4bd097024bcc8f",
    "filename": "beartype_test/unit/a10_pep/test_pep484.py",
    "filename_after_commit": "/home/chowyi/TypeAnnotation_Study/GitHub/beartype-beartype/beartype_test/a00_unit/a10_pep/test_pep484.py",
    "file_hunks_size": 2,
    "min_patch_found": false,
    "single_hunk": false,
    "fit_TFix": false,
    "delete_only_patch": false,
    "has_suppression_all_hunks": false,
    "full_warning_msg": "beartype_test/unit/a10_pep/test_pep484.py:158:40 Incompatible parameter type [6]: Expected `int` for 1st positional only parameter to call `int.__add__` but got `str`.",
    "message": " Expected `int` for 1st positional only parameter to call `int.__add__` but got `str`.",
    "rule_id": "Incompatible parameter type [6]",
    "warning_line_no": 158,
    "warning_line": "        return famous_among_the_barns + first_spinning_place"
  },
  {
    "project": "beartype/beartype",
    "commit": "e65626c331d287cd91dac84f6e4bd097024bcc8f",
    "filename": "beartype_test/unit/a20_api/test_api_cave.py",
    "min_patch_found": false,
    "full_warning_msg": "beartype_test/unit/a20_api/test_api_cave.py:363:12 Incompatible parameter type [6]: Expected `types.MethodType` for 1st positional only parameter to call `weakref.WeakMethod.__new__` but got `BoundMethod[typing.Callable(_WeHaveFedOurSeaForAThousandYears.and_she_calls_us_still_unfed)[[Named(self, _WeHaveFedOurSeaForAThousandYears)], typing.Any], _WeHaveFedOurSeaForAThousandYears]`.",
    "exception": "PatchSet should only have 1 Patch, but it has 0",
    "dd_fail": true
  },
  {
    "project": "beartype/beartype",
    "commit": "e65626c331d287cd91dac84f6e4bd097024bcc8f",
    "filename": "beartype_test/unit/a20_api/test_api_cave.py",
    "min_patch_found": false,
    "full_warning_msg": "beartype_test/unit/a20_api/test_api_cave.py:522:26 Incompatible parameter type [6]: Expected `typing.Tuple[typing.Any, ...]` for 1st positional only parameter to call `_assert_tuple_objects` but got `cave._UnavailableTypesTuple`.",
    "exception": "PatchSet should only have 1 Patch, but it has 0",
    "dd_fail": true
  },
  {
    "project": "beartype/beartype",
    "commit": "e65626c331d287cd91dac84f6e4bd097024bcc8f",
    "filename": "beartype_test/unit/data/data_pep563.py",
    "min_patch_found": false,
    "full_warning_msg": "beartype_test/unit/data/data_pep563.py:116:38 Incompatible parameter type [6]: Expected `typing_extensions.Literal[0]` for 1st positional only parameter to call `tuple.__getitem__` but got `numbers.Integral`.",
    "exception": "PatchSet should only have 1 Patch, but it has 0",
    "dd_fail": true
  },
  {
    "project": "beartype/beartype",
    "commit": "e65626c331d287cd91dac84f6e4bd097024bcc8f",
    "filename": "beartype_test/unit/data/hint/pep/proposal/_data_hintpep585.py",
    "filename_after_commit": "/home/chowyi/TypeAnnotation_Study/GitHub/beartype-beartype/beartype_test/a00_unit/data/hint/pep/proposal/_data_hintpep585.py",
    "file_hunks_size": 1,
    "min_patch_found": false,
    "single_hunk": false,
    "fit_TFix": false,
    "delete_only_patch": false,
    "has_suppression_all_hunks": false,
    "full_warning_msg": "beartype_test/unit/data/hint/pep/proposal/_data_hintpep585.py:94:8 Incompatible return type [7]: Expected `typing.ContextManager[object]` but got `typing.Generator[object, None, None]`.",
    "message": " Expected `typing.ContextManager[object]` but got `typing.Generator[object, None, None]`.",
    "rule_id": "Incompatible return type [7]",
    "warning_line_no": 94,
    "warning_line": "        yield obj"
  },
  {
    "project": "beartype/beartype",
    "commit": "e65626c331d287cd91dac84f6e4bd097024bcc8f",
    "filename": "beartype_test/unit/data/hint/pep/proposal/_data_hintpep585.py",
    "filename_after_commit": "/home/chowyi/TypeAnnotation_Study/GitHub/beartype-beartype/beartype_test/a00_unit/data/hint/pep/proposal/_data_hintpep585.py",
    "file_hunks_size": 1,
    "min_patch_found": false,
    "single_hunk": false,
    "fit_TFix": false,
    "delete_only_patch": false,
    "has_suppression_all_hunks": false,
    "full_warning_msg": "beartype_test/unit/data/hint/pep/proposal/_data_hintpep585.py:118:30 Incompatible parameter type [6]: Expected `typing.SupportsRound[typing.Any]` for 1st positional only parameter to call `round` but got `typing.Generator[typing.Optional[int], None, None]`.",
    "message": " Expected `typing.SupportsRound[typing.Any]` for 1st positional only parameter to call `round` but got `typing.Generator[typing.Optional[int], None, None]`.",
    "rule_id": "Incompatible parameter type [6]",
    "warning_line_no": 118,
    "warning_line": "            res = yield round(res)"
  },
  {
    "project": "beartype/beartype",
    "commit": "e65626c331d287cd91dac84f6e4bd097024bcc8f",
    "filename": "beartype_test/unit/data/hint/pep/proposal/_data_hintpep585.py",
    "filename_after_commit": "/home/chowyi/TypeAnnotation_Study/GitHub/beartype-beartype/beartype_test/a00_unit/data/hint/pep/proposal/_data_hintpep585.py",
    "file_hunks_size": 1,
    "min_patch_found": false,
    "single_hunk": false,
    "fit_TFix": false,
    "delete_only_patch": false,
    "has_suppression_all_hunks": false,
    "full_warning_msg": "beartype_test/unit/data/hint/pep/proposal/_data_hintpep585.py:121:8 Incompatible return type [7]: Expected `typing.Generator[int, float, str]` but got `str`.",
    "message": " Expected `typing.Generator[int, float, str]` but got `str`.",
    "rule_id": "Incompatible return type [7]",
    "warning_line_no": 121,
    "warning_line": "        return 'Unmarred, scarred revanent remnants'"
  },
  {
    "project": "beartype/beartype",
    "commit": "e65626c331d287cd91dac84f6e4bd097024bcc8f",
    "filename": "beartype_test/unit/data/hint/pep/proposal/data_hintpep484.py",
    "filename_after_commit": "/home/chowyi/TypeAnnotation_Study/GitHub/beartype-beartype/beartype_test/a00_unit/data/hint/pep/proposal/data_hintpep484.py",
    "file_hunks_size": 3,
    "min_patch_found": false,
    "single_hunk": false,
    "fit_TFix": false,
    "delete_only_patch": false,
    "has_suppression_all_hunks": false,
    "full_warning_msg": "beartype_test/unit/data/hint/pep/proposal/data_hintpep484.py:140:4 Inconsistent override [14]: `beartype_test.unit.data.hint.pep.proposal.data_hintpep484.Pep484GenericUntypevaredMultiple.__contains__` overrides method defined in `Sequence` inconsistently. Could not find parameter `x` in overriding signature.",
    "message": " `beartype_test.unit.data.hint.pep.proposal.data_hintpep484.Pep484GenericUntypevaredMultiple.__contains__` overrides method defined in `Sequence` inconsistently. Could not find parameter `x` in overriding signature.",
    "rule_id": "Inconsistent override [14]",
    "warning_line_no": 140,
    "warning_line": "    def __contains__(self, obj: object) -> bool:"
  },
  {
    "project": "beartype/beartype",
    "commit": "e65626c331d287cd91dac84f6e4bd097024bcc8f",
    "filename": "beartype_test/unit/data/hint/pep/proposal/data_hintpep484.py",
    "filename_after_commit": "/home/chowyi/TypeAnnotation_Study/GitHub/beartype-beartype/beartype_test/a00_unit/data/hint/pep/proposal/data_hintpep484.py",
    "file_hunks_size": 3,
    "min_patch_found": false,
    "single_hunk": false,
    "fit_TFix": false,
    "delete_only_patch": false,
    "has_suppression_all_hunks": false,
    "full_warning_msg": "beartype_test/unit/data/hint/pep/proposal/data_hintpep484.py:143:4 Inconsistent override [15]: `beartype_test.unit.data.hint.pep.proposal.data_hintpep484.Pep484GenericUntypevaredMultiple.__enter__` overrides method defined in `ContextManager` inconsistently. Returned type `object` is not a subtype of the overridden return `str`.",
    "message": " `beartype_test.unit.data.hint.pep.proposal.data_hintpep484.Pep484GenericUntypevaredMultiple.__enter__` overrides method defined in `ContextManager` inconsistently. Returned type `object` is not a subtype of the overridden return `str`.",
    "rule_id": "Inconsistent override [15]",
    "warning_line_no": 143,
    "warning_line": "    def __enter__(self) -> object:"
  },
  {
    "project": "beartype/beartype",
    "commit": "e65626c331d287cd91dac84f6e4bd097024bcc8f",
    "filename": "beartype_test/unit/data/hint/pep/proposal/data_hintpep484.py",
    "filename_after_commit": "/home/chowyi/TypeAnnotation_Study/GitHub/beartype-beartype/beartype_test/a00_unit/data/hint/pep/proposal/data_hintpep484.py",
    "file_hunks_size": 3,
    "min_patch_found": false,
    "single_hunk": false,
    "fit_TFix": false,
    "delete_only_patch": false,
    "has_suppression_all_hunks": false,
    "full_warning_msg": "beartype_test/unit/data/hint/pep/proposal/data_hintpep484.py:152:4 Inconsistent override [15]: `beartype_test.unit.data.hint.pep.proposal.data_hintpep484.Pep484GenericUntypevaredMultiple.__iter__` overrides method defined in `Sequence` inconsistently. Returned type `bool` is not a subtype of the overridden return `typing.Iterator[str]`.",
    "message": " `beartype_test.unit.data.hint.pep.proposal.data_hintpep484.Pep484GenericUntypevaredMultiple.__iter__` overrides method defined in `Sequence` inconsistently. Returned type `bool` is not a subtype of the overridden return `typing.Iterator[str]`.",
    "rule_id": "Inconsistent override [15]",
    "warning_line_no": 152,
    "warning_line": "    def __iter__(self) -> bool:"
  },
  {
    "project": "beartype/beartype",
    "commit": "e65626c331d287cd91dac84f6e4bd097024bcc8f",
    "filename": "beartype_test/unit/data/hint/pep/proposal/data_hintpep484.py",
    "filename_after_commit": "/home/chowyi/TypeAnnotation_Study/GitHub/beartype-beartype/beartype_test/a00_unit/data/hint/pep/proposal/data_hintpep484.py",
    "file_hunks_size": 3,
    "min_patch_found": false,
    "single_hunk": false,
    "fit_TFix": false,
    "delete_only_patch": false,
    "has_suppression_all_hunks": false,
    "full_warning_msg": "beartype_test/unit/data/hint/pep/proposal/data_hintpep484.py:153:8 Incompatible return type [7]: Expected `bool` but got `typing.Iterator[typing.Any]`.",
    "message": " Expected `bool` but got `typing.Iterator[typing.Any]`.",
    "rule_id": "Incompatible return type [7]",
    "warning_line_no": 153,
    "warning_line": "        return iter(self._sequence)"
  },
  {
    "project": "beartype/beartype",
    "commit": "e65626c331d287cd91dac84f6e4bd097024bcc8f",
    "filename": "beartype_test/unit/data/hint/pep/proposal/data_hintpep484.py",
    "filename_after_commit": "/home/chowyi/TypeAnnotation_Study/GitHub/beartype-beartype/beartype_test/a00_unit/data/hint/pep/proposal/data_hintpep484.py",
    "file_hunks_size": 3,
    "min_patch_found": false,
    "single_hunk": false,
    "fit_TFix": false,
    "delete_only_patch": false,
    "has_suppression_all_hunks": false,
    "full_warning_msg": "beartype_test/unit/data/hint/pep/proposal/data_hintpep484.py:156:8 Incompatible return type [7]: Expected `bool` but got `int`.",
    "message": " Expected `bool` but got `int`.",
    "rule_id": "Incompatible return type [7]",
    "warning_line_no": 156,
    "warning_line": "        return len(self._sequence)"
  },
  {
    "project": "beartype/beartype",
    "commit": "e65626c331d287cd91dac84f6e4bd097024bcc8f",
    "filename": "beartype_test/unit/data/hint/pep/proposal/data_hintpep484.py",
    "filename_after_commit": "/home/chowyi/TypeAnnotation_Study/GitHub/beartype-beartype/beartype_test/a00_unit/data/hint/pep/proposal/data_hintpep484.py",
    "file_hunks_size": 3,
    "min_patch_found": false,
    "single_hunk": false,
    "fit_TFix": false,
    "delete_only_patch": false,
    "has_suppression_all_hunks": false,
    "full_warning_msg": "beartype_test/unit/data/hint/pep/proposal/data_hintpep484.py:158:4 Inconsistent override [15]: `beartype_test.unit.data.hint.pep.proposal.data_hintpep484.Pep484GenericUntypevaredMultiple.__reversed__` overrides method defined in `Sequence` inconsistently. Returned type `object` is not a subtype of the overridden return `typing.Iterator[str]`.",
    "message": " `beartype_test.unit.data.hint.pep.proposal.data_hintpep484.Pep484GenericUntypevaredMultiple.__reversed__` overrides method defined in `Sequence` inconsistently. Returned type `object` is not a subtype of the overridden return `typing.Iterator[str]`.",
    "rule_id": "Inconsistent override [15]",
    "warning_line_no": 158,
    "warning_line": "    def __reversed__(self) -> object:"
  },
  {
    "project": "beartype/beartype",
    "commit": "e65626c331d287cd91dac84f6e4bd097024bcc8f",
    "filename": "beartype_test/unit/data/hint/pep/proposal/data_hintpep484.py",
    "filename_after_commit": "/home/chowyi/TypeAnnotation_Study/GitHub/beartype-beartype/beartype_test/a00_unit/data/hint/pep/proposal/data_hintpep484.py",
    "file_hunks_size": 3,
    "min_patch_found": false,
    "single_hunk": false,
    "fit_TFix": false,
    "delete_only_patch": false,
    "has_suppression_all_hunks": false,
    "full_warning_msg": "beartype_test/unit/data/hint/pep/proposal/data_hintpep484.py:185:4 Inconsistent override [15]: `beartype_test.unit.data.hint.pep.proposal.data_hintpep484.Pep484GenericTypevaredShallowMultiple.__iter__` overrides method defined in `Iterable` inconsistently. Returned type `bool` is not a subtype of the overridden return `typing.Iterator[typing.Any]`.",
    "message": " `beartype_test.unit.data.hint.pep.proposal.data_hintpep484.Pep484GenericTypevaredShallowMultiple.__iter__` overrides method defined in `Iterable` inconsistently. Returned type `bool` is not a subtype of the overridden return `typing.Iterator[typing.Any]`.",
    "rule_id": "Inconsistent override [15]",
    "warning_line_no": 185,
    "warning_line": "    def __iter__(self) -> bool:"
  },
  {
    "project": "beartype/beartype",
    "commit": "e65626c331d287cd91dac84f6e4bd097024bcc8f",
    "filename": "beartype_test/unit/data/hint/pep/proposal/data_hintpep484.py",
    "filename_after_commit": "/home/chowyi/TypeAnnotation_Study/GitHub/beartype-beartype/beartype_test/a00_unit/data/hint/pep/proposal/data_hintpep484.py",
    "file_hunks_size": 3,
    "min_patch_found": false,
    "single_hunk": false,
    "fit_TFix": false,
    "delete_only_patch": false,
    "has_suppression_all_hunks": false,
    "full_warning_msg": "beartype_test/unit/data/hint/pep/proposal/data_hintpep484.py:186:8 Incompatible return type [7]: Expected `bool` but got `typing.Iterator[typing.Any]`.",
    "message": " Expected `bool` but got `typing.Iterator[typing.Any]`.",
    "rule_id": "Incompatible return type [7]",
    "warning_line_no": 186,
    "warning_line": "        return iter(self._iterable)"
  },
  {
    "project": "beartype/beartype",
    "commit": "e65626c331d287cd91dac84f6e4bd097024bcc8f",
    "filename": "beartype_test/unit/data/hint/pep/proposal/data_hintpep484.py",
    "filename_after_commit": "/home/chowyi/TypeAnnotation_Study/GitHub/beartype-beartype/beartype_test/a00_unit/data/hint/pep/proposal/data_hintpep484.py",
    "file_hunks_size": 3,
    "min_patch_found": false,
    "single_hunk": false,
    "fit_TFix": false,
    "delete_only_patch": false,
    "has_suppression_all_hunks": false,
    "full_warning_msg": "beartype_test/unit/data/hint/pep/proposal/data_hintpep484.py:214:4 Inconsistent override [15]: `beartype_test.unit.data.hint.pep.proposal.data_hintpep484.Pep484GenericTypevaredDeepMultiple.__iter__` overrides method defined in `Iterable` inconsistently. Returned type `bool` is not a subtype of the overridden return `typing.Iterator[Tuple[typing.Any, typing.Any]]`.",
    "message": " `beartype_test.unit.data.hint.pep.proposal.data_hintpep484.Pep484GenericTypevaredDeepMultiple.__iter__` overrides method defined in `Iterable` inconsistently. Returned type `bool` is not a subtype of the overridden return `typing.Iterator[Tuple[typing.Any, typing.Any]]`.",
    "rule_id": "Inconsistent override [15]",
    "warning_line_no": 214,
    "warning_line": "    def __iter__(self) -> bool:"
  },
  {
    "project": "beartype/beartype",
    "commit": "e65626c331d287cd91dac84f6e4bd097024bcc8f",
    "filename": "beartype_test/unit/data/hint/pep/proposal/data_hintpep484.py",
    "filename_after_commit": "/home/chowyi/TypeAnnotation_Study/GitHub/beartype-beartype/beartype_test/a00_unit/data/hint/pep/proposal/data_hintpep484.py",
    "file_hunks_size": 3,
    "min_patch_found": false,
    "single_hunk": false,
    "fit_TFix": false,
    "delete_only_patch": false,
    "has_suppression_all_hunks": false,
    "full_warning_msg": "beartype_test/unit/data/hint/pep/proposal/data_hintpep484.py:215:8 Incompatible return type [7]: Expected `bool` but got `typing.Iterator[typing.Any]`.",
    "message": " Expected `bool` but got `typing.Iterator[typing.Any]`.",
    "rule_id": "Incompatible return type [7]",
    "warning_line_no": 215,
    "warning_line": "        return iter(self._iterable)"
  },
  {
    "project": "beartype/beartype",
    "commit": "e65626c331d287cd91dac84f6e4bd097024bcc8f",
    "filename": "beartype_test/unit/data/hint/pep/proposal/data_hintpep484.py",
    "filename_after_commit": "/home/chowyi/TypeAnnotation_Study/GitHub/beartype-beartype/beartype_test/a00_unit/data/hint/pep/proposal/data_hintpep484.py",
    "file_hunks_size": 3,
    "min_patch_found": false,
    "single_hunk": false,
    "fit_TFix": false,
    "delete_only_patch": false,
    "has_suppression_all_hunks": false,
    "full_warning_msg": "beartype_test/unit/data/hint/pep/proposal/data_hintpep484.py:218:8 Incompatible return type [7]: Expected `bool` but got `int`.",
    "message": " Expected `bool` but got `int`.",
    "rule_id": "Incompatible return type [7]",
    "warning_line_no": 218,
    "warning_line": "        return len(self._iterable)"
  },
  {
    "project": "beartype/beartype",
    "commit": "e65626c331d287cd91dac84f6e4bd097024bcc8f",
    "filename": "beartype_test/unit/data/hint/pep/proposal/data_hintpep484.py",
    "filename_after_commit": "/home/chowyi/TypeAnnotation_Study/GitHub/beartype-beartype/beartype_test/a00_unit/data/hint/pep/proposal/data_hintpep484.py",
    "file_hunks_size": 3,
    "min_patch_found": false,
    "single_hunk": false,
    "fit_TFix": false,
    "delete_only_patch": false,
    "has_suppression_all_hunks": false,
    "full_warning_msg": "beartype_test/unit/data/hint/pep/proposal/data_hintpep484.py:227:4 Incompatible return type [7]: Expected `ContextManager[object]` but got `Generator[object, None, None]`.",
    "message": " Expected `ContextManager[object]` but got `Generator[object, None, None]`.",
    "rule_id": "Incompatible return type [7]",
    "warning_line_no": 227,
    "warning_line": "    yield obj"
  },
  {
    "project": "beartype/beartype",
    "commit": "e65626c331d287cd91dac84f6e4bd097024bcc8f",
    "filename": "beartype_test/unit/data/hint/pep/proposal/data_hintpep484.py",
    "filename_after_commit": "/home/chowyi/TypeAnnotation_Study/GitHub/beartype-beartype/beartype_test/a00_unit/data/hint/pep/proposal/data_hintpep484.py",
    "file_hunks_size": 3,
    "min_patch_found": false,
    "single_hunk": false,
    "fit_TFix": false,
    "delete_only_patch": false,
    "has_suppression_all_hunks": false,
    "full_warning_msg": "beartype_test/unit/data/hint/pep/proposal/data_hintpep484.py:250:26 Incompatible parameter type [6]: Expected `typing.SupportsRound[typing.Any]` for 1st positional only parameter to call `round` but got `Generator[Optional[int], None, None]`.",
    "message": " Expected `typing.SupportsRound[typing.Any]` for 1st positional only parameter to call `round` but got `Generator[Optional[int], None, None]`.",
    "rule_id": "Incompatible parameter type [6]",
    "warning_line_no": 250,
    "warning_line": "        res = yield round(res)"
  },
  {
    "project": "beartype/beartype",
    "commit": "e65626c331d287cd91dac84f6e4bd097024bcc8f",
    "filename": "beartype_test/unit/data/hint/pep/proposal/data_hintpep484.py",
    "filename_after_commit": "/home/chowyi/TypeAnnotation_Study/GitHub/beartype-beartype/beartype_test/a00_unit/data/hint/pep/proposal/data_hintpep484.py",
    "file_hunks_size": 3,
    "min_patch_found": false,
    "single_hunk": false,
    "fit_TFix": false,
    "delete_only_patch": false,
    "has_suppression_all_hunks": false,
    "full_warning_msg": "beartype_test/unit/data/hint/pep/proposal/data_hintpep484.py:253:4 Incompatible return type [7]: Expected `Generator[int, float, str]` but got `str`.",
    "message": " Expected `Generator[int, float, str]` but got `str`.",
    "rule_id": "Incompatible return type [7]",
    "warning_line_no": 253,
    "warning_line": "    return 'Unmarred, scarred revanent remnants'"
  },
  {
    "project": "beartype/beartype",
    "commit": "e65626c331d287cd91dac84f6e4bd097024bcc8f",
    "filename": "beartype_test/unit/data/hint/pep/proposal/data_hintpep484.py",
    "filename_after_commit": "/home/chowyi/TypeAnnotation_Study/GitHub/beartype-beartype/beartype_test/a00_unit/data/hint/pep/proposal/data_hintpep484.py",
    "file_hunks_size": 3,
    "min_patch_found": false,
    "single_hunk": false,
    "fit_TFix": false,
    "delete_only_patch": false,
    "has_suppression_all_hunks": false,
    "full_warning_msg": "beartype_test/unit/data/hint/pep/proposal/data_hintpep484.py:288:33 Incompatible parameter type [6]: Expected `Type[Variable[typing._T]]` for 2nd positional only parameter to call `NewType` but got `object`.",
    "message": " Expected `Type[Variable[typing._T]]` for 2nd positional only parameter to call `NewType` but got `object`.",
    "rule_id": "Incompatible parameter type [6]",
    "warning_line_no": 288,
    "warning_line": "        NewType('TotallyNotAny', Any),"
  },
  {
    "project": "beartype/beartype",
    "commit": "e65626c331d287cd91dac84f6e4bd097024bcc8f",
    "filename": "beartype_test/unit/decor/code/test_codemain.py",
    "filename_after_commit": "/home/chowyi/TypeAnnotation_Study/GitHub/beartype-beartype/beartype_test/a00_unit/decor/code/test_codemain.py",
    "file_hunks_size": 2,
    "min_patch_found": false,
    "single_hunk": false,
    "fit_TFix": false,
    "delete_only_patch": false,
    "has_suppression_all_hunks": false,
    "full_warning_msg": "beartype_test/unit/decor/code/test_codemain.py:126:20 Call error [29]: `object` is not a function.",
    "message": " `object` is not a function.",
    "rule_id": "Call error [29]",
    "warning_line_no": 126,
    "warning_line": "                    pith_satisfied_meta.pith()"
  },
  {
    "project": "beartype/beartype",
    "commit": "e65626c331d287cd91dac84f6e4bd097024bcc8f",
    "filename": "beartype_test/unit/decor/code/test_codenonpep.py",
    "min_patch_found": false,
    "full_warning_msg": "beartype_test/unit/decor/code/test_codenonpep.py:114:47 Invalid type [31]: Expression `(str, int)` is not a valid type.",
    "exception": "PatchSet should only have 1 Patch, but it has 0",
    "dd_fail": true
  },
  {
    "project": "beartype/beartype",
    "commit": "e65626c331d287cd91dac84f6e4bd097024bcc8f",
    "filename": "beartype_test/unit/decor/code/test_codenonpep.py",
    "min_patch_found": false,
    "full_warning_msg": "beartype_test/unit/decor/code/test_codenonpep.py:158:35 Invalid type [31]: Expression `(str, int)` is not a valid type.",
    "exception": "PatchSet should only have 1 Patch, but it has 0",
    "dd_fail": true
  },
  {
    "project": "beartype/beartype",
    "commit": "e65626c331d287cd91dac84f6e4bd097024bcc8f",
    "filename": "beartype_test/unit/decor/code/test_codenonpep.py",
    "min_patch_found": false,
    "full_warning_msg": "beartype_test/unit/decor/code/test_codenonpep.py:181:53 Invalid type [31]: Expression `2343432205` is not a valid type.",
    "exception": "PatchSet should only have 1 Patch, but it has 0",
    "dd_fail": true
  },
  {
    "project": "beartype/beartype",
    "commit": "e65626c331d287cd91dac84f6e4bd097024bcc8f",
    "filename": "beartype_test/unit/decor/code/test_codenonpep.py",
    "min_patch_found": false,
    "full_warning_msg": "beartype_test/unit/decor/code/test_codenonpep.py:198:8 Incompatible return type [7]: Expected `str` but got `float`.",
    "exception": "PatchSet should only have 1 Patch, but it has 0",
    "dd_fail": true
  },
  {
    "project": "beartype/beartype",
    "commit": "e65626c331d287cd91dac84f6e4bd097024bcc8f",
    "filename": "beartype_test/unit/decor/code/test_codenonpep.py",
    "min_patch_found": false,
    "full_warning_msg": "beartype_test/unit/decor/code/test_codenonpep.py:220:56 Invalid type [31]: Expression `2976579765` is not a valid type.",
    "exception": "PatchSet should only have 1 Patch, but it has 0",
    "dd_fail": true
  },
  {
    "project": "beartype/beartype",
    "commit": "e65626c331d287cd91dac84f6e4bd097024bcc8f",
    "filename": "beartype_test/unit/decor/code/test_codenoop.py",
    "filename_after_commit": "/home/chowyi/TypeAnnotation_Study/GitHub/beartype-beartype/beartype_test/a00_unit/decor/code/test_codenoop.py",
    "file_hunks_size": 1,
    "min_patch_found": false,
    "single_hunk": false,
    "fit_TFix": false,
    "delete_only_patch": false,
    "has_suppression_all_hunks": false,
    "full_warning_msg": "beartype_test/unit/decor/code/test_codenoop.py:115:15 Unsupported operand [58]: `+` is not supported for operand types `object` and `object`.",
    "message": " `+` is not supported for operand types `object` and `object`.",
    "rule_id": "Unsupported operand [58]",
    "warning_line_no": 115,
    "warning_line": "        return stompa + gargant"
  },
  {
    "project": "beartype/beartype",
    "commit": "e65626c331d287cd91dac84f6e4bd097024bcc8f",
    "filename": "beartype_test/unit/decor/code/test_codenoop.py",
    "filename_after_commit": "/home/chowyi/TypeAnnotation_Study/GitHub/beartype-beartype/beartype_test/a00_unit/decor/code/test_codenoop.py",
    "file_hunks_size": 1,
    "min_patch_found": false,
    "single_hunk": false,
    "fit_TFix": false,
    "delete_only_patch": false,
    "has_suppression_all_hunks": false,
    "full_warning_msg": "beartype_test/unit/decor/code/test_codenoop.py:123:15 Unsupported operand [58]: `+` is not supported for operand types `object` and `typing.Any`.",
    "message": " `+` is not supported for operand types `object` and `typing.Any`.",
    "rule_id": "Unsupported operand [58]",
    "warning_line_no": 123,
    "warning_line": "        return stompa + gargant"
  },
  {
    "project": "beartype/beartype",
    "commit": "e65626c331d287cd91dac84f6e4bd097024bcc8f",
    "filename": "beartype_test/unit/decor/code/test_codepep.py",
    "filename_after_commit": "/home/chowyi/TypeAnnotation_Study/GitHub/beartype-beartype/beartype_test/a00_unit/decor/code/test_codepep.py",
    "file_hunks_size": 1,
    "min_patch_found": false,
    "single_hunk": false,
    "fit_TFix": false,
    "delete_only_patch": false,
    "has_suppression_all_hunks": false,
    "full_warning_msg": "beartype_test/unit/decor/code/test_codepep.py:82:30 Incompatible parameter type [6]: Expected `int` for 1st positional only parameter to call `int.__add__` but got `str`.",
    "message": " Expected `int` for 1st positional only parameter to call `int.__add__` but got `str`.",
    "rule_id": "Incompatible parameter type [6]",
    "warning_line_no": 82,
    "warning_line": "            a_time_obscured + '\\n' +"
  },
  {
    "project": "beartype/beartype",
    "commit": "e65626c331d287cd91dac84f6e4bd097024bcc8f",
    "filename": "beartype_test/unit/decor/code/test_codepep.py",
    "filename_after_commit": "/home/chowyi/TypeAnnotation_Study/GitHub/beartype-beartype/beartype_test/a00_unit/decor/code/test_codepep.py",
    "file_hunks_size": 1,
    "min_patch_found": false,
    "single_hunk": false,
    "fit_TFix": false,
    "delete_only_patch": false,
    "has_suppression_all_hunks": false,
    "full_warning_msg": "beartype_test/unit/decor/code/test_codepep.py:83:22 Incompatible parameter type [6]: Expected `typing.Iterable[str]` for 1st positional only parameter to call `str.join` but got `typing.Tuple[Union[float, str], ...]`.",
    "message": " Expected `typing.Iterable[str]` for 1st positional only parameter to call `str.join` but got `typing.Tuple[Union[float, str], ...]`.",
    "rule_id": "Incompatible parameter type [6]",
    "warning_line_no": 83,
    "warning_line": "            '\\n'.join(all_of_your_nightmares) + '\\n' +"
  },
  {
    "project": "beartype/beartype",
    "commit": "e65626c331d287cd91dac84f6e4bd097024bcc8f",
    "filename": "beartype_test/unit/decor/code/test_codepep.py",
    "filename_after_commit": "/home/chowyi/TypeAnnotation_Study/GitHub/beartype-beartype/beartype_test/a00_unit/decor/code/test_codepep.py",
    "file_hunks_size": 1,
    "min_patch_found": false,
    "single_hunk": false,
    "fit_TFix": false,
    "delete_only_patch": false,
    "has_suppression_all_hunks": false,
    "full_warning_msg": "beartype_test/unit/decor/code/test_codepep.py:127:12 Unsupported operand [58]: `+` is not supported for operand types `Union[typing.Dict[typing.Any, typing.Any], str]` and `str`.",
    "message": " `+` is not supported for operand types `Union[typing.Dict[typing.Any, typing.Any], str]` and `str`.",
    "rule_id": "Unsupported operand [58]",
    "warning_line_no": 127,
    "warning_line": "            turned_away_into_the_shadows + '\\n' +"
  },
  {
    "project": "beartype/beartype",
    "commit": "e65626c331d287cd91dac84f6e4bd097024bcc8f",
    "filename": "beartype_test/unit/decor/code/test_codepep.py",
    "filename_after_commit": "/home/chowyi/TypeAnnotation_Study/GitHub/beartype-beartype/beartype_test/a00_unit/decor/code/test_codepep.py",
    "file_hunks_size": 1,
    "min_patch_found": false,
    "single_hunk": false,
    "fit_TFix": false,
    "delete_only_patch": false,
    "has_suppression_all_hunks": false,
    "full_warning_msg": "beartype_test/unit/decor/code/test_codepep.py:128:22 Incompatible parameter type [6]: Expected `typing.Iterable[str]` for 1st positional only parameter to call `str.join` but got `typing.Tuple[Union[frozenset[typing.Any], str], ...]`.",
    "message": " Expected `typing.Iterable[str]` for 1st positional only parameter to call `str.join` but got `typing.Tuple[Union[frozenset[typing.Any], str], ...]`.",
    "rule_id": "Incompatible parameter type [6]",
    "warning_line_no": 128,
    "warning_line": "            '\\n'.join(all_the_flesh_that_is_eaten) + '\\n' +"
  },
  {
    "project": "beartype/beartype",
    "commit": "e65626c331d287cd91dac84f6e4bd097024bcc8f",
    "filename": "beartype_test/unit/decor/test_typistry.py",
    "filename_after_commit": "/home/chowyi/TypeAnnotation_Study/GitHub/beartype-beartype/beartype_test/a00_unit/decor/test_typistry.py",
    "file_hunks_size": 2,
    "min_patch_found": false,
    "single_hunk": false,
    "fit_TFix": false,
    "delete_only_patch": false,
    "has_suppression_all_hunks": false,
    "full_warning_msg": "beartype_test/unit/decor/test_typistry.py:21:46 Invalid type [31]: Expression `(type, tuple)` is not a valid type.",
    "message": " Expression `(type, tuple)` is not a valid type.",
    "rule_id": "Invalid type [31]",
    "warning_line_no": 21,
    "warning_line": "def _eval_registered_expr(hint_expr: str) -> (type, tuple):"
  },
  {
    "project": "beartype/beartype",
    "commit": "e65626c331d287cd91dac84f6e4bd097024bcc8f",
    "filename": "beartype_test/unit/decor/test_typistry.py",
    "filename_after_commit": "/home/chowyi/TypeAnnotation_Study/GitHub/beartype-beartype/beartype_test/a00_unit/decor/test_typistry.py",
    "file_hunks_size": 2,
    "min_patch_found": false,
    "single_hunk": false,
    "fit_TFix": false,
    "delete_only_patch": false,
    "has_suppression_all_hunks": false,
    "full_warning_msg": "beartype_test/unit/decor/test_typistry.py:269:12 Incompatible parameter type [6]: Expected `str` for 1st positional only parameter to call `beartype._decor._typistry.Beartypistry.__setitem__` but got `typing.Tuple[str]`.",
    "message": " Expected `str` for 1st positional only parameter to call `beartype._decor._typistry.Beartypistry.__setitem__` but got `typing.Tuple[str]`.",
    "rule_id": "Incompatible parameter type [6]",
    "warning_line_no": 269,
    "warning_line": "            'And what rough beast, its hour come round at last,',)] = ("
  }
]