[
  {
    "project": "biolab/orange2",
    "commit": "5e7a614bc985a55d6722ade2e47ac63324583503",
    "filename": "source/orange/devscripts/primes.py",
    "min_patch_found": false,
    "full_warning_msg": "source/orange/devscripts/primes.py:6:9 Unsupported operand [58]: `+` is not supported for operand types `typing.Optional[str]` and `str`.",
    "exception": "[Errno 2] No such file or directory: '/home/chowyi/TypeAnnotation_Study/GitHub/biolab-orange2/source/orange/devscripts/primes.py'",
    "dd_fail": true
  },
  {
    "project": "biolab/orange2",
    "commit": "5e7a614bc985a55d6722ade2e47ac63324583503",
    "filename": "source/orange/devscripts/primes.py",
    "min_patch_found": false,
    "full_warning_msg": "source/orange/devscripts/primes.py:10:9 Unbound name [10]: Name `xrange` is used but not defined in the current scope.",
    "exception": "[Errno 2] No such file or directory: '/home/chowyi/TypeAnnotation_Study/GitHub/biolab-orange2/source/orange/devscripts/primes.py'",
    "dd_fail": true
  },
  {
    "project": "biolab/orange2",
    "commit": "5e7a614bc985a55d6722ade2e47ac63324583503",
    "filename": "source/orange/devscripts/primes.py",
    "min_patch_found": false,
    "full_warning_msg": "source/orange/devscripts/primes.py:16:7 Unbound name [10]: Name `file` is used but not defined in the current scope.",
    "exception": "[Errno 2] No such file or directory: '/home/chowyi/TypeAnnotation_Study/GitHub/biolab-orange2/source/orange/devscripts/primes.py'",
    "dd_fail": true
  }
]