[
  {
    "project": "allenai/allennlp",
    "commit": "ca453c8b1186b4f346e70428c889a139ca21f794",
    "filename": "allennlp/training/callback_trainer.py",
    "filename_after_commit": "/home/chowyi/TypeAnnotation_Study/GitHub/allenai-allennlp/allennlp/training/callback_trainer.py",
    "file_hunks_size": 18,
    "min_patch_found": false,
    "single_hunk": false,
    "fit_TFix": false,
    "delete_only_patch": false,
    "has_suppression_all_hunks": false,
    "full_warning_msg": "allennlp/training/callback_trainer.py:173:26 Call error [29]: `Model` is not a function.",
    "message": " `Model` is not a function.",
    "rule_id": "Call error [29]",
    "warning_line_no": 173,
    "warning_line": "            output_dict = self.model(**batch)"
  },
  {
    "project": "allenai/allennlp",
    "commit": "ca453c8b1186b4f346e70428c889a139ca21f794",
    "filename": "allennlp/training/trainer.py",
    "filename_after_commit": "/home/chowyi/TypeAnnotation_Study/GitHub/allenai-allennlp/allennlp/training/trainer.py",
    "file_hunks_size": 32,
    "min_patch_found": false,
    "single_hunk": false,
    "fit_TFix": false,
    "delete_only_patch": false,
    "has_suppression_all_hunks": false,
    "full_warning_msg": "allennlp/training/trainer.py:271:26 Call error [29]: `Model` is not a function.",
    "message": " `Model` is not a function.",
    "rule_id": "Call error [29]",
    "warning_line_no": 271,
    "warning_line": "            output_dict = self.model(**batch)"
  }
]