[
  {
    "project": "argoai/argoverse-api",
    "commit": "f6902244c4c05d6744c8fe3dabd2d9cfebcb8400",
    "filename": "tests/test_bfs.py",
    "filename_after_commit": "/home/chowyi/TypeAnnotation_Study/GitHub/argoai-argoverse-api/tests/test_bfs.py",
    "file_hunks_size": 3,
    "min_patch_found": false,
    "single_hunk": false,
    "fit_TFix": false,
    "delete_only_patch": false,
    "has_suppression_all_hunks": false,
    "full_warning_msg": "tests/test_bfs.py:61:25 Incompatible parameter type [6]: Expected `MutableSequence[MutableSequence[str]]` for 1st positional only parameter to call `compare_paths` but got `typing.List[typing.List[str]]`.",
    "message": " Expected `MutableSequence[MutableSequence[str]]` for 1st positional only parameter to call `compare_paths` but got `typing.List[typing.List[str]]`.",
    "rule_id": "Incompatible parameter type [6]",
    "warning_line_no": 61,
    "warning_line": "    assert compare_paths(paths_ref_depth3, paths)"
  },
  {
    "project": "argoai/argoverse-api",
    "commit": "f6902244c4c05d6744c8fe3dabd2d9cfebcb8400",
    "filename": "tests/test_bfs.py",
    "filename_after_commit": "/home/chowyi/TypeAnnotation_Study/GitHub/argoai-argoverse-api/tests/test_bfs.py",
    "file_hunks_size": 3,
    "min_patch_found": false,
    "single_hunk": false,
    "fit_TFix": false,
    "delete_only_patch": false,
    "has_suppression_all_hunks": false,
    "full_warning_msg": "tests/test_bfs.py:61:43 Incompatible parameter type [6]: Expected `MutableSequence[MutableSequence[str]]` for 2nd positional only parameter to call `compare_paths` but got `Sequence[Sequence[str]]`.",
    "message": " Expected `MutableSequence[MutableSequence[str]]` for 2nd positional only parameter to call `compare_paths` but got `Sequence[Sequence[str]]`.",
    "rule_id": "Incompatible parameter type [6]",
    "warning_line_no": 61,
    "warning_line": "    assert compare_paths(paths_ref_depth3, paths)"
  },
  {
    "project": "argoai/argoverse-api",
    "commit": "f6902244c4c05d6744c8fe3dabd2d9cfebcb8400",
    "filename": "tests/test_bfs.py",
    "filename_after_commit": "/home/chowyi/TypeAnnotation_Study/GitHub/argoai-argoverse-api/tests/test_bfs.py",
    "file_hunks_size": 3,
    "min_patch_found": false,
    "single_hunk": false,
    "fit_TFix": false,
    "delete_only_patch": false,
    "has_suppression_all_hunks": false,
    "full_warning_msg": "tests/test_bfs.py:69:25 Incompatible parameter type [6]: Expected `MutableSequence[MutableSequence[str]]` for 1st positional only parameter to call `compare_paths` but got `typing.List[typing.List[str]]`.",
    "message": " Expected `MutableSequence[MutableSequence[str]]` for 1st positional only parameter to call `compare_paths` but got `typing.List[typing.List[str]]`.",
    "rule_id": "Incompatible parameter type [6]",
    "warning_line_no": 69,
    "warning_line": "    assert compare_paths(paths_ref_depth2, paths)"
  },
  {
    "project": "argoai/argoverse-api",
    "commit": "f6902244c4c05d6744c8fe3dabd2d9cfebcb8400",
    "filename": "tests/test_bfs.py",
    "filename_after_commit": "/home/chowyi/TypeAnnotation_Study/GitHub/argoai-argoverse-api/tests/test_bfs.py",
    "file_hunks_size": 3,
    "min_patch_found": false,
    "single_hunk": false,
    "fit_TFix": false,
    "delete_only_patch": false,
    "has_suppression_all_hunks": false,
    "full_warning_msg": "tests/test_bfs.py:69:43 Incompatible parameter type [6]: Expected `MutableSequence[MutableSequence[str]]` for 2nd positional only parameter to call `compare_paths` but got `Sequence[Sequence[str]]`.",
    "message": " Expected `MutableSequence[MutableSequence[str]]` for 2nd positional only parameter to call `compare_paths` but got `Sequence[Sequence[str]]`.",
    "rule_id": "Incompatible parameter type [6]",
    "warning_line_no": 69,
    "warning_line": "    assert compare_paths(paths_ref_depth2, paths)"
  }
]